MSISDN_Number,Total_Sessions,Total_Duration_ms,Total_DL_Bytes,Total_UL_Bytes,Total_Data_Bytes,Avg_Bearer_TP_kbps,Avg_RTT_ms
33610019675.0,1,39362.60326179423,44536565.96488605,23585298.27691054,39362.60326179423,1366.7597979687596,129.806179460311
33610029725.0,4,245405.5360698111,588915074.3568655,47707135.96734465,245405.5360698111,4566.045041048085,85.3598758673738
33610061087.0,2,49906.471454161365,191973333.46231726,48163795.072408184,49906.471454161365,4244.582000778955,93.2135589252715
33610067661.0,2,135606.0764273424,204738917.79886597,42410945.7536393,135606.0764273424,2378.8580392145377,66.9662290164679
33610070640.0,4,250006.11241542484,398113745.0219391,122564219.54185233,250006.11241542484,2444.3597072768443,51.942270701261165
33610077175.0,7,940413.7448767144,1123565719.1075413,191657568.39951193,940413.7448767144,2482.384499116518,76.60066413758395
33610181360.0,5,556403.5044773682,543876459.7406017,112402930.67593123,556403.5044773682,2738.7226126127143,58.35221112650453
33610197775.0,7,679256.3764224114,895244963.6324112,151869382.68314478,679256.3764224114,1610.7826573778823,70.98415245679075
33610224695.0,5,528492.5752705903,542956105.9404144,72867157.13828838,528492.5752705903,1269.8784945489465,55.704020466629814
33610271836.0,5,632100.5451443342,723387796.576871,159112098.79173723,632100.5451443342,2175.1176954604307,88.14847941530975
33610285711.0,7,1130903.9245395192,870275064.3174618,170761936.23237172,1130903.9245395192,1717.5376732753537,62.75255626857899
33610442939.0,2,83147.77783433018,178909393.6821167,49768812.04693662,83147.77783433018,4741.311379842028,35.90946856352807
33610448345.0,2,135410.08301687398,329185361.9734839,31418811.690091185,135410.08301687398,1981.9642600946424,91.64447063499719
33610449395.0,2,96408.60794846952,306405648.59595525,58821324.8860402,96408.60794846952,1553.3747178121248,41.54339781234825
33610460796.0,1,27988.002321194523,256099104.9000148,11568102.130384523,27988.002321194523,3847.933549077039,121.80571188516156
33610529525.0,9,830972.2596661042,1113671315.373931,162148043.46586245,830972.2596661042,2419.1315116695714,43.97959896678302
33610549148.0,4,208234.12007240643,413805906.4073194,96171532.62983128,208234.12007240643,3291.85058015105,100.77940225613219
33610566088.0,3,384907.74825242895,338479474.22906756,60946268.56677125,384907.74825242895,1512.0326539518526,44.33854669481326
33610571650.0,1,203542.9631320454,61200187.23857404,16230024.824296178,203542.9631320454,474.2527318768231,71.85853424621857
33610578526.0,2,207706.289112574,303442938.020947,64417742.60301703,207706.289112574,2112.6546860555736,42.95809810926012
33610605409.0,3,277336.19720403285,371202992.0541451,79503224.24495207,277336.19720403285,1199.7076278326251,67.15753614857273
33610611213.0,7,777059.3173719451,836075235.90978,185548530.5586607,777059.3173719451,2790.9611787909876,58.55109126617329
33610647296.0,2,110750.13644121034,267938159.50335085,44758133.15331865,110750.13644121034,5238.95601113465,39.36800092330733
33610658003.0,3,305278.27808059036,309668826.34872746,89409081.54291204,305278.27808059036,1911.7448644705992,43.9405198568438
33610749971.0,7,602194.9391639777,1008554395.9497789,150105135.85438848,602194.9391639777,2303.5706927006386,64.54383375414132
33610769598.0,3,137844.64872394328,363880493.77457154,80323005.2144922,137844.64872394328,2868.812260419616,52.15580514306695
33610797968.0,4,368750.7319357098,358392610.52350104,67761253.72244988,368750.7319357098,694.7650483204227,85.81686399600578
33610803328.0,2,36330.08712440401,271177190.676708,54081306.70328741,36330.08712440401,1630.4140839860654,136.94276368667522
33610805113.0,2,120407.65806523936,196664905.08108023,38050938.300257966,120407.65806523936,3162.2203426529777,57.386123914953615
33610809178.0,5,322104.8154811604,890254473.0520337,135738792.3018572,322104.8154811604,1139.831966727829,43.34969131101675
33610814422.0,4,340886.85350368323,401065086.1512178,74387687.01991104,340886.85350368323,1114.8112283356918,61.68760561188722
33610909245.0,6,164437.5365551891,894026974.1345774,98229046.26747386,164437.5365551891,2485.446497823819,55.714418984684386
33610953692.0,4,286849.47570223233,350606250.0554668,81790206.36099161,286849.47570223233,2519.77849853987,59.331885315467815
33610953959.0,6,559981.0829618708,730181903.4397004,133903810.3443241,559981.0829618708,2799.0566647403357,66.6458291264215
33610981883.0,1,121753.06438475268,194181783.20040253,34446018.36588818,121753.06438475268,934.5849811531244,64.41293747827164
33610996161.0,6,265484.359001954,736528132.5705428,156014683.46159872,265484.359001954,2703.039590911938,46.02966710965337
33611003171.0,3,526000.7896762848,398648471.86808455,85305628.3946583,526000.7896762848,3558.6612648664286,38.98504237457124
33611020154.0,9,1182171.182990871,873749321.695954,200915803.6561644,1182171.182990871,2461.2806112327576,86.37621983225387
33611043233.0,2,147432.36143079645,363883041.6590172,44672268.20616505,147432.36143079645,1315.467061885034,40.54510732379887
33611074961.0,3,81341.93965840184,403265424.4891993,68537998.31309739,81341.93965840184,3370.9434848821343,26.85008449356666
33611079600.0,3,471457.01884753164,402179034.2742081,71091641.80866775,471457.01884753164,1396.523678696007,34.32314067260787
33611116271.0,3,113368.44645976737,517820332.7605431,71864570.68877476,113368.44645976737,857.611471529258,72.23694886039928
33611132658.0,1,28396.79764897266,102932081.68072756,19335947.87642764,28396.79764897266,3904.640160096044,36.706294578867904
33611135964.0,4,218887.96123356343,400574283.5279713,118486548.7863496,218887.96123356343,1457.233358531179,69.34061844280484
33611164795.0,5,343898.2743865589,593466009.3403001,98280084.21571353,343898.2743865589,1626.1708872493632,76.11083504854079
33611222869.0,5,633823.4672699098,499463254.633371,94702886.00803068,633823.4672699098,1626.480389708813,62.653452222861596
33611228807.0,2,314850.4499597404,207220386.34386796,73318224.64985703,314850.4499597404,3875.1397274840983,38.84593878770855
33611270896.0,4,446608.31114693964,599540857.4308087,145444269.28529847,446608.31114693964,2410.091930340219,78.5533562385311
33611286643.0,6,753778.4371226465,610505382.1677408,107022847.81182109,753778.4371226465,2662.8710390425936,45.90566080339861
33611308507.0,6,474039.91045187885,696627647.5144675,162395649.06186673,474039.91045187885,2667.5983615286145,58.833086659002625
33611369277.0,2,92751.12229873812,316608847.37653595,38485249.798668474,92751.12229873812,807.0121848792085,52.2804082982821
33611406368.0,2,187488.3600478819,103287202.2135553,74622074.02334821,187488.3600478819,2844.6308239823566,48.55234669470745
33611416953.0,6,456263.6290852487,755624757.2668407,162047959.63510507,456263.6290852487,4064.024233779619,79.32766477565241
33611428127.0,3,195374.13092550758,310040484.64692825,65223046.399186835,195374.13092550758,1444.049660793756,75.80486011627154
33611443717.0,5,636123.5622487151,619803760.8093334,99735090.08466566,636123.5622487151,4053.281915124411,57.99060911630791
33611472542.0,3,299556.8284883145,272624587.66911644,46169639.17829594,299556.8284883145,1496.99786548119,96.51168517106832
33611500948.0,3,420657.36520935467,185807271.6007096,33151893.530303016,420657.36520935467,1961.4030831358857,116.23771260707757
33611514542.0,5,330614.04737590055,554677390.3036115,130031135.05785336,330614.04737590055,3754.5323988689634,70.72680896493769
33611524102.0,2,159393.4320930869,254957364.1088282,68999451.51668012,159393.4320930869,1287.3517132653756,57.129304197622545
33611635156.0,2,64906.008997970355,160865047.2583118,78725416.69084418,64906.008997970355,1247.4538921594267,79.22645759916657
33611649729.0,1,266716.34178263147,162178647.36609507,50260124.94679316,266716.34178263147,680.2365481602118,67.31816018596953
33611656671.0,6,328062.29894801445,551060523.9618948,179577878.1670185,328062.29894801445,3531.6283755151053,62.89434183479609
33611668321.0,1,257401.57717831497,108435530.11290663,20187198.22537037,257401.57717831497,2874.047877077933,62.12494976285593
33611722320.0,5,597056.9807985709,537248440.022416,104645158.37134208,597056.9807985709,2525.366817051499,49.68561466471814
33611726199.0,4,190459.7911755495,293282235.632974,81789299.79292732,190459.7911755495,2535.5901799079065,27.96456919873834
33611748014.0,2,244537.84955114807,173712364.64475003,35469188.64236298,244537.84955114807,3360.847464870866,35.194449402015266
33611805808.0,5,217008.09551363924,398663577.3521911,111493429.30379233,217008.09551363924,1196.8661233408216,52.18941229520076
33611912584.0,5,453930.02048412635,575155500.5527456,122564866.49087733,453930.02048412635,2697.231595488903,87.87713615621375
33611940369.0,2,150340.7029890533,205135151.34673157,55485236.49596545,150340.7029890533,2411.591127503991,106.06670342382606
33611983509.0,2,103528.21789314461,293885989.750089,53497166.39197394,103528.21789314461,2045.5637699901263,76.30107851196593
33611989173.0,4,319113.0737191063,609557539.2227151,88476374.12653896,319113.0737191063,2633.558593474583,92.38006194085563
33611992825.0,3,360061.61010991374,235233468.4522355,53189161.02584866,360061.61010991374,2173.3449948134603,64.05370640811572
33612086213.0,5,452701.96405601886,541699882.1942163,133865576.85709046,452701.96405601886,2223.177188609601,61.27887138214068
33612090212.0,3,161147.50879633694,336518533.202727,40050881.814314984,161147.50879633694,563.7133514317446,33.965504844278655
33612155748.0,2,317148.07372104714,385453431.56179535,34249918.18865903,317148.07372104714,3665.6290707598278,40.90238407346635
33612250397.0,1,9305.030366814452,71934255.65272489,13621476.213202082,9305.030366814452,2255.2161388993068,71.06693309012917
33612253722.0,6,646379.8328872761,725437383.4480798,107387610.14574704,646379.8328872761,3047.0427326297463,99.04254184131112
33612276360.0,8,410835.3181674668,1068075317.8510115,131726516.00712411,410835.3181674668,2361.052488856606,84.57442281149027
33612276787.0,3,127332.9357080377,338103971.68105793,110987972.10715261,127332.9357080377,2189.3588885081767,60.4525147273792
33612320688.0,6,448326.0346057861,533827497.7772362,130242589.54811886,448326.0346057861,2383.1404622347886,34.374000035352296
33612322523.0,7,704012.0182831147,657788813.7555275,129416782.50259678,704012.0182831147,1267.381197633263,70.41308007711027
33612373139.0,5,464781.5311950118,692226175.5659554,85158133.58968586,464781.5311950118,2106.8287351531153,66.60876189742132
33612382357.0,4,268075.56865486456,485496231.63156444,59914015.68880057,268075.56865486456,2498.576149074403,100.83544447314074
33612484413.0,7,770177.0955293282,788649094.6188226,156751731.1818277,770177.0955293282,2782.3612913909615,47.86273854784746
33612503771.0,5,542705.2057089147,606324879.4274588,123265653.85246192,542705.2057089147,1633.6636314825257,56.14860976107751
33612592536.0,2,122326.91053808485,326081709.3993486,36478356.81330017,122326.91053808485,3450.7167488992645,61.32858262773652
33612597480.0,2,116200.77666580703,294334467.00678444,45936294.00970504,116200.77666580703,1510.9759840930783,52.49394323962683
33612607411.0,6,370975.6270241121,807021453.2294513,146021765.46533155,370975.6270241121,3824.8172918927808,89.07160722644845
33612609089.0,1,83523.3289355705,91977026.15327536,29030265.3119497,83523.3289355705,1793.235889323165,25.648051736030432
33612615804.0,4,133945.27054730506,478100334.27047896,86353854.11503482,133945.27054730506,2575.8755093528853,85.46465107258086
33612640328.0,3,238407.98870094834,289308357.5065693,62846443.783440016,238407.98870094834,2239.2578796222574,82.4137314936872
33612667867.0,2,74638.15624002682,164256480.51030624,59190773.963281214,74638.15624002682,1619.3160638084396,65.07248563107599
33612681206.0,6,810064.8102186556,677323265.2094246,163799333.0908246,810064.8102186556,1754.718261078399,89.01746475349547
33612721864.0,2,40074.992746640775,254194586.5723238,40581898.280365095,40074.992746640775,1027.8461544094973,53.032286905966465
33612726016.0,4,113869.09324439394,375178622.2047801,112687431.466672,113869.09324439394,1512.207474787639,48.29320813352021
33612773939.0,7,604171.1140774768,910073704.6294577,163030734.79627836,604171.1140774768,2325.5721038638644,71.14472049207521
33612825896.0,2,140292.37972137594,293733303.56980485,41885185.23894006,140292.37972137594,4686.512211815389,49.14624689234353
33612843236.0,1,143434.48241359103,133087702.3956832,21641409.4188987,143434.48241359103,7081.8950763463135,111.10355928093804
33612844664.0,2,69237.93811452192,511087277.4489402,27603556.896727227,69237.93811452192,5771.832453348688,49.168551894614865
33612846274.0,2,270145.8938366218,326501720.3960048,47775149.53238573,270145.8938366218,2102.9291968646403,74.89776053459931
33612887296.0,2,446027.1290286082,259952092.16827393,42010438.44071737,446027.1290286082,1138.1768243275892,33.46070590446002
33612887698.0,1,177473.934204755,111130097.0170693,21231017.636030182,177473.934204755,5346.978824704513,36.70784689919178
33612966422.0,3,390944.2233048054,528864403.55852133,77232582.42894536,390944.2233048054,4993.792059678115,37.37852002541528
33612975605.0,1,106105.72153666992,107049831.47385456,14164424.154381843,106105.72153666992,762.6128786671454,20.56378440974501
33612976242.0,3,230907.42154594022,296631591.302137,95604140.6710282,230907.42154594022,2394.9352068191,112.0579995068842
33613028631.0,8,1102806.7568111576,907121116.6759188,179124437.53609958,1102806.7568111576,1358.3145161343855,73.60584458847136
33613033349.0,2,329411.1589174317,244258503.21719447,50155092.96128751,329411.1589174317,1897.410919138375,79.89613177426789
33613040267.0,1,105634.73837443836,95974226.69890532,15067005.78380169,105634.73837443836,3034.302467965761,64.30316518989031
33613094235.0,5,192388.9067037442,658931308.7729852,129561877.01616293,192388.9067037442,3455.5268075340528,67.17509961913025
33613100581.0,6,458685.3591793189,796884754.3072753,179958115.45207047,458685.3591793189,1177.1884131666022,62.91176302461145
33613119612.0,4,368069.1833752801,524717402.712412,128568568.21543491,368069.1833752801,1445.6618591920478,64.00124662165103
33613125354.0,2,152378.94109917743,359074774.8685924,38314233.320660874,152378.94109917743,2975.7758971285166,24.503814983970102
33613133211.0,1,247703.36245174147,224200712.6329748,18604308.95402267,247703.36245174147,2923.1518808220044,69.40113140092892
33613138145.0,1,120094.83315974186,192207290.66477045,19723417.49930137,120094.83315974186,1385.1066463588518,137.6998043356733
33613151882.0,2,80183.03892252622,244635322.53184646,40543906.41531487,80183.03892252622,4035.707454577948,39.9203577374244
33613184790.0,3,290889.80867490504,229892683.4910689,51815667.38263905,290889.80867490504,1989.916780035077,94.5282955336405
33613266402.0,4,123446.80015430466,494605922.7015802,85786269.59518325,123446.80015430466,3511.3367537503136,44.12680109149019
33613325315.0,5,512684.9514166382,899089001.6946477,159746038.74313718,512684.9514166382,2005.5988674860412,58.85039105181206
33613331068.0,9,545735.9677671718,1185723313.693658,210165828.74734098,545735.9677671718,3655.378986275995,72.42850924061905
33613341861.0,3,301895.43730901805,551221416.9786782,33843396.58000098,301895.43730901805,2486.065971104994,53.56387115108265
33613344769.0,4,140553.22256120935,350877244.3416091,92243475.89376727,140553.22256120935,779.905878176465,72.78706272607798
33613366612.0,3,326424.25190677453,254445392.5323987,65985410.77797008,326424.25190677453,2243.018246227107,41.630127324823654
33613369720.0,5,275250.976345398,756020108.68221,116960204.77077433,275250.976345398,3018.474583243197,53.651006623799525
33613379569.0,4,632606.6661458849,388898935.0136109,86235435.01212996,632606.6661458849,848.9659335239475,86.8437926769025
33613385357.0,4,191763.05432966343,717200681.1449785,117773422.56641108,191763.05432966343,4010.0206291277073,73.35310699200949
33613388445.0,3,277199.74592221057,397196986.7534447,66967087.85176475,277199.74592221057,4488.058090167776,75.29126237632325
33613433382.0,5,598850.0627598218,733543094.5634286,96429979.83009315,598850.0627598218,3094.8414783129783,105.28953307078862
33613456653.0,3,184365.29207273645,257051039.9633867,86488934.07906142,184365.29207273645,4887.857556106396,96.85071390531833
33613584702.0,6,338433.79904678976,796456790.3995162,178354731.45509523,338433.79904678976,2443.5058249036015,67.63121514034925
33613609736.0,4,202942.5980322328,399456617.98936784,72474365.31017473,202942.5980322328,4105.97163362906,74.80633115945909
33613646804.0,1,58650.52833252731,114270406.40322848,50260124.94679316,58650.52833252731,1400.732559199227,80.91731509254592
33613678621.0,5,472163.65184622374,689979697.4850118,148534367.61209652,472163.65184622374,3683.9263728568026,62.53944099864579
33613683909.0,2,44207.120321074544,162513291.34869933,35034974.53143437,44207.120321074544,2629.820023223551,89.66617670213628
33613693305.0,6,851981.0598660954,769142239.3769685,114756417.66136645,851981.0598660954,2445.378279843418,61.55710743075074
33613695961.0,2,197401.77592910512,288953130.56978834,79538375.35170127,197401.77592910512,1432.2003606214998,43.24414567934168
33613699391.0,2,169973.9207424996,414887690.73199713,28494567.577516563,169973.9207424996,1269.168979071293,43.45348797348893
33613708654.0,2,289283.6026786128,215488392.07403827,28202773.903294764,289283.6026786128,675.4548924875776,70.83116073046581
33613757974.0,4,345504.6919940492,575692577.3692132,116123806.70431308,345504.6919940492,2066.9383809118385,51.46343605934396
33613815144.0,6,697457.3719324933,780428785.8790257,134104196.71540481,697457.3719324933,2495.7736724174943,89.2258791139463
33613828433.0,3,311899.75343700696,480150352.50321776,83604453.98635814,311899.75343700696,2776.194379631761,44.35452994036482
33613830121.0,3,146425.46307690785,453271242.84043884,84307080.60379611,146425.46307690785,3451.765016141439,69.99510942458406
33613875754.0,3,259939.69149272615,453798512.4349772,66079167.61128521,259939.69149272615,2320.906767104681,63.632877861245426
33614024733.0,1,114499.00959202116,93032751.06979278,33098257.131473582,114499.00959202116,1154.3612858921508,51.83049688142195
33614032654.0,4,524532.9344531609,410988865.451198,45399290.035534136,524532.9344531609,2375.7494488958628,68.1864590892034
33614035851.0,5,854327.8221985296,427651415.3822441,169247088.16980058,854327.8221985296,2592.982949742819,76.62568608265619
33614058848.0,2,311380.3095654028,214936682.81054252,45535278.44641048,311380.3095654028,1478.0380645502298,60.11053469182381
33614151785.0,3,229676.43717031434,358511619.05113816,49804165.611349694,229676.43717031434,2326.6079176170847,44.624734637867085
33614183839.0,6,198730.5663407586,597503305.9952698,124711749.44316252,198730.5663407586,1937.1942689894204,47.3997413863448
33614264423.0,5,462805.7905885208,526979451.9927606,113439799.00502262,462805.7905885208,1191.1133879357799,98.045677304011
33614268173.0,1,38815.60114749551,132048840.05965836,27255572.522405304,38815.60114749551,2362.836066636544,76.30093351664988
33614273445.0,4,557493.4397405431,472248523.2568716,72076859.36168844,557493.4397405431,1521.145254138763,50.328104974244866
33614294539.0,3,144339.05406513892,374382945.12231123,71406220.6825458,144339.05406513892,1867.472871352961,79.71441537068945
33614327308.0,3,156563.86311878744,409789146.06633866,60204250.9780394,156563.86311878744,1947.6574193902952,85.5959974624861
33614338843.0,1,63032.86198651759,147046547.33629403,33487449.02138075,63032.86198651759,3581.6463401132028,57.167849520563855
33614345760.0,7,934462.8847013795,709523234.1311096,159783235.4087131,934462.8847013795,3486.5373346804895,54.4858956983792
33614421590.0,4,242121.93264875197,627816945.4090593,93561325.37538548,242121.93264875197,1407.8736382090588,80.53547496390108
33614437677.0,5,319504.7291994793,685261224.7776853,148293246.88710666,319504.7291994793,2232.5438246418207,62.84771470351173
33614460276.0,2,243510.76638648997,232134544.68072692,49837291.1041934,243510.76638648997,1303.4278125752453,90.00228323869405
33614464344.0,3,81249.18254948549,280002195.8408335,85308188.26764563,81249.18254948549,1083.1801742131377,46.03132431544898
33614466271.0,3,77448.91457713328,272883237.6815537,95238295.0040753,77448.91457713328,1462.7604413399768,33.720280082794645
33614473014.0,1,63643.43022550778,202078475.27179235,24429977.10547492,63643.43022550778,690.255569399465,35.959182899131726
33614545583.0,5,671912.7239025141,840005877.8881559,134483529.96517402,671912.7239025141,1738.670772181215,74.04504201214836
33614578238.0,9,631705.6007223213,1097813755.83924,235655873.11707312,631705.6007223213,1873.1761615300702,67.04232422235138
33614600108.0,2,110497.08745118417,192708000.24159926,42470979.97715522,110497.08745118417,3357.2763446570516,19.94347157106018
33614684346.0,2,147941.01675951513,157775018.9882514,40372932.1679403,147941.01675951513,1321.9115290455238,104.20047319908286
33614746771.0,1,64363.4997477117,185992174.4849091,8396753.707616372,64363.4997477117,735.4699410833414,86.95044854661643
33614755469.0,6,866944.9586205154,688392506.3864456,149214187.38103864,866944.9586205154,1312.1604572278784,46.601051863055524
33614790691.0,2,88260.60635211003,198196543.06962597,58138078.01808046,88260.60635211003,3336.032680542661,44.80798981705612
33614810833.0,5,482960.4843614994,684661863.5041668,88478089.9790965,482960.4843614994,2355.960555836535,63.10912340181486
33614833177.0,4,582708.3244441585,525094028.53057635,136790854.44014147,582708.3244441585,2027.8940289066668,56.54576997410875
33614848287.0,4,340200.0154739383,286164613.42650115,79424541.29771575,340200.0154739383,3155.1487446581123,43.67496348207218
33614854042.0,2,281802.08937489893,223423127.4365736,41912360.32020068,281802.08937489893,1284.1795195647771,40.718819444900625
33614876872.0,2,167585.667199025,168653929.2500286,45893420.67564821,167585.667199025,1367.34308863863,78.35498694983188
33614889084.0,2,75525.04541602786,262888840.15278542,76705480.93193272,75525.04541602786,3615.4166164673125,33.803398688242204
33614900164.0,3,168442.3612475007,337544023.1221961,118680023.95034951,168442.3612475007,2373.4545262280208,59.26214384000141
33614952075.0,5,318526.27264582634,522379612.1750339,119589507.81141837,318526.27264582634,3026.783746942986,64.42409496081454
33614981505.0,5,270737.601936443,823002507.0545064,93093713.25028867,270737.601936443,2236.449711926653,40.296380989888846
33614990961.0,3,549537.3026334471,407362534.4091133,68721092.71499166,549537.3026334471,1566.7393415268489,54.07139072030503
33615001045.0,3,598245.7485239141,357765739.2640505,61369534.41715642,598245.7485239141,2485.0410297082562,29.785630410882888
33615028035.0,4,337092.06287704787,504150241.6940601,64563917.14645661,337092.06287704787,1216.8549183647467,68.98866558503796
33615051646.0,4,290538.8382144321,527279271.79409623,44759701.97080968,290538.8382144321,3756.884374491338,97.3219322328823
33615059667.0,4,118327.58004942199,416756630.13839614,57257621.04156603,118327.58004942199,2105.578339596539,91.83121494498157
33615071915.0,3,238008.03779724025,414290811.29931647,82577473.1118847,238008.03779724025,3776.911307180087,37.95582032448642
33615130397.0,3,115712.30720576878,447865911.83286804,64017998.332661115,115712.30720576878,2750.0595992440626,93.20750518051909
33615184502.0,2,102496.38928859509,226969676.15177476,20984686.015065175,102496.38928859509,4228.234406156826,25.540938933684178
33615241218.0,4,438383.1643264261,461074660.64559644,90682549.78102088,438383.1643264261,2370.068648765794,27.39591403219163
33615272864.0,5,553197.388233623,654784295.831697,118721443.26733422,553197.388233623,3003.312102904945,40.92585661429397
33615287913.0,5,250315.9252579197,773514927.9257641,130595379.82597044,250315.9252579197,2809.3006848199793,41.393221597357815
33615290717.0,4,504336.85466938873,310491335.8294055,93853398.25918452,504336.85466938873,4223.0790862639205,67.75992198053953
33615301358.0,4,202296.84230585088,445153317.26131654,74014123.31750616,202296.84230585088,3140.4928698331955,59.50167424404633
33615303943.0,6,562802.6714759804,639765174.2261698,179051015.92410323,562802.6714759804,3444.3847703288025,68.25503435012648
33615311499.0,7,251400.88166285487,771996069.0556798,173927659.96472374,251400.88166285487,3059.6488886226325,68.30513342072598
33615337355.0,4,221419.98796141826,447838533.7610047,92250687.64850059,221419.98796141826,1764.5012297934354,29.090241978265716
33615345854.0,3,111525.68513113611,395074576.4989264,78416622.0222049,111525.68513113611,2199.9132968991134,45.99439516397541
33615384935.0,2,133790.99611034337,156271566.43345097,36258176.45795008,133790.99611034337,909.2286389132738,78.40060234852282
33615403252.0,5,611780.8867515182,520520975.5263946,103479528.27970831,611780.8867515182,3309.4523150556124,53.93810261243122
33615409861.0,3,343889.75491579063,313816083.32806313,50555424.75260481,343889.75491579063,3491.9890729831022,63.69771401740669
33615418952.0,2,56380.229817290805,155034803.64331537,48225949.8465884,56380.229817290805,574.1958535025142,82.73909868183407
33615432019.0,7,1137085.3326813434,923972778.8286213,170423730.60856986,1137085.3326813434,3056.43958988423,35.528740601298274
33615438684.0,4,285000.03993714246,394614309.67642474,83191019.27485898,285000.03993714246,2245.9186221475625,62.49847080619985
33615481140.0,2,120299.54059000332,189807228.14686877,37193708.207935005,120299.54059000332,3047.593271072751,59.669156682621114
33615525633.0,5,635798.1974430184,585248105.7962599,130188461.22792898,635798.1974430184,1990.0701211554538,38.15665499744337
33615553535.0,3,115202.21012914405,434631310.89294255,53757338.00933784,115202.21012914405,2254.5540223579665,85.20506639949393
33615562067.0,2,96498.42270444208,237998590.88405365,38844626.36084557,96498.42270444208,3459.132453419771,102.82062681425596
33615579079.0,3,149742.0296956377,406289917.11227876,67806668.49401152,149742.0296956377,1694.3476025554598,51.98367741504176
33615627745.0,5,511838.6891797423,520388105.65225697,112264677.74515778,511838.6891797423,1867.4292762441357,75.16185717015756
33615654237.0,3,137894.80150278143,289020607.7170688,51844039.509364076,137894.80150278143,5466.7692566129845,55.81616677427434
33615674719.0,4,377498.0187471672,409381628.8188534,103290938.25648797,377498.0187471672,2046.4824383001778,86.3337712109342
33615703394.0,4,402093.3034395754,644407015.0312138,116512836.4804563,402093.3034395754,3331.7811552178687,81.55877085476571
33615720626.0,4,498941.66463443195,552230622.9884701,77549119.38541631,498941.66463443195,4298.169745691898,83.36525380694262
33615723601.0,2,249510.57458311628,262202391.86173034,43969491.95916967,249510.57458311628,4099.107484260174,37.29094341962971
33615730385.0,1,5392.746050640028,123018985.1703355,31108982.668178763,5392.746050640028,1478.9058166950065,115.2874998273434
33615752810.0,6,391308.1331389292,946667358.8781247,169213211.7100729,391308.1331389292,2736.371689826668,66.05871953892286
33615786265.0,4,378240.95927091513,424149356.1818,54897139.46302147,378240.95927091513,3174.7814227507024,56.0670875358027
33615809041.0,4,295728.52287033544,302445511.30258447,94383954.80814777,295728.52287033544,2173.498703461641,103.0622779978322
33615853584.0,5,382742.4490499643,634856431.7355995,143347444.99821585,382742.4490499643,1898.624098972766,43.75877296487963
33615872354.0,3,167496.61954035182,405648008.3702558,59796911.59457955,167496.61954035182,3111.4887365355717,64.5681613692429
33615905950.0,5,382606.21123126027,575837800.1256456,97957855.85714287,382606.21123126027,3206.797411367722,87.43870792066691
33615949852.0,5,212042.50125294612,494704221.8240073,107554685.69567446,212042.50125294612,1140.6562170103057,61.09521876693308
33615994376.0,2,407145.79357161035,139993595.13102347,33614662.68181193,407145.79357161035,1694.2366332477795,17.92402430076055
33616124152.0,1,90214.58786151664,156733937.9178658,8899415.75226994,90214.58786151664,7081.8950763463135,20.631553401469795
33616152941.0,2,121683.90030532789,318022137.026373,29150156.82573286,121683.90030532789,4179.869462256171,43.34709212777102
33616155579.0,2,73612.34114244205,168634175.03022838,46887817.475774765,73612.34114244205,2598.3654125365765,55.86143342468264
33616193956.0,3,120254.22257816605,375303055.9560756,84256913.51744887,120254.22257816605,1886.2477908775747,46.751324916893424
33616195200.0,3,211819.25989730595,420288821.89791775,54943888.651548386,211819.25989730595,902.461122668558,59.15269276909999
33616200646.0,3,69901.21371381878,372416557.01241106,68692556.40124027,69901.21371381878,2535.810290665316,96.6830641276011
33616202258.0,4,234917.96868954386,545139364.6270862,91634726.47694245,234917.96868954386,2477.054772735575,47.24287844379019
33616210715.0,2,323728.43924706365,216400705.03437448,43224064.63870601,323728.43924706365,2592.379595783347,35.92849911738928
33616238795.0,5,454263.06932062,820402817.2056562,117880245.70238562,454263.06932062,3009.7120320997406,51.24200120370536
33616285088.0,2,137951.21159823562,214468408.89657128,46017720.611130714,137951.21159823562,3944.5003299510745,56.92319693374963
33616292518.0,3,126002.11149815196,324662225.2610587,71680637.91271281,126002.11149815196,1799.7753088280795,82.97635746326591
33616299492.0,4,286533.41769423586,394284168.6946056,104321104.02202931,286533.41769423586,2996.022158456702,58.577089828687846
33616314768.0,5,598385.2034294987,512721072.7872699,135151276.88363698,598385.2034294987,2288.4239690276386,35.460768224606674
33616319707.0,5,291279.4608815832,611005483.2838645,109008768.08252028,291279.4608815832,2823.7311558476204,90.8532229399159
33616327090.0,8,927473.6110354974,1098849421.0238376,155920379.52301905,927473.6110354974,2560.9991981982357,47.93813087314864
33616336356.0,1,8045.593231593984,77376280.10203676,11520270.209679471,8045.593231593984,7081.8950763463135,68.61903445714503
33616404003.0,4,212723.89515405273,434017708.995891,52448686.364725985,212723.89515405273,4475.605041690275,87.04357758247107
33616423959.0,5,783752.029824218,493834193.8462776,125091256.35064703,783752.029824218,1291.459349206668,52.19106267068279
33616491878.0,3,100983.79697137544,288466298.0153254,93569696.5361658,100983.79697137544,3132.7129864063886,90.18514062404273
33616512440.0,6,342848.5328626226,714780657.6528772,190292885.35531878,342848.5328626226,3061.933798366195,59.04938397221605
33616659908.0,1,16132.057781351372,120031716.53911965,16545267.327336444,16132.057781351372,1159.2986398572184,159.12106293950004
33616703560.0,3,257098.08497654586,287923008.3513999,82277821.03535417,257098.08497654586,2350.338519170194,60.08973898367149
33616722055.0,2,196958.97647112526,326895114.8238269,50488991.497158885,196958.97647112526,3875.614859624162,61.631322933710976
33616737320.0,4,201603.51509641838,586600667.6101761,64405689.24860893,201603.51509641838,2103.3038499816516,25.16624324690062
33616739013.0,10,742968.7617569854,1372430222.4439533,225573958.56347334,742968.7617569854,1792.6376103599646,69.24095471532355
33616839789.0,4,162171.45897709468,423967653.1209226,98842051.608228,162171.45897709468,2058.6329434375916,63.812725821243546
33616851803.0,6,671184.9388935305,650981969.3046042,131579783.74227443,671184.9388935305,1530.211222627925,89.58584036906198
33616857658.0,4,277235.95662951603,715594369.8629361,92602909.52448472,277235.95662951603,4086.017345681824,35.76699011597361
33616941245.0,5,598587.7444584409,648122364.9040768,130221037.59827659,598587.7444584409,3150.7744112971327,66.00722419624219
33617021862.0,4,455701.6063399501,678724449.3973687,90615498.4069922,455701.6063399501,2136.3309969998777,90.92184912693901
33617022336.0,3,271658.026464463,475897733.30979717,52109903.527665675,271658.026464463,1856.6528227411443,91.36389655722951
33617085904.0,5,417526.06812614546,518146088.53716373,85229337.90996717,417526.06812614546,2990.5147071144515,86.8923387519495
33617089975.0,2,211735.74864676042,295386879.9267026,36933174.62693547,211735.74864676042,3877.0270710166533,22.030901677071647
33617102173.0,5,346358.6784110691,678879990.0105326,88751117.44034784,346358.6784110691,2400.2401800907305,61.148148127446476
33617130144.0,4,189765.01826863457,511644814.6705884,93023389.62571028,189765.01826863457,2462.0302063357485,41.902225343598474
33617136029.0,4,566253.8646367955,482926682.1404278,123740466.89477617,566253.8646367955,3588.069316535495,67.16114409179119
33617152747.0,5,558629.8770248985,657332440.7451823,170281144.95007962,558629.8770248985,2885.7841602530066,101.7422869795972
33617281505.0,4,339844.9181736091,376359828.1679392,108788508.87307803,339844.9181736091,2870.6664651694614,53.3256924627118
33617322153.0,6,277405.32413720706,689251067.1550937,115649962.71708664,277405.32413720706,2864.0172244175174,83.89542021285456
33617334901.0,5,214673.6819821981,738991028.2989935,68952507.6545453,214673.6819821981,1994.862493958143,45.863490659788205
33617339838.0,3,214910.21084258493,338535144.6415931,67580827.53122975,214910.21084258493,3115.7142693214078,58.025830910913925
33617393979.0,2,289141.06455440907,147899479.94127056,53172057.66697137,289141.06455440907,1846.4159978933649,69.34072105361878
33617449607.0,9,837992.864235848,1146339026.457089,186327137.28944495,837992.864235848,3519.372233045302,63.86904137566037
33617456985.0,1,57552.59845821196,89957449.45535809,19742835.38678132,57552.59845821196,356.0315658128701,102.74251887744256
33617468810.0,2,291216.07820665604,170826794.58082312,48174147.957721725,291216.07820665604,2030.7370517205925,72.85153490179353
33617583354.0,2,138380.5920099088,187195413.9569943,29320030.624439027,138380.5920099088,2662.9948500654186,89.28994914796803
33617585153.0,5,503097.8913823791,656982755.875601,157864996.5116339,503097.8913823791,4153.73099171826,59.708161503124515
33617587676.0,3,344892.49477892485,504102133.24897766,90078227.18091036,344892.49477892485,1824.245170744455,31.983457723383196
33617640167.0,4,138101.5019310407,345768231.5903367,84739219.13984346,138101.5019310407,1375.4648358885784,75.50773628128907
33617654909.0,3,133605.62768937834,346857591.4520993,64848887.18786832,133605.62768937834,2092.3481177341023,64.71765672159786
33617667857.0,1,45466.24977817314,107940318.09941453,27413103.10626252,45466.24977817314,1360.8108257937515,90.0971842326044
33617726890.0,3,440928.39179616363,481627416.2710257,55376978.33924503,440928.39179616363,2516.76778091856,84.1335403626599
33617734102.0,4,129201.06193080089,640309092.9898124,83290220.12118697,129201.06193080089,3300.3436841698376,54.52589630727486
33617778748.0,4,97896.62042359062,564704086.4371524,96098385.7552967,97896.62042359062,3852.9725884216095,40.01066329227101
33617887739.0,4,443809.48351416766,563399126.4063474,133010315.61546706,443809.48351416766,3973.1080915775465,41.08335083283132
33617946155.0,2,358191.30959471257,354920071.71774125,42369897.69772217,358191.30959471257,3719.081378701929,44.676643579149335
33617964443.0,3,254572.49782174386,317525737.52521235,33424078.701128457,254572.49782174386,1716.4869739552134,105.70342865235102
33617971379.0,2,120326.29208707658,281927716.8020826,33597183.46813613,120326.29208707658,712.6699034142933,45.73978450681558
33617997043.0,4,333812.4084400539,421113243.4239439,122035164.60796559,333812.4084400539,1905.1984038818177,46.36490296078509
33618074037.0,3,210410.12208151564,334081087.61326194,43234575.47418085,210410.12208151564,1741.6002453025967,29.816631941790394
33618112074.0,1,89590.62011071351,100604701.13186792,23955435.62664989,89590.62011071351,1510.4641063961265,33.4605808744
33618181883.0,2,79706.07921968128,202687258.21695447,35079028.53120406,79706.07921968128,3134.014377823723,47.11249537425709
33618182535.0,1,76990.79794689595,244116157.8318963,21963524.641720258,76990.79794689595,758.2956810925117,64.41293747827164
33618221252.0,3,642267.9718369124,462490300.9150032,79005500.91131726,642267.9718369124,3019.6673324568037,66.4332732491775
33618234679.0,5,259762.74032697044,594187581.6049991,124976155.1362589,259762.74032697044,4442.277992222027,66.3685072328745
33618329442.0,2,234677.4565904825,195206738.56608444,38963959.662647374,234677.4565904825,3343.926538536061,36.87988806038608
33618336900.0,5,438507.77216259553,591494681.3225056,116401558.98767135,438507.77216259553,5042.7929683399325,69.76368240323909
33618351245.0,7,635119.5770680475,897164238.0268044,137931688.3568561,635119.5770680475,3038.2660823414612,62.16029308617705
33618357956.0,1,14237.94711332228,124614720.92281808,24688875.923868272,14237.94711332228,1274.7268055439731,33.782215897454634
33618388512.0,2,150563.77822242505,319092088.9568769,67214220.80183348,150563.77822242505,3532.974688644754,19.38135497201263
33618411883.0,2,362600.92210763006,447105679.0105591,44574706.878954664,362600.92210763006,1428.2696346357634,65.74190750822017
33618437712.0,3,389077.6888758387,551818396.9123697,59365715.06896451,389077.6888758387,2179.078865976559,46.70502007053759
33618439469.0,6,409797.1146043091,1025542360.5157683,120499223.27273224,409797.1146043091,2447.0386232643727,55.069923961031776
33618454561.0,3,147652.86597734026,598204559.9992608,83093654.52161044,147652.86597734026,5077.71965928851,72.58071481640144
33618552442.0,2,68084.44506256699,164746737.4813097,40381937.03663023,68084.44506256699,2942.2593830679125,29.826353153911192
33618556255.0,2,104641.23444042273,239437901.0254327,50275261.61932206,104641.23444042273,1293.7610402670766,40.94109062538213
33618570556.0,1,39157.70922354987,72551518.35713607,42600442.133710966,39157.70922354987,7081.8950763463135,64.41293747827164
33618585377.0,2,69205.97338387222,181815285.7220965,33479843.525326345,69205.97338387222,820.0483338159318,67.09703742485402
33618589747.0,2,246937.19205328208,264431651.0158419,32125326.956389096,246937.19205328208,2588.456782636409,82.6613328523771
33618593059.0,2,241240.29645256145,114749436.71540001,61579664.0565481,241240.29645256145,4130.935094420666,72.063179519224
33618640145.0,6,447416.0201255768,757553436.858998,164066709.862322,447416.0201255768,3254.977015751267,65.15318579540313
33618658144.0,3,479388.81437070924,372916291.1992516,56946122.00220219,479388.81437070924,1602.1728799650216,45.41974426514209
33618659522.0,2,64659.52263647016,345899496.3651846,19222819.91221156,64659.52263647016,2334.190263292004,62.67320438711291
33618674163.0,1,74000.09789575657,105057518.83046788,15215850.769098138,74000.09789575657,7081.8950763463135,52.42767278355092
33618704813.0,3,303767.4038895426,376023361.3006762,70159719.05317622,303767.4038895426,1251.7995835413265,37.863064405091855
33618805586.0,5,223699.80452420976,610164944.817437,106653759.08765444,223699.80452420976,2388.7458799334895,85.81534985199139
33618815995.0,2,32582.01084523541,480934922.94557035,46139880.779895574,32582.01084523541,2310.748318026588,51.02396024352014
33618831924.0,4,386323.1270978083,489628389.39583933,103408627.82861805,386323.1270978083,3286.5737471423677,88.93959885773721
33618849851.0,1,255513.5965600857,109020100.72277015,16180713.960666938,255513.5965600857,1425.0246564947263,159.12106293950004
33618860935.0,2,113008.81134375124,323197322.6797953,34006683.925071254,113008.81134375124,2373.549298008918,48.77234022448306
33618910852.0,3,139814.548465431,358241953.57418656,95891979.09731087,139814.548465431,1911.4662540756735,84.96278390456588
33618978989.0,2,283406.3431946048,187475652.9636627,46188613.59233868,283406.3431946048,1675.285098371144,65.00892726664287
33618989138.0,3,115427.40817938317,333937646.81874454,66034367.04561493,115427.40817938317,2318.3326233736493,56.34011126015057
33619004644.0,2,227432.17211502403,145403409.82710987,62968758.96307732,227432.17211502403,3252.857507163002,78.23364761543384
33619035949.0,2,219507.2272057233,297714699.7392585,23809312.410608154,219507.2272057233,482.9059648311729,53.43969444401791
33619091044.0,3,539038.3656296949,249687338.91799888,76595068.83780064,539038.3656296949,2168.1444719813717,93.14301015039293
33619137344.0,4,323882.29664243147,478121913.4251846,68990459.93082723,323882.29664243147,1311.4871051511363,90.41405544218978
33619161408.0,6,673837.3199902127,723183978.4041839,102844920.2175688,673837.3199902127,1918.458231710428,47.94973477423414
33619163766.0,1,78714.08836914443,94545670.51199032,23612668.90731577,78714.08836914443,941.4666456001784,151.12471784278551
33619176748.0,4,148382.73630318601,445273639.9438296,103012667.50742075,148382.73630318601,885.2915051049276,57.87344351104673
33619184536.0,7,486561.5086181093,833678701.8084823,188463738.53058678,486561.5086181093,2068.435948418675,69.74356381546973
33619249677.0,1,22991.313570826103,23916022.569132168,26255300.037995312,22991.313570826103,2068.635505974715,58.980683490511616
33619326243.0,6,282141.47479335073,898767742.8557639,165177554.8499487,282141.47479335073,2556.413886799181,75.55804956913664
33619331795.0,4,270398.19347574085,723375213.8183187,80299753.29823254,270398.19347574085,2411.6951856576525,66.78110787450906
33619384451.0,3,240540.98392454314,361000011.8659199,42039760.612217724,240540.98392454314,3555.3298257293113,53.13177184861876
33619392609.0,2,100949.62994341648,177994144.3425396,36387038.74332977,100949.62994341648,1921.1516169280694,39.08963753633071
33619405634.0,1,17103.658018559217,86687933.2937808,26000438.52272912,17103.658018559217,6985.628299837935,18.42829096229244
33619426807.0,2,286328.0432114792,226552995.7905724,39479680.711032614,286328.0432114792,553.6126803510709,81.36585755288363
33619447933.0,5,257783.41397213252,521480679.7390919,138150331.77431253,257783.41397213252,2135.1962862030273,60.68200362728631
33619451244.0,3,457283.8439468381,262679567.43209335,78800834.70525616,457283.8439468381,2459.753579221531,70.15162095406417
33619451337.0,4,346127.56077554915,284667606.51714665,115001725.66481099,346127.56077554915,3847.281595311765,36.465325810442735
33619456807.0,4,265371.1637435399,516128197.53607845,89086711.92855683,265371.1637435399,867.9361214173686,48.67171871619773
33619462743.0,4,201560.20237680926,699822763.1408567,89187219.24507385,201560.20237680926,1681.7632297735,41.70316529271271
33619496563.0,6,581159.5269456229,897459048.3372416,145942536.4729734,581159.5269456229,1693.968443315063,68.9797980579895
33619615754.0,7,566968.8155301356,1020704865.3660022,200764824.92480686,566968.8155301356,3148.0223607424646,80.3827691645349
33619618395.0,4,490459.3628314357,483702062.42840236,86188375.3309141,490459.3628314357,1812.2985145855696,26.63317642635616
33619625105.0,2,302407.1541536574,207000361.08652547,62073253.95703589,302407.1541536574,3872.0837058022407,59.185120170007245
33619702701.0,4,196750.25622690166,383359494.84900725,83924284.4965447,196750.25622690166,3234.7981991714805,54.137411388089845
33619714177.0,4,411872.02324884385,463446902.47696626,97472956.54070063,411872.02324884385,1111.4933616937228,29.804488229899018
33619714891.0,4,246882.7986437164,335036039.5518799,103236599.63601178,246882.7986437164,1632.7164329376767,57.141013318773695
33619734816.0,5,748057.7653876898,524054560.459179,79949464.79834782,748057.7653876898,2587.8483483100754,61.356416852352346
33619742257.0,4,411601.4323143014,479268629.912493,96379340.32023188,411601.4323143014,1447.6937044635592,72.63542418368357
33619803005.0,3,51637.887204643936,385490710.98790216,62420640.195803516,51637.887204643936,4869.579441307057,73.29509068247519
33619810404.0,5,285154.0463452475,379665336.25278443,166932927.6947081,285154.0463452475,4171.271955154928,50.87062719576111
33619818159.0,8,574382.5150820191,1073054941.3970703,147586177.15216574,574382.5150820191,2630.8206793738696,64.93220411743516
33619828366.0,4,469574.6377364333,535321977.3026711,93321022.34224328,469574.6377364333,2879.2282108250274,48.296751810557566
33619837695.0,4,125359.55762041424,330137302.0863304,76309371.0723749,125359.55762041424,2133.0099435676066,59.02662176652848
33619909551.0,3,137472.26713732065,363196223.3942847,100697177.19157708,137472.26713732065,1901.8448515400141,68.95426010192928
33619913841.0,3,124468.95612606884,263025465.95335674,49592040.63119108,124468.95612606884,4043.0948423322825,72.2121163520953
33619935869.0,3,255339.2338577985,262228481.4863819,56909382.428096056,255339.2338577985,1755.0875598746022,60.741508133838586
33619944790.0,6,395081.393963059,926097619.2604619,143259254.83637974,395081.393963059,2501.3890805508977,84.59704163145256
33619953821.0,6,361344.1995780346,602418612.8383917,153792957.34704053,361344.1995780346,4316.976348189171,60.73968129388837
33619963441.0,4,459945.01726083184,472799353.36019933,50990605.07566831,459945.01726083184,2262.906776112658,43.29415486472638
33620016389.0,8,1085347.8191391935,1006386631.5562148,170668006.35947254,1085347.8191391935,1307.3462571890648,89.91638680398975
33620047453.0,1,214039.83455487623,96222663.0207466,12441957.41162829,214039.83455487623,1343.523975632302,68.0207038129926
33620047595.0,2,143607.89215103156,175256979.21718332,57929510.18898292,143607.89215103156,445.21231804401214,39.20659329933851
33620055079.0,5,510600.871369602,471796358.7267813,82308864.45659976,510600.871369602,2579.2399404967823,82.47331373633514
33620091985.0,3,301019.6098477386,349083046.11194336,46958522.307416946,301019.6098477386,1848.2601529721308,119.44808116047231
33620104107.0,4,691048.5380049446,402755967.1615013,95682077.1386342,691048.5380049446,4035.5866784913082,46.68008665662393
33620115078.0,4,410812.91210680106,572130306.2194263,92466406.82071185,410812.91210680106,2722.2033103537005,52.512547847871694
33620151607.0,7,753265.1021848029,967606446.5676262,191851376.3638425,753265.1021848029,2735.422756646516,60.53049724632695
33620192257.0,2,281828.09589079756,216388008.34423184,59405690.96959406,281828.09589079756,4157.962306464558,101.56146774890412
33620196894.0,9,750854.9476257405,953199010.9160327,180871716.53417325,750854.9476257405,2091.8381389709953,69.65432032490637
33620198499.0,3,340896.64260076795,385528342.4756349,80033819.01704478,340896.64260076795,3331.097996032891,82.35007991323103
33620274621.0,1,55258.7603920996,138375177.39488763,8481120.400219906,55258.7603920996,1384.890794184882,72.4226808615906
33620292658.0,7,478509.4901974639,968784680.898816,193967423.39318058,478509.4901974639,1733.0774021819975,60.67184742308213
33620320855.0,6,487824.6010770671,699142025.6474832,131450048.47493866,487824.6010770671,2422.499574384044,51.38284952387213
33620321336.0,2,69157.3710748188,377077698.51993614,32112029.674652018,69157.3710748188,4266.660760243775,77.28193356025213
33620384778.0,1,45271.55853062885,105458166.92296538,34677645.854407534,45271.55853062885,606.59710219658,39.70039168679463
33620390284.0,3,364855.3022397321,607878311.9489001,69817123.5544632,364855.3022397321,1770.492841090435,78.00567152091809
33620392034.0,2,76553.73367173955,273661396.2995465,60823233.23555963,76553.73367173955,1298.3577157116358,67.87133105680817
33620421958.0,4,190599.06889264245,454437201.0995307,108501111.75327322,190599.06889264245,1262.0424542407638,62.1639838621161
33620427148.0,2,202660.26366182722,383587976.64182365,37000550.47946147,202660.26366182722,3072.964678458735,85.88820948576763
33620466615.0,2,370660.30484165426,434065649.1730128,54809857.21393115,370660.30484165426,5152.927508346735,52.31755037889138
33620488951.0,3,103523.1052472271,423194906.83365035,88431088.86682338,103523.1052472271,1858.0668852000144,53.033203450457535
33620495300.0,3,409475.9410773992,348374285.7496303,42024309.36269,409475.9410773992,4889.182309855722,117.08276382648928
33620528294.0,4,339174.3735495227,411244344.9466358,112032466.6414698,339174.3735495227,3083.988481361698,79.71955494517593
33620539669.0,3,482793.2644827739,411993590.1982939,76129810.38480413,482793.2644827739,991.3686997773067,71.3211330114156
33620556086.0,2,122528.71129137963,450105830.9474366,47231731.6594363,122528.71129137963,2977.6470982915102,43.82447900159325
33620563214.0,5,504828.3112553475,547978609.0080787,108080749.6029894,504828.3112553475,3083.1741648280004,65.37296558284666
33620569320.0,6,585813.00740031,614378734.3845363,130924109.59342918,585813.00740031,2145.2534582354633,67.84238770587889
33620617244.0,4,199051.1262320591,454658652.6812307,99327934.52248865,199051.1262320591,3138.9243213393975,74.63185121107882
33620669435.0,3,394248.0733859844,476551243.9519827,96868200.93256748,394248.0733859844,3995.7848598371074,51.724429873316296
33620679043.0,1,254153.28632239025,145637399.32572314,34521369.89719967,254153.28632239025,1640.3982150537624,23.98490639499206
33620688727.0,1,35443.52530425612,128045697.74742147,14771142.796984544,35443.52530425612,1886.516530868966,112.96012735709296
33620717207.0,2,213288.0786546685,210831624.14174846,59935263.374065,213288.0786546685,4262.402012149213,56.409378283372604
33620758430.0,5,272630.4503372876,587268532.800413,100389859.92021617,272630.4503372876,3749.5330063600095,101.27113523319812
33620774986.0,5,369836.6658180934,727507418.4811639,109726406.27228373,369836.6658180934,2904.171624778088,54.23524413563543
33620822814.0,3,458624.87965353124,504709810.3042967,93059816.80208984,458624.87965353124,673.5746498761627,101.59873007624299
33620831890.0,6,466296.20472988766,780401079.0324488,142194977.81380266,466296.20472988766,1943.8528964611257,64.92346475482603
33620848680.0,2,55689.57944298262,290518023.1125308,54813722.82270366,55689.57944298262,3205.154913608808,41.36452494386327
33620856760.0,2,130843.10841202983,185274562.08953974,39059471.77295192,130843.10841202983,4201.178984659605,49.10598196711707
33620880726.0,7,922319.9667516195,563971088.309024,202038490.8046103,922319.9667516195,2146.1297285094756,71.26962143700757
33620897034.0,5,525031.4884905997,695251334.9830353,115483319.72731334,525031.4884905997,1233.4559403090823,59.81674718660041
33620916876.0,3,171571.84312640148,235777014.03950936,81038409.64697757,171571.84312640148,4177.782380893329,50.100572808359324
33620959014.0,2,157961.81053017994,184544408.26407683,39467256.402712286,157961.81053017994,2639.9342422025375,49.789802954123715
33620970723.0,3,321492.81904292596,531374909.0803211,66802740.40608872,321492.81904292596,657.3602423801321,58.96692288310634
33620971177.0,2,83500.16133610797,147181935.2414896,51790008.337646455,83500.16133610797,4504.655780191737,64.91927362494863
33620986868.0,5,120354.07400794404,633290544.5936434,179099082.35386682,120354.07400794404,1125.442738460169,89.3396452938144
33621021186.0,1,62955.707378543055,123142708.43858494,6425081.910783298,62955.707378543055,5004.752049181522,61.08976082126287
33621044590.0,4,130728.69242353595,541908240.410552,114240952.2447251,130728.69242353595,1820.0753679659974,103.46608213737014
33621045633.0,4,517533.66496332566,459748963.81183356,121874727.38713187,517533.66496332566,2233.7030459374355,71.14576983400993
33621059860.0,1,26816.05694076563,79526317.71482056,26475543.47471198,26816.05694076563,3120.584333015749,19.99317648500013
33621074355.0,4,438013.1414807574,588906406.9609053,138691582.4677728,438013.1414807574,1436.0865950312154,43.5864328940874
33621082322.0,4,327237.9948235897,547031636.6940734,79631920.88970532,327237.9948235897,2468.309638370894,48.26092408878186
33621091989.0,2,301517.1068748824,398143647.65282285,60675828.090757415,301517.1068748824,2213.2217768791347,41.22488659305381
33621098252.0,6,677987.5272287132,798727832.8303427,129720429.19031972,677987.5272287132,3068.4700671067935,62.37266559310615
33621135474.0,5,341054.87551194837,664815086.0910823,77281564.46952474,341054.87551194837,4523.38376589303,62.98628043677081
33621145552.0,4,223765.65210084192,352036280.17399096,84239137.5621642,223765.65210084192,1481.3340183125326,55.40200065798828
33621149697.0,7,556251.6105768132,834498789.0055526,181415196.51175946,556251.6105768132,1849.7302759893032,67.37051131454426
33621186361.0,1,133781.4065088746,113436370.94755211,50260124.94679316,133781.4065088746,968.4470947192764,26.789260672200285
33621245869.0,6,799441.8265002323,697041534.961894,184615696.46115896,799441.8265002323,3545.612650275503,60.33561741861812
33621292148.0,1,141325.56527662053,88343328.94229336,16955820.02754208,141325.56527662053,4903.196839738602,40.3974994243689
33621309411.0,1,128111.34201501858,113324669.69127256,29418496.966193743,128111.34201501858,846.7796963789287,31.71954547868141
33621310552.0,7,718572.0567624858,571670072.5378611,145920153.29343715,718572.0567624858,1200.9093492506095,61.06932356620332
33621319247.0,2,422270.694866481,373651537.8400157,40964567.472856365,422270.694866481,4506.359216466255,36.508358604692084
33621326237.0,5,691324.063941373,564534929.3524557,93295896.29428086,691324.063941373,2015.0064932555033,81.82267994889996
33621353540.0,4,164481.65709438385,615469261.6205151,92609977.12254007,164481.65709438385,4401.7341960930025,72.99114175610742
33621360589.0,4,350082.3427383796,502247980.85441905,66012619.24359512,350082.3427383796,2525.053985054795,38.43085423998137
33621377787.0,1,14509.577670861834,131668321.02563132,13436262.778846428,14509.577670861834,594.7081826727821,51.13511878207394
33621392366.0,3,403852.17611953546,508673363.53348255,54365905.82091224,403852.17611953546,994.0228042278976,68.6236507049947
33621415376.0,5,456189.10726058873,637333204.6399333,116899500.33922577,456189.10726058873,2521.6242469760123,56.61655664600901
33621416757.0,4,437441.173382664,372670569.5851595,102524783.25337021,437441.173382664,4531.743328921888,80.20040655150083
33621471761.0,4,449809.0987321581,515151023.1496866,76715264.01489812,449809.0987321581,3322.433204905653,62.10498619127924
33621476429.0,2,276552.1734422047,306211855.8025757,49622869.530523315,276552.1734422047,2924.625463952447,58.362862152375925
33621484508.0,3,114120.60550300055,361076390.67898524,53093269.479934186,114120.60550300055,2510.7285541348747,53.14232458612283
33621506305.0,1,266716.34178263147,105737765.77432723,11729744.238649352,266716.34178263147,366.8459715731719,159.12106293950004
33621546081.0,5,454299.1385803654,701514550.4174587,80778366.36371446,454299.1385803654,1073.2781815545536,94.5168010639924
33621551409.0,3,71086.6074598954,407525685.4583742,103669092.18733436,71086.6074598954,1983.0998138108541,65.36589176828458
33621552291.0,6,426249.238130198,606172473.0327226,134488840.47479588,426249.238130198,2229.393803921515,53.81439864322226
33621579149.0,6,316127.9795852326,796090491.8625718,93173213.43564415,316127.9795852326,3856.6927043041856,94.12317739794041
33621592111.0,4,307420.8189356021,618333908.1563118,96583028.67206803,307420.8189356021,1997.0754150717335,54.149337499310704
33621606243.0,3,186148.0630860802,467221714.57702553,44656804.01027747,186148.0630860802,981.7302026409099,52.612272247052395
33621609076.0,6,605010.6276720949,908247436.9692376,167648234.96242386,605010.6276720949,2144.7790709582496,63.9240507558658
33621616152.0,7,478841.46405271534,835310445.221013,168564104.53333646,478841.46405271534,3849.33859671534,55.37253401426928
33621618627.0,2,279273.90593199834,254976800.10243237,36229030.99741359,279273.90593199834,3683.8404593409086,74.7261000754871
33621630982.0,3,333774.32210664684,358370605.53355634,63187599.5469844,333774.32210664684,1830.2718225723181,69.23688588470777
33621667877.0,1,45479.027575428925,56641195.85354482,50260124.94679316,45479.027575428925,613.7060823330228,44.042445195359065
33621671439.0,9,683479.7543855001,1034736310.2658784,216657182.35874814,683479.7543855001,2530.9237459373303,89.74507148817311
33621683982.0,1,54338.36283933131,90173035.70109616,18970004.54133317,54338.36283933131,2061.5895082840484,150.44316768814187
33621707868.0,3,142178.03888440083,333456407.46195495,61527313.66535732,142178.03888440083,1345.5245177649974,67.62877780518018
33621720477.0,4,246097.14610972308,379193546.903147,107230916.49525483,246097.14610972308,2560.7637244832767,66.4852389032945
33621726298.0,3,173696.23792800945,430395196.00784457,51636504.06821262,173696.23792800945,3186.2450914406236,90.5979255402953
33621748768.0,3,184667.4678774604,368451598.28523326,66359653.60909184,184667.4678774604,1355.5335325119534,37.8248930727768
33621872752.0,3,415175.99286613637,430482925.6176583,72120845.13775094,415175.99286613637,3925.056854247711,67.10200940200026
33621950571.0,4,203441.32001419936,681006333.2360358,100302499.13779873,203441.32001419936,2515.062635155813,88.75997515252455
33621950831.0,2,144655.99390155193,283499930.39511126,54700805.54608936,144655.99390155193,4057.805545480882,49.74276081613126
33621951552.0,2,59432.81931726173,231084421.63057506,29437452.932532024,59432.81931726173,1505.4796971294459,31.994835341051584
33621952314.0,2,80741.85090825398,235097756.2861513,21224831.235927828,80741.85090825398,863.8567417872534,93.31627708488156
33621953070.0,1,90830.59174337632,64471743.65443152,36307067.03163855,90830.59174337632,1404.117782012637,12.741937069515796
33621959207.0,5,414927.03892775305,446611589.36700803,106347895.80986711,414927.03892775305,2664.8926392566345,64.30604362439135
33621963776.0,1,62609.20886084244,91414096.34202737,14203788.474287648,62609.20886084244,4501.296342711997,86.99217867648152
33621984398.0,6,662957.7627455513,733851069.2413603,144505565.24360657,662957.7627455513,1711.7713886363738,39.5494163039551
33622126467.0,3,181830.31099488016,409887665.28241086,82337280.16545604,181830.31099488016,962.6616645059472,31.85072020566821
33622132693.0,3,85581.02095136016,243813490.07302308,103535163.96899606,85581.02095136016,1453.1596158701307,63.58193457127191
33622138391.0,1,63534.54740962753,145799312.83947873,30550240.561379697,63534.54740962753,5629.141162897426,72.99090368522808
33622155092.0,8,992524.2983263746,843278092.717471,220606082.70212716,992524.2983263746,1831.7197503441116,27.52241244510792
33622155863.0,3,101269.10221752548,310074788.02944607,57353637.7288191,101269.10221752548,2047.603101209081,94.67304385421151
33622195226.0,3,141039.7626937881,406120636.56855583,47951421.17901989,141039.7626937881,4157.813476902854,54.994719850068854
33622225855.0,4,442107.11900463875,491261324.4439721,74565003.28403032,442107.11900463875,1968.6780837076553,57.38085611952098
33622243026.0,5,255024.52968819448,514086082.2371424,147667154.0448282,255024.52968819448,5270.630374405993,81.3853880039233
33622267883.0,3,205027.70232703825,268815118.5106861,75070086.97794464,205027.70232703825,5401.775073045902,59.85593278427941
33622310059.0,2,248263.99816498262,184964420.5720149,74558147.89389434,248263.99816498262,1583.483519757664,88.99171252915636
33622431395.0,3,245619.16507112034,213684368.7701419,94452568.29782586,245619.16507112034,3470.7435502044827,39.2303666546124
33622433196.0,2,179869.9055793468,274996085.68390644,49851113.03832448,179869.9055793468,1761.5267983075296,19.893142902399056
33622457080.0,4,466855.1415626578,392321692.2320713,98085105.81094271,466855.1415626578,1716.0470310025119,69.34426002393742
33622485000.0,1,40426.15994164516,190714494.663352,17176905.669950355,40426.15994164516,3835.036566583374,95.08067808332554
33622503247.0,4,145200.79985408892,486993107.9216743,116163135.15315522,145200.79985408892,2631.405520890278,58.09065636923731
33622545745.0,1,39388.76930368938,108359700.00801724,14206060.760213016,39388.76930368938,4389.547821502992,20.23864218237428
33622569021.0,2,123446.5782545555,281769624.8047081,34624984.1317974,123446.5782545555,1900.9000746912548,102.64170365260824
33622617619.0,5,573570.5159636536,713047622.2857879,142754493.56371784,573570.5159636536,1893.4994128436506,45.86178375919445
33622633010.0,4,108432.86592218066,300292994.2358402,82989861.66463915,108432.86592218066,2980.289884069082,51.550070940410805
33622670380.0,4,422016.94479614793,571141632.5292387,117446803.45411882,422016.94479614793,4631.595726849856,68.28460215574361
33622707035.0,3,508234.67030130595,264744303.00433064,71895818.97641075,508234.67030130595,1584.2944027717942,35.94594350353174
33622719242.0,3,661239.3513802115,313226092.3942577,48848899.07705397,661239.3513802115,1897.2158535724109,39.256774997307325
33622722094.0,3,154546.51261701045,427907805.16831607,63213910.39164515,154546.51261701045,2932.328770913106,43.73464727159469
33622756935.0,6,744670.7025624418,906797986.8457661,120557141.21734348,744670.7025624418,3445.655426836293,70.93166734521493
33622762750.0,3,483723.65284847777,200244979.094315,51513833.796268225,483723.65284847777,2707.2931037576022,59.54633862509261
33622774615.0,5,499077.9389587558,648375445.8161709,104461567.28084826,499077.9389587558,3047.5810601380754,86.1915399228827
33622790902.0,3,86221.86685782697,440299700.0177985,67796351.25918338,86221.86685782697,846.1306066668908,63.87107330793257
33622796932.0,1,116647.13054084504,42315062.3631811,27239857.5328512,116647.13054084504,659.3795245338997,159.12106293950004
33622831595.0,2,320377.46594820364,260423567.09946746,43216595.432295606,320377.46594820364,936.0197632773378,43.000325553809375
33622834263.0,3,34350.19447251054,446239220.7410086,69282805.15431467,34350.19447251054,2499.9151662206127,78.10840760267509
33622842659.0,3,174426.18632203585,219757923.5672059,82262775.19758515,174426.18632203585,1898.756069694321,61.92062678072298
33622851424.0,1,200259.6935243079,215218962.2850802,15803958.565954756,200259.6935243079,7081.8950763463135,50.79140666371877
33622866619.0,4,323129.22692358406,468428611.83629227,91570618.66711757,323129.22692358406,3871.843436378064,58.54138238473874
33622920739.0,2,126835.99595073644,196455753.672921,40116422.888275415,126835.99595073644,3182.3530518592884,22.04418901912958
33622984808.0,4,341244.51782417484,537380824.613538,88121966.08200131,341244.51782417484,1976.194760623671,60.1513758450003
33622988365.0,2,151068.61686147205,285482152.68840086,55648878.47825452,151068.61686147205,1452.8537316186694,35.901993845971276
33623021573.0,3,216891.4549389158,378982345.6348099,88006527.75140652,216891.4549389158,3384.360442641053,55.09401795682145
33623022704.0,3,186058.6909639119,278186013.3132765,95903800.51400945,186058.6909639119,3958.2988323059235,51.08477598878096
33623045697.0,4,530066.5913860615,436191008.2618219,125091031.21710005,530066.5913860615,4988.779112097509,60.38682304887342
33623081782.0,6,557512.7583697255,563070422.2151389,125067517.29319705,557512.7583697255,2498.845495236688,75.69337013366398
33623099507.0,2,174008.00257757556,298793018.51424515,41340866.216017716,174008.00257757556,1964.3976474660942,34.3426010408578
33623116915.0,2,266522.80527172104,205597078.5492383,51824118.2898143,266522.80527172104,5002.5234785841585,70.56308315053573
33623135871.0,3,69055.28394834498,258650609.21674633,87070515.27828655,69055.28394834498,2498.7997209096143,83.84626607386483
33623143608.0,5,473107.8323502214,686951176.0959107,106265503.07799754,473107.8323502214,1411.0729171261894,72.27327947051677
33623217648.0,2,114637.12903710493,145436688.38928044,43123917.88525063,114637.12903710493,1277.9319257085967,35.68382241653767
33623245462.0,2,244518.8339716505,160914248.86602104,58949029.87950552,244518.8339716505,1420.693044927466,31.54618848538925
33623245696.0,3,342112.40186368703,306833926.12801963,112942204.31977004,342112.40186368703,2128.351501523703,16.97342679779372
33623283692.0,4,341228.9760080635,498081731.1800689,123870515.88320139,341228.9760080635,3018.4254358481135,50.73177709033206
33623296138.0,4,216708.70607190172,670596274.9558619,104163765.10029279,216708.70607190172,1315.6106511749547,84.79242850910335
33623298372.0,2,276255.74816305866,390145278.65975374,19809624.787402153,276255.74816305866,1046.691301641927,47.05276375450542
33623315092.0,1,62551.02982136449,138217851.70789805,24178185.29417097,62551.02982136449,762.3589879026191,30.15674196486722
33623331233.0,3,262761.1015119372,368653159.03430736,32654791.28334382,262761.1015119372,3473.9181911053274,92.25663701107622
33623426716.0,3,197323.95366224786,216327003.24366462,95730736.5031861,197323.95366224786,1228.2525840694043,45.7463633504764
33623470137.0,6,563243.145931607,660544097.5020437,121350757.081933,563243.145931607,1623.0077145196717,76.81868844550966
33623476005.0,2,154793.97319061522,150534891.34891927,29668501.241071224,154793.97319061522,3689.800650897211,58.25195219682467
33623479854.0,6,592812.4964893194,723131456.3990312,138618605.70271456,592812.4964893194,1777.4860864650675,68.26140828801755
33623487010.0,2,131778.94787557173,258783145.49716952,32907810.285960324,131778.94787557173,4045.9339471007715,34.22347658447259
33623579173.0,3,305584.3725875019,390417894.20277846,62521136.360776246,305584.3725875019,1055.3738406202142,109.51113410907688
33623605804.0,1,42629.640340537655,85149390.36982408,33285213.236253884,42629.640340537655,7081.8950763463135,95.29340302365644
33623609569.0,3,211664.79490305803,292336806.12535655,123126852.5225254,211664.79490305803,4020.3579554782045,40.672362046977696
33623630084.0,1,79011.05703298234,57644209.66377104,16506092.471575586,79011.05703298234,1390.510006056844,76.68389449531738
33623654772.0,2,80423.983529041,233667038.47589386,42606769.428124145,80423.983529041,3830.861260246599,85.63506711742214
33623689493.0,2,131304.79773899022,389506928.3825638,44334974.24486139,131304.79773899022,1066.588000700734,72.10631414299897
33623691164.0,1,9965.205075837815,182894385.83331817,23674153.73987737,9965.205075837815,1433.7827516146203,130.17604829118125
33623757649.0,6,620863.3989432731,755068043.5981092,148210331.36591637,620863.3989432731,2010.5263250930718,81.01251126478674
33623763700.0,5,238231.42842286942,601504513.7360625,104354941.25984353,238231.42842286942,3641.7496080455676,59.309270513948036
33623769205.0,3,237228.00510782033,508847827.1517171,106381106.93712083,237228.00510782033,4260.657907432987,36.33146699644039
33623781009.0,5,380226.1298224627,492358527.0689784,107968502.63483231,380226.1298224627,3078.810371977289,109.75801035915099
33623792249.0,1,132751.49115457438,114627641.42999987,11919281.282723108,132751.49115457438,1155.755969747882,32.253693594975445
33623822356.0,1,15609.814801977756,117978691.30536756,18302543.429369524,15609.814801977756,1424.442023925327,48.11499622402881
33623824880.0,2,428678.3755461931,191117776.91423836,19986639.34126248,428678.3755461931,870.8300550496783,76.02073995527203
33623832640.0,2,69903.63444133462,247019235.9600499,28711121.951330625,69903.63444133462,1316.2518986562814,61.7756124847879
33623839094.0,3,320382.54390609794,335111499.62332755,35021825.748586774,320382.54390609794,5673.0211391113735,61.54989827872877
33623863529.0,4,197048.46529057628,577973407.6576095,90069209.6700224,197048.46529057628,4004.749216907829,54.92919327829657
33623881178.0,6,585293.8212023347,846854733.5643432,158914571.96465522,585293.8212023347,3172.034882798767,74.7923392124297
33623907579.0,6,616026.5975998521,734356369.8447833,101715860.16986656,616026.5975998521,2093.3243567298773,86.82634773233421
33623942402.0,1,230180.4832343428,60715680.417597786,29448432.95817709,230180.4832343428,6134.915444791031,103.26976759502185
33623952821.0,5,551097.0066451388,770552710.3081517,106558115.39630885,551097.0066451388,2707.006097645872,76.5417496622191
33623953367.0,6,835222.090050562,620346639.3198738,123990179.03478594,835222.090050562,3442.1691078192766,42.29281078212691
33623981528.0,7,464609.4049491056,767877177.1423953,185977971.88359016,464609.4049491056,2841.965812279525,45.79297480350859
33624013403.0,5,847525.0895176718,532190445.2360749,102461917.47816023,847525.0895176718,3692.285123779971,55.19443507400549
33624063918.0,1,8200.479024022778,261799199.78061143,24948104.24233584,8200.479024022778,3140.8465181316183,117.03872816260592
33624067121.0,5,529465.5014484178,377171430.1503696,110366808.87746757,529465.5014484178,1255.458711363072,68.893402827033
33624072989.0,6,612240.2778436134,504307513.9028384,156124866.47242397,612240.2778436134,2713.422938027821,54.058694562295614
33624150540.0,3,393257.795172859,267323160.58824378,119323757.9877709,393257.795172859,2808.7162078509414,78.51615607106352
33624160134.0,4,180645.6758128668,485393482.07688856,76836007.97011462,180645.6758128668,1505.3403082142918,40.725253174292504
33624218200.0,4,189876.30393486092,561166600.4754248,64942697.37595917,189876.30393486092,1919.487825748351,60.84215765088303
33624226224.0,5,590901.7393166771,446494544.48088974,126115801.18421084,590901.7393166771,2589.4466786124767,59.49616728340751
33624246173.0,3,170556.7627530731,347589508.46143126,69042656.26040033,170556.7627530731,2750.5765125911835,49.07463649885248
33624263315.0,4,295854.9992801269,471991607.22538966,71172748.84672475,295854.9992801269,1678.4480042326584,77.02254369573639
33624315679.0,2,81940.46664255678,174213645.08180085,70295852.21363994,81940.46664255678,2094.2810025517942,88.52027365656535
33624372528.0,5,576249.4993106361,514266081.22293884,90249533.12222934,576249.4993106361,3200.4515409702985,66.75372551400665
33624421668.0,5,403449.3490864057,599277385.7064245,98664970.22274777,403449.3490864057,2989.3462426873193,52.49882619651794
33624497054.0,5,595632.6197844807,631257441.7080183,126166176.25247347,595632.6197844807,2174.070032866478,50.99284387836809
33624503356.0,3,290763.7008210827,284923143.8627904,97371371.05614798,290763.7008210827,3538.8667005588286,71.23392551852663
33624509187.0,2,93384.99328801202,229875131.27073365,37332350.21945515,93384.99328801202,216.11142537264863,103.92350470832952
33624512253.0,5,310535.44634607824,668824573.3243462,108379823.52970181,310535.44634607824,2628.3518429904175,40.043549486143284
33624514254.0,7,658167.7381571837,864009386.2565567,152495383.05135682,658167.7381571837,3677.917184532085,81.6973463381856
33624557759.0,2,61730.18312517936,309202636.65101695,27829458.061264925,61730.18312517936,1428.3309999543167,26.23020890830132
33624573458.0,3,433965.4715681436,228094692.40185374,57745256.35581151,433965.4715681436,3083.661408415148,55.70906384202615
33624573834.0,1,7007.064696488528,83025089.49799097,18016628.43000188,7007.064696488528,1682.443138831114,104.18882042478135
33624578363.0,3,303697.4377949942,315508866.8617352,43118293.668747365,303697.4377949942,2963.086788957215,43.621573253666355
33624650271.0,1,65629.24464917822,184223110.4722738,19615951.7364956,65629.24464917822,2448.308575325785,49.7554259278594
33624677069.0,2,220719.4214242507,324638949.7756877,51674526.616429396,220719.4214242507,834.2901047437242,40.44224403777028
33624677441.0,5,244152.61231588444,656087564.4334418,184911320.2248837,244152.61231588444,3085.455408715822,61.042791457326835
33624681316.0,1,13334.85421107947,88405206.42736693,6833360.855384924,13334.85421107947,431.9087424899266,78.27115141212822
33624689949.0,6,616928.080061694,751303314.3285952,156368518.9078437,616928.080061694,3850.7081513519574,63.103577752364394
33624716695.0,5,673296.9678037491,545939930.7501916,150516627.33235395,673296.9678037491,1278.415949832301,52.90353680307727
33624722791.0,3,96773.63682056867,337429795.11610925,74592702.41809146,96773.63682056867,3646.2999273467103,52.42925216943562
33624764960.0,3,261819.4235411864,250866307.3781219,76306224.64196056,261819.4235411864,2109.2156617389883,45.3051535230947
33624804511.0,4,252205.80984945336,433623644.99903977,75058440.09291996,252205.80984945336,1861.2169158030495,46.3510423672604
33624812143.0,3,228495.04176319047,369039536.2467621,68717047.25260915,228495.04176319047,3976.026788951122,105.32321634687572
33624881728.0,3,416890.72420345386,468841458.40493953,66749102.279281534,416890.72420345386,325.355443037416,61.06030097767994
33624931115.0,2,25613.269914033124,366246240.82077885,53716102.00327227,25613.269914033124,2076.824099025167,27.606276121643006
33625033888.0,4,70207.92705838384,289609521.280223,122663581.95860583,70207.92705838384,3078.243462140834,88.57568060947894
33625043403.0,4,102890.68272773997,463660279.4268608,78009207.23253138,102890.68272773997,1789.5129156796188,54.89445878153896
33625074661.0,1,24491.47104037664,136731796.3781256,34547277.676734604,24491.47104037664,3666.378809484283,48.17251496013768
33625099203.0,6,640300.1554041092,676617114.554464,136299662.48957425,640300.1554041092,2500.72478719763,71.65333663793517
33625105101.0,3,33084.18290977545,381059829.894293,78106141.30337033,33084.18290977545,1444.4554944061854,54.48504096664169
33625135763.0,10,1067708.8526248024,1417347721.5858018,281612794.67870104,1067708.8526248024,2724.9025557184214,66.02574941447936
33625148530.0,5,217924.0824513717,612143621.4584584,121637902.70908837,217924.0824513717,1572.8314363696604,64.16215082561635
33625152994.0,5,814599.5909643956,655643304.0881523,99219923.414123,814599.5909643956,3037.7134134124576,70.43869977044882
33625192217.0,4,326634.55022812437,431012355.7714559,114974985.62752461,326634.55022812437,2508.0806749367093,61.47887080426071
33625342276.0,4,364602.1918675904,423618107.7000171,64477487.16881266,364602.1918675904,4180.567961628718,74.15583963854493
33625421040.0,1,266716.34178263147,77385725.16585457,25900648.857624203,266716.34178263147,5272.906369271093,83.11977959283324
33625433222.0,1,12261.799523921463,206890930.89042225,25516973.291277345,12261.799523921463,1656.2907232237262,17.624395135141818
33625527000.0,3,132821.9921179837,333939845.78027177,55345148.623623684,132821.9921179837,4831.509930360287,24.45029480047492
33625560243.0,1,71499.56820961127,78507735.27646752,15523132.24125606,71499.56820961127,1444.865802107034,117.126911223719
33625586926.0,3,153722.9948660445,480685447.6347852,71879509.84342743,153722.9948660445,3522.881545001899,51.257732304046606
33625590661.0,3,332563.46675081743,317645518.6295572,53386584.84171762,332563.46675081743,2248.2285469791,89.8788119800593
33625648245.0,3,303287.53203631495,344327373.25049233,94256867.5288432,303287.53203631495,2184.2078874487743,38.22728004255774
33625663645.0,2,247695.84566730825,205899308.64598688,40053475.459324,247695.84566730825,802.5672591834701,40.6115939144691
33625702852.0,4,355629.2253907368,600576553.2543432,81155972.7379943,355629.2253907368,1945.6233977300485,83.13761136018104
33625711072.0,3,139280.826900101,518865334.3060738,52730444.820106804,139280.826900101,1089.205896101527,125.18799424239558
33625732903.0,3,271187.13145357865,340583175.1276885,79625400.10082908,271187.13145357865,3879.1926093763195,62.82691849243307
33625734209.0,2,304959.080151263,339257034.33516765,30868488.427980196,304959.080151263,4016.2055034722207,60.64911589298893
33625814828.0,2,263727.3787312779,242453524.79928088,23498966.892159704,263727.3787312779,7081.8950763463135,120.94882358241983
33625851428.0,3,302291.77275842894,304195138.1303984,50791971.75931807,302291.77275842894,497.36448779337576,66.86426885019107
33625876696.0,1,27533.869703374592,98726128.91616613,16776466.070844889,27533.869703374592,1846.7014362374907,88.91129752061285
33625886372.0,2,148886.86765717174,342565610.0792494,41347249.74962756,148886.86765717174,3340.3681436599527,62.665422424050504
33625900476.0,4,383592.57478753524,601863506.018911,120063280.57480094,383592.57478753524,3718.9923723075117,98.47193394758798
33625985249.0,4,280409.3823583196,651401964.6478951,99473947.37492633,280409.3823583196,3325.219880478463,88.9888983681441
33625993238.0,4,534889.3709466404,609422049.9861165,104635599.97019774,534889.3709466404,3003.6563164990857,62.6289047093869
33626002437.0,4,647568.2811413126,606103105.3169029,95333834.50981419,647568.2811413126,876.5837347585846,110.35378422327214
33626037627.0,7,727793.958068225,882116815.9717602,135621176.497476,727793.958068225,1615.374104430631,56.46626478882521
33626045907.0,2,48257.890125920116,367730984.83358115,58959993.84163438,48257.890125920116,437.8031148772323,74.53948148900298
33626052465.0,3,180246.67223244152,429341675.30832165,64837745.88531466,180246.67223244152,1586.9565227328476,70.05639933640516
33626077579.0,3,366552.06290733593,274955253.8447636,59128158.304752275,366552.06290733593,2348.1161855648766,37.5376049388534
33626099248.0,4,314796.4062544523,726077219.6788244,59124057.79241414,314796.4062544523,3259.3164398063955,70.25162537109183
33626150865.0,2,206946.47801587282,322892404.0627028,39160748.64744013,206946.47801587282,2730.465997435698,59.95959465044686
33626169764.0,5,358801.1386074214,666295689.5015943,91842724.34144552,358801.1386074214,1472.9010436826386,39.227686796427044
33626177172.0,4,103374.80064454296,452243090.1311464,61345169.47820458,103374.80064454296,2648.669099309859,46.01745378667954
33626203305.0,5,238563.39703620685,522285819.4540031,102560290.78907795,238563.39703620685,1906.876367631666,66.9494734916361
33626213225.0,5,349507.66880683455,693697983.6713593,103133841.1476655,349507.66880683455,3638.483635112151,57.56388201785412
33626374601.0,4,469928.02342969546,704632314.8147633,100237887.43296912,469928.02342969546,3196.638109684004,91.44170435909828
33626394487.0,3,90018.87673006576,235499798.18027288,84700001.68850315,90018.87673006576,4638.35803439729,106.576863925471
33626405566.0,4,391879.70281342976,434368738.0673723,105549605.18734267,391879.70281342976,1979.0393327637782,58.87360552636771
33626413328.0,4,233075.96533599356,792688290.4812138,61283698.080378085,233075.96533599356,2677.667046549889,39.67533459060057
33626413486.0,4,724792.0703844012,532518564.6796351,87732212.43040818,724792.0703844012,4255.23078712681,58.236448503542746
33626413806.0,2,71550.65066104342,286789684.0746387,42957830.583332516,71550.65066104342,5028.338137549935,26.571692702771514
33626434343.0,4,638076.7387616383,349729077.3260132,94865494.54685134,638076.7387616383,1698.6080927487935,51.73123998061389
33626514877.0,4,176911.9535122393,439567441.8820787,67192079.86425433,176911.9535122393,1343.1293333690892,94.68767913442997
33626530109.0,4,653564.6907223158,387467169.08439153,72727346.6352206,653564.6907223158,3878.5692013756857,49.5747189333623
33626618153.0,4,526733.8191569841,510248560.7127602,71008072.5753053,526733.8191569841,2804.215573614666,58.34118879356214
33626620937.0,5,502718.6904241136,511188611.63625544,104627218.31839392,502718.6904241136,2255.7898593846076,42.05552055135062
33626663288.0,1,266716.34178263147,69095728.21756572,40205273.47281416,266716.34178263147,7081.8950763463135,70.18280774838618
33626684388.0,5,576474.5143620046,875519682.3451178,115460714.87787239,576474.5143620046,3261.6049289198677,70.76670970666211
33626689088.0,3,156755.15668751133,356875475.1704198,46882601.66777928,156755.15668751133,1234.704533390586,83.07362215028854
33626701250.0,1,49343.809331764896,70021523.10972035,24966008.323482137,49343.809331764896,1351.9190590528965,45.36258128414937
33626770274.0,2,369733.64345939335,237784130.0582286,73256164.03522474,369733.64345939335,2715.058573226921,52.99463188306878
33626794513.0,2,119278.5406846594,168959984.9285331,65089856.26890876,119278.5406846594,1926.9134228666753,32.73708671949715
33626816569.0,9,486244.1187320691,984278440.4663436,180936666.56786868,486244.1187320691,2452.7940648968524,76.86150663421938
33626845364.0,3,68588.96872263115,352959007.42634904,50866632.06757624,68588.96872263115,6689.5467855099305,62.20494265071005
33626861870.0,4,121559.80464093672,460910071.99066263,85224899.59460567,121559.80464093672,1511.72351692864,68.09903314820372
33626887294.0,4,327242.91660418845,339773710.0733659,114412925.896471,327242.91660418845,1804.5032272125145,80.93186211284518
33626934380.0,5,401049.795402019,611413700.4150301,136421967.03452623,401049.795402019,2215.83057712967,63.24348102925512
33626938661.0,4,149316.84670567026,515336534.9306637,122078614.55537164,149316.84670567026,2785.110985375546,82.10279040301391
33626953831.0,2,291625.3507470134,242357537.25275993,39758326.16269905,291625.3507470134,1320.0638968880232,89.30837212456098
33626994986.0,4,372120.14057486766,611104736.0530227,65632777.220118366,372120.14057486766,1889.3792714780648,109.01780868139646
33627016233.0,3,158621.7504692793,259663330.84121013,45144311.50420438,158621.7504692793,4830.493567741204,52.38828748370556
33627028708.0,4,412453.0817202352,326882011.03738075,74435047.9804495,412453.0817202352,3507.547605221601,65.21555995204486
33627066318.0,4,383551.8263473697,403430571.070991,93293087.51880062,383551.8263473697,1622.4843516280857,85.20286088638917
33627071962.0,6,536633.4837283848,742257922.8434659,127269440.38490617,536633.4837283848,1427.7967268336176,83.41295389594875
33627089239.0,9,410686.0877450377,1232529344.146538,214707015.12587687,410686.0877450377,4108.570945129228,58.00443799053259
33627163810.0,9,888740.6837627565,987003943.6766472,218197384.2622846,888740.6837627565,2214.8492875500006,37.25766871824017
33627292909.0,5,722717.9062271363,661783767.8885901,86645422.44789897,722717.9062271363,2704.3158188115385,59.75935047412122
33627296381.0,3,289929.6594902573,243001561.40323988,90365656.13978666,289929.6594902573,4164.244097544187,64.8403399415474
33627310852.0,4,229172.73945554855,594977025.109912,94252212.87037374,229172.73945554855,2771.3121163555998,59.33928323681344
33627353135.0,3,109269.44389682225,323323338.46684134,88592388.93469457,109269.44389682225,3066.295511465804,48.371222374436265
33627406301.0,2,407819.64842887816,206647200.9334866,37429702.27005352,407819.64842887816,4269.925061025115,73.50032442497168
33627434167.0,1,266716.34178263147,90211715.78169183,17092008.492580578,266716.34178263147,4793.257420462064,64.41293747827164
33627438118.0,2,42378.52085545016,173199863.10065997,22073535.907395326,42378.52085545016,4986.9240461528425,50.48370022808761
33627443381.0,4,226396.7585875438,541972074.671993,141359686.48267782,226396.7585875438,1491.0723105705495,33.18526337787784
33627456057.0,1,266716.34178263147,67699364.02633615,14484991.563402314,266716.34178263147,3882.487623505466,32.9150663123322
33627486878.0,3,367720.2201775852,222875147.55718148,67393353.67992862,367720.2201775852,3483.2917118722853,106.15434758023697
33627503547.0,2,235709.56172054497,169154555.00544393,36278221.56625539,235709.56172054497,4081.740393479362,25.535663482062702
33627541337.0,3,316608.4780614516,311103425.8959999,75028459.73867437,316608.4780614516,684.0488610438533,46.28835646993843
33627547389.0,2,226554.69522191738,119271342.19982664,40124040.15553388,226554.69522191738,1565.3295548366084,57.42537227107623
33627562548.0,3,307265.7431138123,286137670.2142862,102973830.11003721,307265.7431138123,3254.6021107780866,51.45910272330004
33627569187.0,4,387857.7797070529,401709490.1142016,69648717.08511591,387857.7797070529,2906.167054763871,66.71489323333631
33627606951.0,4,493761.07029120636,407162663.8396637,55278438.52040781,493761.07029120636,2025.409788024077,69.32437393138657
33627642355.0,5,373304.7506542501,493115584.80623263,179296339.83139896,373304.7506542501,2344.541579600774,39.08662932025093
33627644180.0,4,310202.2703793332,672845456.078454,61223344.0621699,310202.2703793332,2311.2042811693195,87.13286300761143
33627686927.0,3,150768.23515212515,458611876.5393295,61747929.297602996,150768.23515212515,3225.8568838389965,30.915056079397186
33627687991.0,3,222050.9068320401,344169086.31830454,53560333.323367566,222050.9068320401,2480.0114490380206,34.51992046202318
33627691444.0,5,429344.63949198654,590370110.0396303,136020207.90172368,429344.63949198654,2146.259319208106,66.84027939404308
33627750764.0,5,174716.3184840955,483055651.869711,159385154.30280608,174716.3184840955,2072.4032202022377,67.3752579115891
33627789600.0,1,58441.89044430051,62010057.92186476,7389498.259160451,58441.89044430051,2337.584542009732,42.19608614306254
33627807333.0,3,254036.549223222,245528535.24431187,54134706.42715478,254036.549223222,3653.0470874179446,55.98283374513974
33627810471.0,3,100437.24098601994,393636584.5374124,83889960.10843492,100437.24098601994,1737.3604634467827,54.26843477734829
33627811802.0,6,531311.9116964199,694931882.5687093,110069085.7749606,531311.9116964199,2889.93037524089,62.74567682929965
33627824013.0,4,651559.6051673437,378618152.3733525,80179522.90435036,651559.6051673437,2909.0546492929716,81.44988833501858
33627824559.0,3,257829.03364120243,484995247.5450337,60017869.142869845,257829.03364120243,5060.136375813819,39.17676601622764
33627832891.0,5,345035.10962220305,883485674.5235064,135841901.2123275,345035.10962220305,2705.019244518132,63.68673638059391
33627864557.0,1,165293.72551541624,95712916.5578446,17304265.811016917,165293.72551541624,1677.344203247411,54.71263912217312
33627882750.0,1,79236.40887952516,240467740.21194804,16042982.034585273,79236.40887952516,2232.400163120512,47.29446023099627
33627920169.0,4,148661.25584231596,428704805.33099866,69918823.9662548,148661.25584231596,5391.083841156062,31.7776506037747
33627962327.0,5,246111.4471448872,756590073.2656826,104793169.98644812,246111.4471448872,2141.2635719403265,75.61451701684481
33628001960.0,3,366627.35970953025,417119750.37365717,54221603.99185731,366627.35970953025,4705.114273005021,76.41119902744087
33628100699.0,2,123998.51038337236,376688794.82492673,28141137.617523238,123998.51038337236,1035.5464897761444,42.867808595925325
33628130254.0,3,575536.0481146141,187617367.70869362,70555878.566963,575536.0481146141,2771.324972761633,77.93558632005897
33628130540.0,6,669120.7361723513,844211517.8139356,122504263.62834108,669120.7361723513,1255.764734097339,92.45597249620012
33628138519.0,3,397505.7915967413,470290688.7615494,74225946.91812396,397505.7915967413,2790.348011548282,53.861325688853356
33628144439.0,2,247113.6253124075,269576865.0723789,38607094.63355568,247113.6253124075,1844.8475497343725,60.253827950490546
33628149286.0,3,349242.683082611,463406715.0583346,84775996.62404719,349242.683082611,2104.5132863921626,75.65334904770698
33628161634.0,2,120431.08245792691,119842300.86591561,46910424.40910395,120431.08245792691,464.094814978548,103.40614417196538
33628268849.0,5,973138.4368326144,431158694.23348856,130666463.63425228,973138.4368326144,2070.119853507844,77.41062451464661
33628283361.0,1,45564.7992524313,76473655.27063818,17520411.151940852,45564.7992524313,2355.794066454828,64.41293747827164
33628298917.0,2,166181.37343846943,184775733.42701608,73788320.28114492,166181.37343846943,2214.2064285549377,64.70186793462034
33628303750.0,3,175469.0255335982,314842327.976001,77150452.73985277,175469.0255335982,5206.0967022786,99.88283601509958
33628321829.0,3,68086.75501731783,470822297.5848726,75789367.32074806,68086.75501731783,1138.98796980954,41.734988220606255
33628333734.0,2,401428.6226504338,298601077.0287491,29697522.92796787,401428.6226504338,1374.561283186565,25.103651521812
33628392993.0,3,173097.3975652734,280732471.40332395,96115599.1146683,173097.3975652734,2960.2475521155507,108.00881898083247
33628458857.0,4,306420.426938199,538391301.2201235,74114315.74199826,306420.426938199,5165.37448563642,84.48830340549937
33628463212.0,5,422730.4336804695,591199954.7175524,114233713.84864098,422730.4336804695,2901.446182113816,57.994415837638726
33628492846.0,3,353940.9247182358,388739596.31034255,97467286.15046169,353940.9247182358,1597.337281354602,104.76757921429464
33628557968.0,3,161700.74706116115,320046978.00746,66715454.618289515,161700.74706116115,1903.819115909717,31.34446526299912
33628562775.0,2,487493.8395855451,245975828.87161946,63196070.27844745,487493.8395855451,1629.8484187083018,121.00515030613128
33628608310.0,2,206406.20487217314,394714950.4170722,29799952.194283385,206406.20487217314,4094.2089089342057,30.783520257094498
33628673436.0,3,188965.68435949335,396545147.50260854,94363285.95300096,188965.68435949335,3844.6090442891546,60.802155404859285
33628720027.0,7,627657.827462075,974623778.3172016,184385214.3898209,627657.827462075,1394.1729537481733,48.77173861526704
33628727583.0,5,307697.46107303695,574789641.3924786,118273801.32980675,307697.46107303695,2508.2331397041053,44.93513660924982
33628737371.0,1,20733.787594974547,72055288.37290648,50260124.94679316,20733.787594974547,646.6472971409636,118.12227316502872
33628757506.0,4,233112.88427317562,668964517.1356008,119218476.65809378,233112.88427317562,1982.6751433576526,70.85025462284027
33628786176.0,7,562729.7708141775,960879267.7279221,174680789.71210718,562729.7708141775,2284.366941884376,64.8388105931192
33628803796.0,4,378261.37340816756,434196104.1764754,77484113.01249312,378261.37340816756,3593.3881257688627,33.54800288688595
33628861720.0,4,481453.5409181517,616746157.6866238,81429462.8085512,481453.5409181517,1712.0028739907266,78.12194716287931
33628877237.0,1,22838.81392578805,110196881.47835384,23440816.26215515,22838.81392578805,806.0101373853458,60.046361679645365
33628892008.0,4,169873.9882745064,397497797.34967744,99767147.44082294,169873.9882745064,2216.3031567042067,76.57375962557639
33628895649.0,1,35691.61157370596,95404372.78330532,25980157.95975734,35691.61157370596,1548.1373679999613,102.2108248737306
33628904815.0,5,520585.21118255384,664256330.6335897,124681660.16471109,520585.21118255384,1711.4850319142479,69.13667531421984
33628967438.0,3,148556.44647131517,341829339.60654724,70045905.62658846,148556.44647131517,2653.78397218525,55.839480318949974
33628992383.0,4,223882.66972026252,305306548.159636,87633944.12639233,223882.66972026252,4572.24088242752,42.28174850311162
33628994397.0,2,111228.2047437359,248492913.0857069,45640368.569354765,111228.2047437359,1592.5377489961763,52.44917576492932
33629012021.0,1,28933.39855143688,93913222.90217836,28874916.42317723,28933.39855143688,4952.966941655568,19.58683100735893
33629032579.0,3,269949.6367951442,546965994.3094754,67044287.785310306,269949.6367951442,2052.830507914915,82.61497011044766
33629053322.0,6,416780.5946009269,672672536.3835285,127452942.56988119,416780.5946009269,3471.416610963492,45.94154708017377
33629097931.0,1,47773.58979599134,91610033.1234135,16207816.92013887,47773.58979599134,4381.335997868909,16.407227431985937
33629155151.0,2,240805.37477932687,433909776.0574616,33407228.355485223,240805.37477932687,1565.811487631388,45.951126178479115
33629156053.0,3,137839.10302746197,272368064.8154562,71943921.96807508,137839.10302746197,4125.125182086099,65.29662453495403
33629164528.0,3,283786.5626733061,465686790.2289331,65672653.97320744,283786.5626733061,2180.465681142647,57.024288668958036
33629221242.0,3,558873.8873803655,353576296.45730114,90468333.85869458,558873.8873803655,1896.650088487799,90.43704441166307
33629339821.0,3,86613.89826662862,425527930.7111486,89262361.7909471,86613.89826662862,2926.420092846433,64.82759109332716
33629350835.0,2,53109.77231145275,234258463.11401457,31754165.00800829,53109.77231145275,4574.431458373994,42.71836181085281
33629369886.0,3,206458.9419976962,437125829.98268056,97585913.75060599,206458.9419976962,627.8793057458566,31.576706519006475
33629391451.0,2,91766.2590378107,247448337.5224708,39648367.74570618,91766.2590378107,955.7087649486464,60.40959601410239
33629397196.0,3,72185.85031267203,224122716.5317424,76370066.1145694,72185.85031267203,2307.129805945645,86.82138773833123
33629413938.0,3,91561.56842093167,540776133.1370181,55724207.168250576,91561.56842093167,5071.059552645916,106.11671382925006
33629432053.0,2,526051.0150668651,368249966.46362,23757649.349891976,526051.0150668651,858.4001451106318,118.36234506623595
33629433354.0,2,111384.75247582166,229008761.92000538,35352696.59726511,111384.75247582166,666.2780185140377,24.45883530690699
33629471461.0,5,314607.3429876724,515835800.2670365,111455287.51189455,314607.3429876724,1224.1628493420071,47.70771340337656
33629482215.0,3,413570.6310002172,479508195.9349873,31265059.96034436,413570.6310002172,6590.766312948382,45.39037441196789
33629511512.0,3,190681.14176126826,416477892.375936,77961395.16812404,190681.14176126826,1833.58951278124,89.25867420288533
33629575137.0,1,66416.41006745058,69205880.32807055,33864934.67022898,66416.41006745058,1209.4643434782872,64.41293747827164
33629576703.0,3,487772.86532131466,357157681.7587796,66694473.37692389,487772.86532131466,2579.312775821107,95.30837492834911
33629628490.0,5,496077.2381182313,747827116.5934546,96660169.20057124,496077.2381182313,3978.2042134167923,42.637674571347546
33629651515.0,5,626359.0070281195,527304846.353763,101086088.45725521,626359.0070281195,2584.5930297134582,64.90737359410029
33629655820.0,2,28013.72767433563,218992349.72726,32232263.1256314,28013.72767433563,1246.7247187409885,111.72314551977573
33629659206.0,6,433989.2456390837,742871911.5594506,124030618.2074393,433989.2456390837,1162.4396839396377,55.546541939664344
33629661007.0,2,235524.20688159316,259978954.64961576,45552379.28010236,235524.20688159316,1625.3282085212743,33.30996337629176
33629678933.0,4,229758.66809985743,332292404.4425732,94818726.8557622,229758.66809985743,1976.2518904167987,21.659864762320154
33629699313.0,2,310350.54552531545,236898323.9656761,56349429.32182716,310350.54552531545,2951.4507798820573,96.64556104870789
33629748999.0,6,379640.6759506343,831037729.9371803,138045259.42654338,379640.6759506343,3364.625341041227,77.55826957234324
33629789002.0,2,155492.9477881587,523598399.56122285,37800659.80199688,155492.9477881587,2603.111247090934,39.747458347972604
33629847987.0,6,440983.50358488515,570824044.6586883,116147349.50867562,440983.50358488515,1438.8535172307531,60.189354891548284
33629894388.0,1,69990.41713169287,174982470.6768819,46317988.295965016,69990.41713169287,586.2714605653914,17.5673268917686
33629908425.0,7,516162.0541086551,775693489.8529991,151988675.4065784,516162.0541086551,4230.117380661099,64.3122664292827
33629931456.0,1,266716.34178263147,74729474.87713614,31447819.49394968,266716.34178263147,281.75948466595366,15.760284478662712
33629952900.0,3,428576.8171168148,320246525.73420113,67337822.35167205,428576.8171168148,1470.5893113403679,66.84182911914179
33629992066.0,3,245969.5522354934,514791605.01333934,48434551.53515361,245969.5522354934,2319.5560122771913,65.11221781853801
33630000738.0,2,63154.830195912895,187668760.03093004,64980484.97923282,63154.830195912895,4624.104769547621,122.1326432017477
33630020303.0,5,422082.205075008,559072223.5664873,128773858.67600268,422082.205075008,2931.4307672008076,56.25358139712282
33630057988.0,5,461336.50681208307,671499060.9317558,135258516.60527265,461336.50681208307,1649.9282829388223,56.60287381329374
33630060188.0,4,420768.16049706563,346989982.592764,71588990.58655486,420768.16049706563,1382.3445754089241,57.578959421569174
33630060832.0,2,134338.66721016797,202162696.9413501,48490556.26502574,134338.66721016797,1188.949997721314,47.280316152323074
33630080673.0,2,99114.82107614672,220114075.60537866,34404991.422824085,99114.82107614672,425.9532349279348,79.64073609796309
33630088365.0,2,55344.82747569172,153114475.73554286,49645033.50812851,55344.82747569172,1685.583572191262,38.6469384829536
33630153173.0,12,1024214.1479682964,1338658596.9553936,265004547.92229196,1024214.1479682964,2855.5058319824325,70.2012039499573
33630153729.0,1,30100.23793960356,161447154.93505546,26434005.022325817,30100.23793960356,1555.1715791745546,79.05786039031895
33630154994.0,3,293493.3001229596,441620197.42778033,92357255.04978204,293493.3001229596,2019.3209864907549,65.02118122238045
33630167958.0,5,441407.14154473174,760571098.4849427,134269704.9837234,441407.14154473174,2694.869089807982,55.5878137790413
33630193880.0,5,361312.84263072856,649546979.8291523,95133272.61105071,361312.84263072856,3722.097599000858,67.99382684206572
33630218082.0,2,157647.62521438458,287159286.34347445,40292314.2230194,157647.62521438458,1883.1412812027038,93.48420028805644
33630279846.0,5,271407.10842093086,695795235.8095698,144301621.86714277,271407.10842093086,2539.4876508986918,65.2591440707333
33630281689.0,5,857644.4661482477,548439463.7622104,57717545.76085602,857644.4661482477,2517.6188240621655,72.78511835731311
33630353727.0,4,285231.5682993285,606524923.6122181,129928395.92691433,285231.5682993285,1834.6925585640447,79.01360036587623
33630491595.0,6,922619.0157889688,854761017.9671583,128557855.79749165,922619.0157889688,3105.2199982957227,35.24385470821681
33630515189.0,5,679525.3012054679,592446732.6379029,80247204.35821815,679525.3012054679,2475.5389029020967,53.60564368443365
33630521013.0,5,255581.21914275267,698714315.7791862,137142534.1669305,255581.21914275267,1361.1978039854087,74.48355489518852
33630523385.0,1,81127.21190632827,101008497.08186848,22184966.42111022,81127.21190632827,2657.6444847578427,36.46504048392997
33630536721.0,2,137859.07686823834,341362262.52724147,47313293.802553535,137859.07686823834,2256.4911227042116,48.367856985911004
33630554754.0,3,87049.23306173303,186694960.0963971,34103207.715629205,87049.23306173303,1840.876398587873,72.32194431245681
33630560091.0,4,489673.91309089266,400146933.83944964,92036528.85347944,489673.91309089266,2718.29661733276,51.7132883547496
33630568697.0,1,232973.05551447847,106129532.21862304,41286318.77412425,232973.05551447847,839.9409975372233,59.80434970349568
33630610500.0,2,441288.5342803106,202451883.41813666,43496374.42274288,441288.5342803106,2785.7236592911504,24.725900715107485
33630668329.0,7,833973.9283225143,777283333.767281,167526589.4467657,833973.9283225143,2402.391894234855,64.7306990869163
33630681938.0,1,66244.18947422026,136997660.652076,10215300.393103544,66244.18947422026,7081.8950763463135,122.01446521006784
33630686655.0,2,240069.81829220772,224804218.78362495,57499453.703777775,240069.81829220772,2188.1143924978123,49.23898512889441
33630709963.0,4,407252.1489944677,510065295.8031059,90080422.10903795,407252.1489944677,1792.6967700967357,66.54907368291019
33630717501.0,4,271411.4561231142,334188775.48037976,101211875.82820228,271411.4561231142,1050.9230886161695,89.69774248661112
33630718453.0,4,568106.689472899,584111034.2054143,74779324.05607945,568106.689472899,2784.2394010130815,100.61236628246922
33630729471.0,3,356909.61083058984,452537882.658287,47791183.353871115,356909.61083058984,3583.4474411207575,52.528319392210314
33630778286.0,5,299937.9112567269,435546510.3257382,105877005.65309756,299937.9112567269,1131.69049040184,92.64893125403846
33630808635.0,2,146362.5003422096,268239459.6694665,48241472.110388115,146362.5003422096,2305.2603531359937,80.8286252592885
33630811680.0,1,76607.88407273071,190232890.4382494,23790851.565117966,76607.88407273071,329.1041116630543,78.68819626847232
33630812709.0,3,145818.23908264187,490990799.88678813,128272542.95319095,145818.23908264187,2864.9080583692653,72.08418548985885
33630814992.0,3,386136.78136343707,415399501.30241513,93983155.7656858,386136.78136343707,3624.9217012500126,79.02664568098017
33630833173.0,2,288753.1415618179,308797398.40043044,60641861.75945232,288753.1415618179,945.8585441895796,61.5834490738487
33630840174.0,4,151668.9846519056,533249555.13247585,110717665.68997446,151668.9846519056,1538.6592877305513,38.091164222781366
33630885050.0,2,191108.72569350997,297140455.8298968,44751505.77403495,191108.72569350997,825.1872129523937,36.30581841773022
33630892578.0,3,168817.2301876295,457724498.3107367,74442403.91890118,168817.2301876295,4071.8345895796706,26.790484176353505
33630978981.0,2,330539.1710732375,369368671.5460937,38971913.82371964,330539.1710732375,2237.027296016716,92.42794461187793
33630989593.0,2,11594.951709576577,348345374.1386398,40358433.00718957,11594.951709576577,1686.7331851773013,58.23145859575189
33631081788.0,1,28476.069141479125,120209344.61297973,35919961.70178564,28476.069141479125,1297.424321739413,67.18516573501176
33631088012.0,5,254004.18256811413,524551120.9057225,117369259.45661928,254004.18256811413,3197.222602493161,70.66931652710483
33631089933.0,4,332846.4829093842,478777691.86587334,61082575.56714801,332846.4829093842,1280.005570562798,61.91170740965073
33631104792.0,2,184935.6088723055,276077569.1763705,46494215.178313985,184935.6088723055,2389.842886762162,111.04815394686129
33631114003.0,7,460080.00800760905,918736916.5469255,209415781.6662359,460080.00800760905,2414.9372140912888,46.079294208158665
33631130343.0,4,498595.7580927737,497978149.90690297,116819082.0384682,498595.7580927737,1657.8655607875567,66.44126958402514
33631200096.0,5,459711.30408785853,386725221.89932334,138065324.51549906,459711.30408785853,1703.9131019198437,52.83574596873245
33631200624.0,1,69122.63342514515,92720093.94982696,6388778.302469187,69122.63342514515,465.412959254766,34.955388941149764
33631217066.0,8,586507.5426249432,960730841.4256296,210311915.7352877,586507.5426249432,1618.4091742718242,62.61502464919875
33631227468.0,2,397079.1863665553,179099727.36958733,60911574.97349329,397079.1863665553,3875.082262879265,38.395042533301016
33631232430.0,2,46653.90009344884,226908254.8541404,55235810.97724212,46653.90009344884,2477.7523257758266,89.685613384027
33631258833.0,1,63643.2186799757,81582357.24905103,8571520.373727314,63643.2186799757,1737.2103703909947,46.06057677680238
33631288948.0,4,441964.2552443509,575222427.4034712,69847908.55530757,441964.2552443509,1089.3318961142652,34.65780000923783
33631320139.0,2,221363.58839103597,239365918.35505483,25635989.74592219,221363.58839103597,3224.8913848165666,38.709895821637595
33631351509.0,2,50573.35258999257,222264857.91604686,38114534.831628144,50573.35258999257,1810.3787317916704,39.34925579325844
33631444021.0,3,359771.86002468807,346330672.70171154,69810832.84592053,359771.86002468807,3222.591123991566,63.31433768269318
33631496823.0,4,585434.0614036717,334627554.5304593,66980233.086458504,585434.0614036717,1885.4125606489922,82.75495631106267
33631498555.0,3,263031.34316263284,456430853.4459883,83034733.1590125,263031.34316263284,3421.403669893624,42.09443243014629
33631586325.0,6,453464.6846834993,620771471.1127026,154611078.11361486,453464.6846834993,2722.430619426847,90.52367402197551
33631595966.0,3,164467.53553455835,435637396.5710962,86897849.86167479,164467.53553455835,1870.1642538569452,37.8353603172039
33631609907.0,4,182246.34179253157,591205045.6112382,89642352.85047716,182246.34179253157,3605.4058229989214,81.76618875828423
33631614133.0,5,254658.2968303805,749252296.7557313,100146894.72293068,254658.2968303805,2001.4983807526091,44.608218832391536
33631636437.0,5,189214.6722737385,615532181.6750394,131403885.90906855,189214.6722737385,1766.9562335737894,73.79294483711908
33631650278.0,4,327582.4875156963,597951353.265048,74315904.17616911,327582.4875156963,2043.9552631834372,78.79459973456102
33631654924.0,5,464556.85222221795,739893815.3381877,81729886.45917203,464556.85222221795,2454.111607017654,43.059114894201784
33631680041.0,3,301746.4190782177,526339625.9149475,39724120.520385966,301746.4190782177,3905.471457065067,39.1739470241103
33631739356.0,3,120956.29541950303,335931986.2369537,43223215.71605292,120956.29541950303,2588.024854477997,67.58070299131838
33631777762.0,8,523927.6442533081,1041336368.1786376,245810567.5454936,523927.6442533081,1905.2737111392805,58.72487774853317
33631794866.0,4,339047.23288297205,467255031.7659558,131665356.7085725,339047.23288297205,2266.1561883992536,70.1009741373936
33631814501.0,1,37557.97185574575,101557757.61204422,27037367.68028447,37557.97185574575,1606.8193395931578,22.20043892136985
33631827621.0,4,416934.92769498785,454928768.13520586,131271044.49505082,416934.92769498785,1829.6146192928497,71.53693779914087
33631845218.0,2,86646.99935749377,340486528.27226424,37605715.86309407,86646.99935749377,4050.52428521542,71.16908568645728
33631847630.0,4,250301.5641666218,683721483.1727474,105652794.9247339,250301.5641666218,2075.2307818402737,73.74124904361234
33631882940.0,2,226195.8826031523,378400138.9867163,48915108.72791607,226195.8826031523,2467.3807846354994,39.34290500162365
33631900146.0,3,355109.9625769833,263573991.32771462,46046781.46931689,355109.9625769833,2297.1655898008185,33.11241220257477
33631900338.0,2,60699.882929945816,290328936.76319164,35809898.204161026,60699.882929945816,3502.0084894883403,49.03958835188527
33631921117.0,4,156117.33566889272,437084309.037937,84484048.31383526,156117.33566889272,1185.0728776504404,69.3942741012138
33631958273.0,3,364209.72738732427,534453900.20521003,77191074.212563,364209.72738732427,3643.240159457948,47.347681551877976
33631982813.0,2,126995.67231254501,149888892.8295366,55134537.54905556,126995.67231254501,3141.731778580206,62.69118380635512
33631992838.0,4,246914.85907640052,574449268.3570591,112063176.21125413,246914.85907640052,1847.0305437343482,35.156163410307414
33632005782.0,6,414197.55142976,613930985.8555679,138062746.19996372,414197.55142976,2934.92033815926,51.63032184366838
33632015777.0,5,774357.6206884179,508365625.2035731,113591136.51917829,774357.6206884179,2950.3051972601584,45.07812760231095
33632064334.0,3,112646.62290391367,452130560.8089875,75805859.49856201,112646.62290391367,3931.556044450144,70.82322381869552
33632098345.0,6,598843.169702815,891879493.3944483,145928770.13489565,598843.169702815,2684.5869353893663,60.91980306737287
33632178434.0,2,155410.78997800054,352145976.5988692,16762552.208219174,155410.78997800054,1130.7755777644609,41.68173919153302
33632197928.0,2,144300.75213158323,191426661.70728183,37528432.49811498,144300.75213158323,3209.7104672151804,44.4350009669411
33632268806.0,2,191343.544398921,284732879.84503675,29571376.586996667,191343.544398921,2090.6341853592708,55.567948797624
33632315019.0,3,152716.41937578382,446753880.15442264,80820971.94198312,152716.41937578382,2203.264183533528,93.96512258487083
33632335235.0,3,438827.01986985095,346441139.9470698,45912966.172171175,438827.01986985095,1993.0215938683161,69.06539174764224
33632362925.0,2,167746.57286594674,137230379.67576784,35707962.32189498,167746.57286594674,3735.6853268416885,43.625365986493236
33632371392.0,5,384096.3561489929,713321761.2790529,105774205.57081893,384096.3561489929,1117.4903524813349,39.64950954385384
33632383810.0,2,285855.7341872378,279691467.0337812,66700959.69134516,285855.7341872378,1564.486207204398,75.04237727335187
33632406697.0,4,93167.64501374158,540016380.6279452,122208970.06273803,93167.64501374158,4796.3002691612855,53.075554292505004
33632419480.0,8,624130.6028260593,1127957137.681635,202950648.82545662,624130.6028260593,2017.314853404236,49.32652561355187
33632432851.0,3,224097.91832714502,297057418.56373215,120502057.75824629,224097.91832714502,1735.0981790205626,55.69371505190106
33632456258.0,2,150117.38109761674,241368143.67064255,52036409.330038115,150117.38109761674,4450.786068696415,52.795317347949066
33632461013.0,4,364899.30840961024,473722298.86858606,86038836.88035698,364899.30840961024,2668.5418156459773,83.39543595369271
33632468492.0,6,440271.0461137798,725782205.1060941,165460408.34677956,440271.0461137798,2684.523928099167,58.2649089863644
33632470291.0,8,900830.9923328053,857790512.7120588,156957105.42963517,900830.9923328053,1451.1422014676186,73.85884299135004
33632558781.0,3,238427.4141168168,498421797.0745803,47460026.83883537,238427.4141168168,1523.0858903913493,73.48071586798096
33632564965.0,4,531967.6324612524,579669425.8719277,88668501.65355368,531967.6324612524,2665.499364488106,27.04911154876625
33632576162.0,5,134443.68644880276,567778645.9395443,114061477.82491897,134443.68644880276,2567.0890854635386,33.126075462317665
33632636262.0,3,423845.12269531784,446336286.4463603,66941936.64399298,423845.12269531784,2155.465063104461,42.81218382421785
33632674714.0,4,450518.584623727,544591051.4240994,102447164.1009705,450518.584623727,3043.758621390787,73.16744548664646
33632700314.0,5,404073.00473161903,587731569.7876327,108565721.7669247,404073.00473161903,4024.5979295769675,69.72546904717558
33632725756.0,4,155963.1330593,572231160.8888093,88533335.67504855,155963.1330593,2296.6536034078945,71.17658154174512
33632761900.0,6,593879.2831965891,789696242.4936843,141919675.0828118,593879.2831965891,4153.769451603817,33.393742909187765
33632763342.0,3,356187.0798967907,384701488.41274333,34243683.34367584,356187.0798967907,2451.2980269422487,95.488095463282
33632791342.0,5,582056.0570729756,507134075.76781845,125542546.87979929,582056.0570729756,3353.3072511386176,69.31828294045987
33632826747.0,3,356109.2714366812,203585368.95192224,110559116.6134825,356109.2714366812,1263.2260428388745,70.58630646608948
33632897064.0,4,400734.0636977515,327286875.1669217,82556598.89262286,400734.0636977515,1033.5949325435447,61.072938495087556
33632922481.0,1,22168.5964529583,102929507.39454196,14634845.269551031,22168.5964529583,994.1507092755412,48.2246154489686
33632937902.0,1,27969.15086630998,72410669.40264621,14479649.35697672,27969.15086630998,1101.9666255807256,63.952036108166304
33632992356.0,2,212360.80841215415,127629510.77066916,37448576.14433066,212360.80841215415,5599.223346426366,69.32390669756552
33632993420.0,5,240089.99807412858,785869439.0041978,121749453.11331588,240089.99807412858,1731.046544732172,38.7478289891553
33633020885.0,7,507130.61722823593,697124898.2219859,142242445.46301147,507130.61722823593,1935.1028759685794,79.13289992843794
33633027075.0,4,333285.9277107837,501277034.7479881,77318545.97967291,333285.9277107837,3676.694121140403,54.27725961756787
33633063155.0,3,194041.5804018194,291584258.0215172,74871014.72961861,194041.5804018194,792.4834541730215,65.74395871498427
33633066465.0,4,458875.2660159444,596559258.0782677,70196815.3170474,458875.2660159444,940.0681146796841,70.0900991391157
33633101383.0,10,748972.0791655572,1457989158.0008047,274404939.45609295,748972.0791655572,2507.2752677951203,58.79063124845699
33633116992.0,3,363246.39536298363,350362295.2957593,66682762.48588277,363246.39536298363,1871.8991546410361,39.27951609265397
33633151417.0,2,177573.86627972382,337179550.5423743,43062269.54307336,177573.86627972382,254.03459330809142,109.1965854318082
33633195170.0,1,10298.93925860817,52755184.381521694,18609576.45015088,10298.93925860817,878.6580327119591,37.73271881653923
33633215061.0,4,315647.0129503782,750759116.1697726,72974036.86184247,315647.0129503782,3930.4377098652303,50.682874956767826
33633234510.0,1,142787.03723878117,131224352.98946722,15248998.033525528,142787.03723878117,601.7157835136542,24.9830312993826
33633240984.0,1,24210.99818600852,83136202.76046637,13099787.317289036,24210.99818600852,4728.199128163631,22.641582697570502
33633250723.0,3,380962.34233946155,288886207.60963756,88797826.44197229,380962.34233946155,1639.9176047312837,42.00933136096564
33633255666.0,5,257684.32499174756,562353962.4012299,103055325.59746403,257684.32499174756,2657.0093730184544,67.86005390802377
33633277458.0,2,117254.30197677355,290096717.9872533,37565222.174424544,117254.30197677355,1919.5453182233935,117.64904005649473
33633278769.0,5,623872.2506266728,651229904.0000049,103534589.21447656,623872.2506266728,2659.309582414598,69.557735446329
33633284856.0,3,320609.0214422982,333053202.264658,54778237.23448006,320609.0214422982,749.3398167804421,62.29545401105779
33633289643.0,2,193473.29244712056,250307975.64765316,67351589.34276976,193473.29244712056,4750.299708119701,40.76667585296819
33633295179.0,5,419030.4080129557,788730045.7762566,122860684.99738815,419030.4080129557,2775.703657610194,65.1373640793835
33633313511.0,5,280933.30756167683,438534240.91566586,119169378.7478773,280933.30756167683,2154.2126321069577,81.5860796300835
33633335437.0,4,455731.42737499357,382888027.36411846,85935660.5514749,455731.42737499357,4512.82282658429,90.3521259476473
33633387092.0,3,151811.1223317728,307248585.61018515,89182167.14914149,151811.1223317728,3422.2034697795516,54.27121752746543
33633388869.0,4,427113.51784738887,593145570.0155159,97050682.91500539,427113.51784738887,2174.9757771435393,54.1951291677844
33633429562.0,1,6695.776835697021,87798790.84251216,7053046.223793644,6695.776835697021,707.7112376274862,43.65172059954618
33633448674.0,3,283397.4281252506,470606223.865208,68658936.30511314,283397.4281252506,4490.645672575873,76.02429522099779
33633468625.0,3,137394.3542550284,473478772.563836,51336076.14683195,137394.3542550284,4929.318530905193,48.16012121670883
33633480675.0,3,373730.1043029908,585803563.2993414,58205640.7629644,373730.1043029908,2123.6137615707794,72.81728634466405
33633484187.0,4,210182.51078828337,414310882.4992167,64577002.48787228,210182.51078828337,2367.8463005590306,69.97505572481077
33633499306.0,2,78722.92616882823,204994868.36942458,29624004.155538917,78722.92616882823,1823.960201669126,61.904811354460726
33633508102.0,4,420347.8935484887,539859035.8235403,100348239.88991721,420347.8935484887,4409.64207999264,40.89641998533437
33633567809.0,3,101944.65796841573,343270917.90762573,60679454.3331555,101944.65796841573,1465.4329890136912,88.05783029795195
33633614649.0,4,286663.6137404627,709789904.0349679,93845595.48281288,286663.6137404627,2182.87839013746,67.85487038133752
33633623755.0,2,39864.117701607,348829242.19715387,36983328.21865346,39864.117701607,1440.1366000663468,49.16162127099487
33633637222.0,2,220463.01045771842,287475000.5162289,64610288.56140526,220463.01045771842,1054.0690769352254,68.79274137145889
33633647205.0,3,398842.5168517883,385819123.0214636,71516305.20229231,398842.5168517883,2933.8533528843222,76.21716199808634
33633656190.0,5,476032.4470259677,487027279.3580838,143917332.34227163,476032.4470259677,2837.1975484475633,85.6256433668046
33633683333.0,2,285727.9588712348,128542897.28935848,43151235.242087804,285727.9588712348,2666.1952136736513,57.19663229020611
33633685747.0,7,1051009.856751413,822679709.9675691,185911658.71657872,1051009.856751413,2045.1860380911587,62.13675999688019
33633689071.0,2,247641.3463690132,123475909.63577196,68022037.79251565,247641.3463690132,894.1795943913635,54.28067302220767
33633705256.0,3,156634.03536589566,205604122.5542199,63743380.77584885,156634.03536589566,2443.366336606583,42.689291937119606
33633717335.0,1,189660.0590326485,84466661.1246674,39101207.4444602,189660.0590326485,5133.5415625578535,23.475353549210897
33633773962.0,4,260067.62506994384,494869343.9773209,51587416.2678301,260067.62506994384,1254.6622689211924,34.5540618534238
33633787347.0,4,221492.25853269952,429667468.7705944,66427424.0235322,221492.25853269952,4282.26118459534,79.50184429297983
33633841962.0,3,216882.2203789991,411246727.6046308,56100885.72845335,216882.2203789991,3857.249506728327,82.04890617518089
33633846553.0,2,328604.0949835718,224761491.04235286,30865499.285997067,328604.0949835718,2494.4871797597193,56.17711786458898
33633930984.0,5,372057.52020744566,476185036.583811,94471421.4212842,372057.52020744566,2853.9333491994134,50.13883643246067
33633948053.0,4,359399.591719641,494216912.32300997,68106206.09370688,359399.591719641,1811.891346656599,62.30665756923092
33633992154.0,2,101320.28297461578,268633444.9653616,33465544.381848805,101320.28297461578,1526.453860225678,51.52954146188696
33634003801.0,2,72595.08227383907,278741500.065796,43622942.714827895,72595.08227383907,481.3617701749317,73.4931991798455
33634012790.0,3,322426.9917994768,600573477.4273342,85197668.7473446,322426.9917994768,2469.946861125032,64.63348960457542
33634062169.0,3,415178.8639924398,301254659.8759625,83482554.42953828,415178.8639924398,1739.2524930119391,73.0857130160897
33634101438.0,4,588852.8255028928,715687479.7611428,91731112.54948899,588852.8255028928,3032.6999446422474,73.81636061505579
33634133277.0,5,435628.96224663674,741149578.7262183,93093541.12618603,435628.96224663674,2985.477679716404,65.24703246685418
33634151842.0,1,32619.961869087736,102337585.29091,29820502.799071305,32619.961869087736,1373.132505613357,138.96584550966443
33634192961.0,3,163800.6262450133,363430745.3432841,49929905.77395935,163800.6262450133,1182.4053371816533,66.59350537558969
33634210512.0,2,111417.79921292167,235783380.61352915,62912705.648035556,111417.79921292167,1132.3999114746082,67.95932199175233
33634210749.0,4,157900.3510949572,354652054.26418996,76950895.05187756,157900.3510949572,2670.2402108102315,66.39910456314283
33634244264.0,3,167745.1643659877,360056215.9284601,63276818.188947834,167745.1643659877,3984.3321399423935,44.995908725169535
33634245082.0,4,323675.71542902413,785406134.9958136,96851553.1880218,323675.71542902413,1371.8341587502862,75.27710270717022
33634276628.0,3,145752.2159317119,353076009.9356673,90297470.56923793,145752.2159317119,1822.8536930720577,55.81577734028647
33634281104.0,3,211793.77507975913,464525174.13308525,90308743.08852881,211793.77507975913,4537.8589314044475,76.18494552841484
33634334476.0,3,180659.02501113835,430433485.8053771,52790126.904228546,180659.02501113835,1811.2836660124597,50.120582363988355
33634362375.0,7,720864.7419823776,737430880.7817189,166050300.7755999,720864.7419823776,2999.3697151710617,67.35756719747297
33634363941.0,3,437919.3588652921,217316219.72093722,73310667.83093807,437919.3588652921,2186.578050522589,54.52388676734316
33634374842.0,1,32176.26330600014,52695069.17310493,48436834.36833043,32176.26330600014,1383.1070212718314,55.101134663140414
33634440805.0,10,767375.3477416519,1299950179.607278,219455834.69276872,767375.3477416519,1745.6051566544622,66.4444971546396
33634444321.0,5,526267.1168918693,679656987.866672,122023342.44699615,526267.1168918693,1726.7390459760657,58.12115846134859
33634455289.0,2,311252.45179711434,280043706.100023,37581903.328707844,311252.45179711434,1133.9914113252412,43.808138587965736
33634509968.0,4,285096.0737257542,548267357.2563636,81576445.78478561,285096.0737257542,6061.212107082843,88.20170781203673
33634525886.0,4,464774.273568267,627158732.3627954,107159967.43022197,464774.273568267,1822.617324006777,70.8265186473646
33634567790.0,3,103703.12832383935,487540109.07452834,54231621.46454087,103703.12832383935,796.032224646728,78.80330842495039
33634586222.0,6,450035.8641481995,821923929.5457786,181157980.03070706,450035.8641481995,1605.3545904058367,76.6015335582215
33634694812.0,3,301656.5585482705,390512379.1164947,55892731.5706541,301656.5585482705,2310.9826946619555,105.05888949181686
33634723448.0,8,696714.291025173,994117153.0406147,155195785.67670533,696714.291025173,2025.0080923038586,74.31589672795161
33634728252.0,5,452401.5648649954,624678774.3920707,87762413.8563868,452401.5648649954,1925.5079431017039,53.87820348441287
33634728848.0,2,237740.99909737124,310862889.4906299,41427580.69681628,237740.99909737124,6195.9114120679205,43.2704207347819
33634755666.0,3,305536.90113499505,504084186.52964014,27485629.106796864,305536.90113499505,2130.575503928371,53.64004507889521
33634768424.0,3,422910.4423759638,466893596.5814358,48743481.82538974,422910.4423759638,792.2062145132312,56.71611336217996
33634795222.0,5,357980.25514140696,777414669.1371756,120077846.78712976,357980.25514140696,3311.821873468381,67.8836791421082
33634859871.0,6,451764.00068608945,815205606.2514399,166417913.7141131,451764.00068608945,2472.1484994154957,47.13738488800329
33634899065.0,1,65704.4196678084,133905294.75412682,42772816.77731736,65704.4196678084,1107.9833542510096,56.4465773885375
33634947744.0,3,397916.2979416752,384578922.18059486,70028515.77077064,397916.2979416752,4138.487959912966,67.76078934266435
33635050090.0,5,388489.4267005806,722998053.0522178,124990361.41105017,388489.4267005806,885.0765404433545,43.10143885469701
33635086627.0,2,79697.83098648996,197937126.20472953,43146253.15199414,79697.83098648996,3877.5038154868516,46.0944268760298
33635137138.0,4,178318.3259103688,590874910.907785,110969714.93790974,178318.3259103688,3079.510228684818,54.96930951575981
33635146282.0,6,546192.2550474778,865077604.4547565,87721088.17490943,546192.2550474778,2976.6041663972296,78.05282241618924
33635153646.0,4,440957.4655899937,460409508.26355916,105969280.964625,440957.4655899937,3285.041805445318,61.96992233729716
33635177127.0,4,438092.50535562506,433193860.39806765,90376565.21830271,438092.50535562506,2494.087310703624,35.9030848020522
33635192630.0,5,725779.554268253,489475665.4738579,104342974.80235451,725779.554268253,3664.9828546987164,91.212152932505
33635214698.0,3,310712.75006368157,333349595.6754589,48645075.363428414,310712.75006368157,2045.6544582614613,49.106405373288474
33635227191.0,2,38777.79238603851,224340834.910249,54981766.430776924,38777.79238603851,1555.1233605420746,53.4192614562207
33635239821.0,6,617176.8599899265,934649632.776377,146632874.59983325,617176.8599899265,1489.9719011220138,74.47641898904415
33635254492.0,4,518115.99860232015,799673943.844531,102360490.19094715,518115.99860232015,2213.864025160412,63.582445036885844
33635258148.0,1,88103.5505275753,124212670.90096064,21567522.678767107,88103.5505275753,7081.8950763463135,39.14271536853156
33635258425.0,4,348191.4271237963,418049833.1402758,51762773.258395016,348191.4271237963,1437.8394044819443,62.41639417794084
33635288599.0,2,42375.17493282902,231311652.72002926,33947161.233312815,42375.17493282902,4246.215608732851,51.39277166276658
33635291709.0,5,373641.6171555286,644720662.3155323,150502879.22812885,373641.6171555286,2736.558815465036,60.024666864998245
33635301054.0,3,211786.71317591667,428429843.94242626,61909764.907132395,211786.71317591667,1870.5668441676692,61.655444591738416
33635329097.0,4,394137.6077464052,441042572.981725,99961417.85455401,394137.6077464052,1899.0618898947375,77.91056676030956
33635381224.0,5,303806.8767435375,565741194.381442,94915632.60426155,303806.8767435375,1807.8548826894778,44.32068623498649
33635554414.0,6,513166.9031861961,520285058.6979804,121823811.19519168,513166.9031861961,1873.0929080145027,60.799950990128906
33635560098.0,3,176476.44201409962,611850168.9103274,53484500.60510667,176476.44201409962,3242.3808958738246,33.820237725687065
33635568906.0,3,98507.39124939092,307538868.37476957,91107367.1934314,98507.39124939092,4381.096246899465,89.19113465420365
33635580123.0,2,190919.70478254475,260819536.98479778,39560819.70593889,190919.70478254475,656.5574672848015,58.445238806166046
33635722525.0,5,658024.5094913178,477862658.1578609,151232570.3034441,658024.5094913178,1595.7806182681304,64.07080168500937
33635793044.0,6,941517.8076806903,867762275.179637,159958448.41039926,941517.8076806903,4171.63021102325,71.89312061345254
33635827438.0,4,259024.37220132514,401558854.6416844,102328186.38782428,259024.37220132514,4112.195376359163,52.735772505964206
33635836512.0,4,339762.50082005974,566620536.010538,105150080.91858335,339762.50082005974,1965.205163483871,86.38436046933478
33635841846.0,3,327362.70278581436,386470922.569682,96671018.05874531,327362.70278581436,1696.4289173941727,84.41169190237376
33635856919.0,6,543275.2151613903,685216527.6429591,167581430.22547305,543275.2151613903,1534.5041065480364,36.444877378099534
33635955176.0,6,330052.9978539099,1067338669.933372,167457312.5196606,330052.9978539099,1446.4719475892205,71.58127838640824
33635974082.0,3,305390.36715170735,258063432.06852838,93628611.9106414,305390.36715170735,1520.7649959784794,86.77820222739747
33636063245.0,2,80075.42354448682,339069523.9734554,55422483.67752865,80075.42354448682,954.4885987590516,109.13306397040773
33636098641.0,5,298999.1008135713,726515863.2484016,110896662.06238535,298999.1008135713,2706.580330149768,110.5725627911414
33636133385.0,8,497935.63885622274,971773044.3497885,206020089.0769828,497935.63885622274,2639.7832479653725,85.36618086468417
33636150956.0,1,115177.99750331946,96949487.51529418,27990570.42606217,115177.99750331946,2895.788887359017,64.41293747827164
33636191539.0,1,152234.68778308344,99381681.67033976,28394205.7819543,152234.68778308344,391.28990298207015,72.90734097095803
33636216317.0,2,199412.71529515076,163747028.53083274,59488292.464021295,199412.71529515076,787.7508106313762,44.20663203698005
33636231747.0,3,227649.51567999687,396376749.76384,91159120.54614489,227649.51567999687,657.0195636732094,49.168290820435296
33636256629.0,3,128803.40475018419,425298478.6202615,37987889.44156212,128803.40475018419,3092.9897831734743,63.42133339407426
33636267668.0,3,75178.27934072148,353940947.6384403,75290568.79746014,75178.27934072148,1356.6632691159728,58.00758229824413
33636336263.0,7,275209.2073104104,757220447.1017663,145791717.67922005,275209.2073104104,1169.3294064065606,63.65945751880749
33636356226.0,2,128795.13026628434,194684289.934587,32958614.258422196,128795.13026628434,1254.7626852402764,121.56260983781851
33636365210.0,7,367534.16881960246,688324472.72557,183523340.18422592,367534.16881960246,3441.015693774732,53.365806962429765
33636379085.0,3,130413.3550563837,303313643.2867406,29348934.038170986,130413.3550563837,5062.484964905022,106.71837335357823
33636395160.0,8,394150.816504803,1181019410.408088,182724568.89704168,394150.816504803,3003.677309161048,55.55795724367143
33636471311.0,4,308612.884219459,608180292.6754451,97865226.94416349,308612.884219459,2707.082832292739,55.69241761445467
33636502745.0,2,322318.48204819736,270942328.1138623,39546280.06208818,322318.48204819736,1263.3315178577382,32.734901055214934
33636540396.0,3,118852.62803171235,503231680.15042096,81242629.21244998,118852.62803171235,1446.1026856027377,98.80777792972084
33636552476.0,5,581088.5816801438,734405956.3659334,105768030.4635337,581088.5816801438,2261.9725565744366,63.26095019511382
33636658609.0,7,709313.6864307062,1078411770.2921011,151883869.99398637,709313.6864307062,1698.0775623234579,56.46192504778334
33636659117.0,5,782429.3026157309,705722559.9225816,89245298.99510486,782429.3026157309,2259.762082688213,38.20434007044702
33636683911.0,3,245099.15293562243,333593142.43124485,68390775.65818037,245099.15293562243,862.5865769891969,70.46002020725449
33636687290.0,3,185853.28281752294,422092703.11852103,48493875.87561898,185853.28281752294,1844.1480558592564,27.83029417272883
33636704425.0,3,377146.0354490543,290362356.26441985,75155886.11335905,377146.0354490543,1825.6045820775087,30.03255436506446
33636735830.0,3,359902.62441612233,411984091.85227615,48895680.58735703,359902.62441612233,1427.1175409622253,58.17072540824091
33636737775.0,1,98908.9323934286,157577194.47267607,38271602.62681856,98908.9323934286,7081.8950763463135,12.023610635052774
33636778642.0,8,538659.90701005,1067656202.2155708,151782999.6870752,538659.90701005,2247.277510770913,66.13767419394185
33636779149.0,6,231158.6814037513,504346007.88059664,146728888.93772566,231158.6814037513,3726.3145669131895,31.03122265212404
33636844511.0,4,305433.1532844097,312943872.0818545,78746948.22060874,305433.1532844097,1417.539763385381,69.20991152386433
33636854296.0,3,280433.7466843349,337092192.443374,76352711.7809477,280433.7466843349,1292.837963097368,25.403622366531152
33636906511.0,6,225760.4601314942,698250326.6487902,184315043.92195958,225760.4601314942,2430.418188869648,57.20891263744668
33636912512.0,8,943119.6063217672,857337844.959997,133224146.53466207,943119.6063217672,3566.5327990980877,59.14618212635661
33636931806.0,6,582461.2343456259,597445676.5798568,158104836.54998448,582461.2343456259,3169.6739503458016,41.676586602888165
33636939239.0,2,311881.09367415466,145679362.0067984,56758795.85496399,311881.09367415466,851.1084230786263,46.81709171423678
33636996639.0,3,215693.811991288,470952508.97247666,107944833.97163461,215693.811991288,3184.2968896906928,47.94296363860227
33637009224.0,2,134202.51443719803,285909374.02605677,33416016.47644962,134202.51443719803,496.16899472417606,93.55019311882555
33637090738.0,3,95741.82893899939,411274698.9970627,85658858.87496269,95741.82893899939,2376.3871038014126,38.09701888447185
33637132021.0,6,547673.3075259959,677119791.9173666,137838999.04420877,547673.3075259959,1808.097761099022,64.81054989881889
33637180308.0,3,57007.543056326555,527020566.4708369,44318491.31899405,57007.543056326555,1445.5900942947349,34.45561612247024
33637209162.0,2,109181.08973963402,304597269.86318916,59182156.20369614,109181.08973963402,520.6275012046726,69.76601498837984
33637259197.0,2,236245.65738464933,244628274.7860437,71360313.02091564,236245.65738464933,3409.710164404632,54.16076581725359
33637270507.0,3,203910.0975039241,369398420.30853206,94090201.03222376,203910.0975039241,3324.3550598142197,77.75753660164396
33637345255.0,2,190133.27325556832,296033665.3361072,57669864.4380021,190133.27325556832,539.398170870121,35.44280338083365
33637345820.0,5,382319.8229909083,701680782.6652267,79829573.84663403,382319.8229909083,2473.1398945761234,36.24711117966985
33637348975.0,5,676864.5798263985,709969158.8709136,154159984.38196456,676864.5798263985,2019.505629334299,81.64930119075964
33637364435.0,2,106846.89408355638,211821815.4755057,19720635.355301905,106846.89408355638,1032.9664868425891,110.73808248012928
33637366868.0,5,398431.06853582506,521686759.5537995,105935144.80266678,398431.06853582506,3837.817852481844,45.952017809442935
33637381509.0,3,223557.646353047,457694425.72530043,104959705.8643997,223557.646353047,2733.565789141688,97.57106804948671
33637427110.0,3,398444.15400351974,463089355.6074502,63992887.660287164,398444.15400351974,3078.7653598751162,75.40500959907055
33637451727.0,3,252925.5091828466,324232535.5096994,62730619.47391522,252925.5091828466,3740.308686016131,65.7662685777803
33637512406.0,1,30590.70112396616,58370596.231113344,20849926.585586976,30590.70112396616,2923.1518808220044,53.32690300264466
33637550115.0,4,512904.121770264,335314125.1031498,88536948.51868266,512904.121770264,3689.9920448402445,51.99308868192905
33637580296.0,3,551382.897184815,280362384.0662069,80549329.27815354,551382.897184815,2736.2811754836716,59.97236983185234
33637596545.0,8,739075.2317980728,925942450.3335197,184661864.24806792,739075.2317980728,3538.850851112263,89.57709822711199
33637640477.0,4,324872.3619822144,435956794.2167914,92452197.1328688,324872.3619822144,1053.3960651419684,66.19695279788075
33637695858.0,2,117125.7706426041,238954901.85308364,43402154.64755888,117125.7706426041,795.5300601512947,81.32669989458007
33637705858.0,4,714527.0488287525,439856297.6461416,67621906.16572548,714527.0488287525,3108.0422214718474,72.72110578601962
33637719138.0,5,406134.4163988185,661303520.661978,111945628.38565992,406134.4163988185,1200.5638082217706,40.706227408719
33637736989.0,3,81060.18267583557,360229534.23431474,107071962.68702886,81060.18267583557,1694.7914167248373,101.82441020253356
33637758455.0,2,55368.13835941749,289198791.10745215,55033546.5129713,55368.13835941749,4818.346743350758,38.18165849673578
33637780899.0,3,196284.66629274187,346701637.15957606,58133614.86623654,196284.66629274187,537.8209168174808,81.52867087498633
33637804333.0,3,391748.4355152477,265640409.50855643,33799695.23877446,391748.4355152477,1463.5675239552208,88.11639293639807
33637812615.0,1,9470.8469332401,158090808.27493143,11271129.773223411,9470.8469332401,3369.903022336684,20.53490145194105
33637870540.0,2,262466.0596595689,223682059.5323657,46550755.61420432,262466.0596595689,4970.243648301788,81.12449904202055
33637915002.0,4,194096.3880914115,467628384.7263384,51845755.871886514,194096.3880914115,1262.8748395476039,50.58503616282967
33637950196.0,2,173149.48674479924,276195649.18354505,66015427.08168687,173149.48674479924,3699.012872338103,37.226514688863205
33637965074.0,5,302232.77318136365,673769668.3883704,120922992.49178734,302232.77318136365,1629.7107397161915,40.90231444794564
33638044174.0,5,326399.48824335734,747202686.5156791,114547354.0643349,326399.48824335734,2591.2336286214904,66.43538821320882
33638046417.0,4,218966.0226196706,627478802.3031669,75279512.18949467,218966.0226196706,3803.720715242802,82.24055361604246
33638088632.0,3,209720.30637508145,343653326.6241818,110177899.64671698,209720.30637508145,2528.9067115277753,43.19603078140568
33638098059.0,5,387958.9971374506,611890398.2984784,139304063.66154537,387958.9971374506,2047.733489443132,77.52753373288446
33638104320.0,6,876285.8731788012,791370343.7854024,159684129.05346787,876285.8731788012,2499.364009874259,55.529165230863605
33638105186.0,5,264394.35721566295,639820359.212327,118917950.99955957,264394.35721566295,3720.2423656249375,59.600288833718665
33638172140.0,2,407973.04495530156,259765311.57137758,34356697.78339413,407973.04495530156,3930.4921160279314,132.3238256747065
33638175911.0,6,334338.7799304784,748998983.8129542,138859915.2998789,334338.7799304784,3910.8684749091058,51.59422061246212
33638186921.0,1,66480.43813376076,170716640.7401665,13497442.068626408,66480.43813376076,1720.9324253819511,15.598116503616817
33638190067.0,4,568225.0873055074,456171525.8173842,95452252.8930414,568225.0873055074,1170.1110171724886,81.75643488607678
33638204739.0,5,491810.614096103,441651372.57732004,97968200.24574581,491810.614096103,3145.790172559599,45.29719153851203
33638207970.0,4,386472.08506862266,606659880.0019274,62821740.134128,386472.08506862266,2524.9241792901094,67.7673351001419
33638267184.0,4,431793.6277687214,439976224.76228565,80629105.9311356,431793.6277687214,1091.1310680618958,81.70344895100988
33638272916.0,1,55895.90779487738,126444956.74504931,19693220.41439901,55895.90779487738,4277.843362477906,19.165802968834683
33638348817.0,5,314210.6941989423,519582062.662328,144028787.22498566,314210.6941989423,3063.808112188407,54.34895232422567
33638356738.0,5,256009.5433337304,736314931.4765788,110183798.51425113,256009.5433337304,2836.484377147661,37.88434529698033
33638398068.0,4,343081.5914134873,459045966.2958373,91603562.06613879,343081.5914134873,1221.4145803172498,63.64787264311592
33638433648.0,3,316537.22871255747,350260621.3989226,61599273.06426154,316537.22871255747,3668.038640674558,93.24191478616069
33638465797.0,2,139580.02239564457,332217595.6642435,39979490.76746622,139580.02239564457,3462.3980923370696,86.57945328003572
33638487589.0,3,310929.44065690035,398806273.3999009,70325812.03095469,310929.44065690035,3341.540915879729,87.2500764439384
33638500556.0,4,672250.7148463498,672086191.0681994,68629327.31453869,672250.7148463498,3793.4585191557694,100.82738632200108
33638506244.0,2,330504.0424304794,221993066.65258163,71081395.34176949,330504.0424304794,4311.42922016679,57.97745870751686
33638563971.0,4,376728.3400702483,455233306.5982172,106166890.59225845,376728.3400702483,857.8296856654787,76.6608147823114
33638570055.0,6,722018.302969472,561330668.1293427,179220805.35078603,722018.302969472,3056.9175279472984,56.586194293947464
33638688729.0,6,390500.19618522754,760911172.4716076,135805120.07608184,390500.19618522754,3479.6104613311823,54.874864469107074
33638709379.0,2,43333.82679893302,122879914.28676385,43355480.58950818,43333.82679893302,827.5953212622503,62.34356400335956
33638727993.0,4,237383.76707941218,465006108.31265265,116635311.66049232,237383.76707941218,2645.0740610128505,57.29487237231367
33638728437.0,4,409953.8247696771,417562853.6476275,105823724.21831697,409953.8247696771,4935.306539589294,49.171169639468296
33638748123.0,5,236756.90901965232,409502108.5352912,90827133.09592228,236756.90901965232,1928.0369244324902,72.76755823387776
33638751505.0,2,195932.20368898573,192173819.3745597,30898253.92856371,195932.20368898573,3883.9673558596064,35.32947085119893
33638820898.0,2,184205.33421625296,174859171.57652333,38147726.38521363,184205.33421625296,4021.4650451497882,52.59787195088896
33638899868.0,5,414037.70468312694,658216289.4003551,127668489.0066779,414037.70468312694,3710.0315123641253,64.84106400587355
33638911861.0,8,805869.1155785283,1088543163.93779,193980447.13854912,805869.1155785283,885.0281181144039,68.28514525707818
33638997485.0,3,295495.7608292278,245131178.00775912,40081354.21793662,295495.7608292278,1987.46102078527,54.654167099437096
33638997889.0,7,506531.87788134214,1032303944.9145752,145800445.60844976,506531.87788134214,1808.2056587950215,45.86183077928539
33639009512.0,5,220895.83471277598,349151652.85343164,87556377.1593465,220895.83471277598,1992.4273023932758,64.41387411509336
33639012949.0,2,163426.2807062083,296540027.2702888,43498118.86740482,163426.2807062083,2896.1546298045196,101.41421697048816
33639061846.0,7,669484.2344670331,836078158.6000514,112983387.47957432,669484.2344670331,2544.0184446732924,42.76484784708787
33639063435.0,3,111957.52934783559,376464173.1153222,55560312.129812956,111957.52934783559,1447.3696481376028,46.71967048329015
33639084871.0,4,94979.03578001389,399878297.36681676,102114154.48495468,94979.03578001389,2056.0937425892207,43.96496424645145
33639093907.0,1,266716.34178263147,93624020.545551,38296034.48503929,266716.34178263147,1997.475306775656,44.31433139953731
33639105135.0,4,513051.17358657555,589920659.6127033,90324946.73291233,513051.17358657555,1513.9640519773307,92.55564413654791
33639124900.0,4,399515.317368879,455682266.596446,72054102.6965298,399515.317368879,1257.8804769272335,56.63755325021458
33639168464.0,7,528261.8847222065,918261081.7045231,182836407.94487765,528261.8847222065,3133.227216094173,77.2287213596098
33639168537.0,2,32148.614621337903,382026404.3849968,63193877.39159718,32148.614621337903,3669.62381477789,58.773226981124544
33639171429.0,2,328577.03384637,187227050.01526487,35313701.182564594,328577.03384637,635.554855000986,85.68888065332769
33639188752.0,1,54613.1220915116,118809608.80175336,6325724.117618905,54613.1220915116,3910.860468009697,20.9448578292958
33639221379.0,4,188803.88761381048,435679145.5971029,88787443.39814833,188803.88761381048,2102.254079323593,77.81797630326406
33639263888.0,3,147881.78778607692,331200121.4321803,107980990.92402521,147881.78778607692,474.4928723513612,100.50661163698628
33639264326.0,3,205659.12957938592,458406062.3912263,68799965.49656078,205659.12957938592,3801.8480007198036,56.70295467531097
33639342048.0,4,225938.88227090598,546884095.0204726,63478156.9929294,225938.88227090598,1451.0295445421373,69.9392862678176
33639365614.0,3,366183.27369547024,469598709.34076405,118952242.12211433,366183.27369547024,584.2432353460017,60.255996463114116
33639367077.0,4,577109.0541205315,427802699.74980074,122906990.55537894,577109.0541205315,1749.3417724233395,45.312382166481996
33639370827.0,3,47737.90423715203,385194221.7281435,49722179.15122083,47737.90423715203,2860.5657907722466,36.3666626042586
33639396163.0,5,361112.4773973836,497699084.79352367,138856813.4461487,361112.4773973836,2460.3981408704667,55.04846393354726
33639461504.0,6,533897.297489719,856334806.5715413,114614961.8779639,533897.297489719,4141.627464984766,47.77797701372558
33639464339.0,3,206493.01010327222,471199042.6810428,64809146.097144395,206493.01010327222,2361.1746715966533,92.3923386010506
33639469068.0,3,341903.7943745762,338032589.257102,100147067.79119924,341903.7943745762,737.1646351337278,66.12580586709669
33639536204.0,4,499331.28640324017,346960072.91639626,114527419.67515999,499331.28640324017,3706.9220960261428,46.05248359374792
33639538040.0,2,170037.61023211404,260049059.3277669,74564803.66949448,170037.61023211404,3130.1820875297617,59.51955167307215
33639549535.0,8,346806.08300595806,1096039860.615746,200662867.52630466,346806.08300595806,3274.247597162993,55.28051877694911
33639565896.0,5,420930.7333048684,462910869.17462426,120257657.48568302,420930.7333048684,1003.3571370933334,83.1689995288987
33639581501.0,7,695008.5005457093,774199624.356335,162751664.00675008,695008.5005457093,3191.5558329625023,64.35744742876271
33639677043.0,6,925621.0932072005,662738308.241606,160674575.44461673,925621.0932072005,2739.3452148586643,68.22738803091123
33639702914.0,2,196886.92227265958,192410120.7375149,37820637.86300244,196886.92227265958,3723.4802323067815,65.42369580859057
33639718818.0,2,174369.11047832173,440309995.290367,33065125.65642827,174369.11047832173,2184.600921728069,32.40151312571935
33639737667.0,2,178423.0963520864,177592196.88131452,38839840.93404893,178423.0963520864,4335.686558927281,38.55583503463134
33639754469.0,5,533184.3133062948,508292831.7945177,105144714.90547875,533184.3133062948,3197.1290415455674,44.93279408734647
33639805505.0,5,675916.7312019443,643238468.7360945,97765196.47325554,675916.7312019443,2542.1779095963534,48.182392200140995
33639822180.0,2,150227.307151712,312295303.61359274,42166228.91037387,150227.307151712,1541.5609703939383,67.65003237614299
33639851990.0,1,41782.42102160671,158992240.72176835,11443462.825221865,41782.42102160671,814.9660125106045,116.3624381225896
33639900787.0,4,378938.91971604363,405395746.3499334,137304911.15019026,378938.91971604363,653.2664388338039,73.13073840690814
33639920720.0,4,486950.7671520282,510083190.5544286,71798069.96942648,486950.7671520282,2384.649563792418,49.762424861468915
33639933823.0,7,485074.0051754367,842973346.3962873,167110586.05449623,485074.0051754367,2078.1064642561296,56.57169201084305
33639967940.0,2,386815.87859394005,218816778.31373882,49386266.18299052,386815.87859394005,3575.165134232685,62.45635714450012
33640024204.0,5,396046.09210271767,620986497.2376876,117380707.07540625,396046.09210271767,2683.9108191888563,58.61781988201867
33640031137.0,4,281350.4425770621,343241844.4848146,93094854.40443689,281350.4425770621,1926.7343948560692,89.72826392652483
33640061031.0,2,193738.10014452843,341380877.47685826,32409430.93221792,193738.10014452843,343.9759251696596,46.85446429851976
33640131276.0,3,155614.96740187163,309612634.54176307,69329500.79324163,155614.96740187163,1568.380734057678,28.19795387683224
33640185054.0,1,40594.29353945254,119468598.97337209,20863381.346646465,40594.29353945254,7081.8950763463135,22.428465027178635
33640190179.0,4,256462.40414172434,527064982.1154749,65224030.59373845,256462.40414172434,3056.9550124835378,48.712727237605286
33640223477.0,3,378563.8373336769,315466928.0762561,68814234.49237287,378563.8373336769,3256.196093744165,52.36894646830515
33640256337.0,2,211498.84426151213,320409639.3571633,42533886.39926325,211498.84426151213,466.4442921658975,67.18569977526414
33640267797.0,3,275591.75747825304,328313708.23286223,54308343.20358867,275591.75747825304,3236.3794641246445,89.15530097614726
33640272855.0,4,125324.80385134112,575905768.2515373,108101995.61917542,125324.80385134112,1034.3944972738154,56.14867229193557
33640284261.0,4,404342.98239750316,491844516.578996,77475962.92895252,404342.98239750316,2533.538560498636,45.669423235604214
33640315282.0,3,214818.39978032262,369327806.5999797,107521693.59203058,214818.39978032262,3698.8637227602035,68.62690598552052
33640319320.0,2,178009.60141650378,433038792.3458766,46448430.119707525,178009.60141650378,882.5026492670474,46.53163856861184
33640349564.0,2,139562.0574384431,260649463.05743432,32856757.8944031,139562.0574384431,1610.4687684308246,90.52260831874715
33640354781.0,3,458040.19927232875,506107493.9538691,70267989.74339949,458040.19927232875,2253.892632184975,21.160611537828128
33640413513.0,3,300658.5987257258,316618256.6417098,47699645.107347906,300658.5987257258,5367.098279723846,31.652124037682047
33640450573.0,2,291028.0893594184,239116330.86845523,69479565.66424878,291028.0893594184,2397.433959221711,48.9767011060088
33640503180.0,2,302143.81511110027,192746173.81207377,71664010.16002822,302143.81511110027,2163.728233781549,94.96373923262392
33640555353.0,1,128628.7741788758,99474639.67523023,24393468.86047945,128628.7741788758,1550.962424076527,84.73361722461966
33640559798.0,1,32644.549020342594,77023025.93546984,28570076.59483543,32644.549020342594,139.22422189224824,11.237883672726111
33640590972.0,2,312832.3406270067,328217294.22153795,47530145.451810285,312832.3406270067,4126.789320705751,137.41354521351056
33640596308.0,2,225708.0659434622,169256528.8741882,42917523.49032883,225708.0659434622,3254.7357419158325,85.70013503609495
33640596658.0,7,438738.38062563055,923539015.5173969,126166723.68758379,438738.38062563055,1102.9975764725016,56.192043003067205
33640647215.0,4,293859.86453776894,444469236.4785308,52209262.02962267,293859.86453776894,2184.8628510555172,94.0328722112369
33640671003.0,6,400528.62520128157,926778862.6548086,149219693.93403575,400528.62520128157,2677.158010278579,62.701154005339085
33640715395.0,4,325423.97194825887,509410129.050155,73733025.94163491,325423.97194825887,1892.4993149444172,90.51652179420802
33640732364.0,2,147930.01811562426,203761723.25242954,87944146.35536677,147930.01811562426,3816.228784129812,61.798770564662405
33640773482.0,1,162706.7953557589,138999068.5496184,34540168.0017392,162706.7953557589,396.0476742583311,9.196216142225031
33640779669.0,4,384188.3253885405,519894830.6617823,93510116.18435156,384188.3253885405,2978.6679141301074,64.31885066942259
33640781302.0,5,479188.7032816531,495757272.58476245,169362877.65922403,479188.7032816531,1458.7089459074698,45.645213998760106
33640822201.0,3,266888.7205043575,371585708.44848835,90126956.18923008,266888.7205043575,1827.2448167103328,21.61581689782337
33640831219.0,3,381676.9089432098,401341986.0817264,45700049.83175698,381676.9089432098,1124.7862848962513,63.32232558708622
33640885970.0,1,170945.70215869462,49842083.30382646,22122982.139745545,170945.70215869462,1720.279083816332,129.56867585489525
33640908587.0,2,120570.70830538904,307660678.1499492,57212592.96066129,120570.70830538904,4357.526662664147,85.441303755702
33640912354.0,3,331069.8797750317,320477497.2301308,68246968.78915764,331069.8797750317,1144.31506902853,97.6735148920202
33640948143.0,1,11815.350532572877,77439402.47659297,14624694.29811204,11815.350532572877,988.753285200786,53.18247929818851
33641052238.0,2,225675.95545953934,219842254.20660007,68199633.6735764,225675.95545953934,2046.387094547416,58.41544155761268
33641061293.0,3,364144.096597197,458023636.0820776,71249377.79401961,364144.096597197,1374.9932167448305,59.13016705016895
33641073264.0,3,239574.20383971318,446342154.7057804,84883451.45296024,239574.20383971318,3470.228475908796,110.67280170333606
33641099208.0,3,219425.389607659,349355654.5576725,46861564.48772195,219425.389607659,3744.5934839738625,60.46041840224067
33641146082.0,3,191209.22702334716,391358975.83173925,81789197.71892898,191209.22702334716,1156.9118197320686,35.55126559477504
33641175239.0,3,269405.1391709569,396010935.67050624,51598176.56209058,269405.1391709569,4477.906384292124,62.15624690473786
33641199893.0,3,498102.8370385304,364721459.9869725,49608362.314363286,498102.8370385304,2186.519567792233,64.87912658213706
33641206052.0,2,50299.82466438402,198758804.19446725,54145830.407215945,50299.82466438402,2071.4222227325336,57.46840550690018
33641216359.0,5,292639.92714344634,544832524.0361876,104715521.7290768,292639.92714344634,1430.4529138129992,72.76807090813128
33641241029.0,3,282612.067436044,382581290.16195947,58796904.49160425,282612.067436044,1282.7622729251837,60.82787760240464
33641251097.0,8,787544.0346048579,1026079497.544455,193909281.32266232,787544.0346048579,2155.8938605122953,59.1248174403335
33641263040.0,2,210408.5050006751,139113661.59382772,34644229.42206493,210408.5050006751,1627.4097968700826,21.707051518328676
33641288562.0,4,310249.4750579751,507573323.5220977,127025898.36099681,310249.4750579751,1543.6222552719255,53.40258488914644
33641299028.0,3,391608.77148469223,292860211.16318727,62835005.77003193,391608.77148469223,3158.561400755782,47.14525836224423
33641335282.0,2,78918.21473261097,310440251.16587853,29996247.99188415,78918.21473261097,3247.2256081899905,74.67627956196092
33641343819.0,1,169181.85498495775,158259549.14490148,21632842.24873541,169181.85498495775,1229.8727421415535,67.86450279638998
33641349379.0,2,295361.0821423178,299707944.95581734,63967384.241967425,295361.0821423178,4686.12501974754,96.85440484948288
33641354977.0,4,266429.28425165615,508799789.52495295,79649955.59279618,266429.28425165615,2227.828138057553,50.813890483175996
33641378291.0,2,66411.5564040994,114589477.99905579,44186593.32425141,66411.5564040994,2644.574508470348,90.58750255469627
33641457080.0,1,14111.447600695625,66538472.75657137,32400464.15264894,14111.447600695625,1846.193011558372,82.38779102987037
33641530803.0,3,137289.73163653244,326933922.50888616,60662778.8296579,137289.73163653244,1559.106567544188,44.032369259860566
33641549031.0,4,246291.51766628143,486860567.772846,62503272.98017602,246291.51766628143,2425.2371099389275,96.93653714626902
33641556003.0,5,556490.8098708792,521449849.3656075,103593852.9150906,556490.8098708792,2242.422083390915,86.28134615574686
33641632286.0,1,48498.74928880319,147705748.0141591,31322397.265381426,48498.74928880319,2129.375671148965,95.32038032159257
33641632483.0,4,298518.3895577773,647812303.8515552,94854116.10802293,298518.3895577773,4334.560654806588,30.749166243868682
33641657524.0,3,220958.70318611813,275230640.21682805,75054102.49590123,220958.70318611813,1778.7626573645828,71.38178406387846
33641664126.0,3,239390.5282287335,470904878.2160252,71190464.91209206,239390.5282287335,1451.5559881259976,49.33535802891404
33641665404.0,6,499170.30737197096,592788965.620132,157712559.70349574,499170.30737197096,1890.8469042869456,56.17373325025368
33641670310.0,2,178478.9259737503,259536194.82029402,38323560.85166407,178478.9259737503,1406.6797812841123,70.85324129422972
33641699263.0,7,503088.37634192326,946038786.7991798,233797500.36331263,503088.37634192326,1730.5136542923192,67.06677361812258
33641707048.0,5,258620.32197901144,762334165.8885511,91349220.423008,258620.32197901144,3397.376305941859,55.68677157974679
33641725526.0,4,393688.98355254676,371579977.5399912,114080960.33905338,393688.98355254676,2557.9590617108565,85.75363734674399
33641770093.0,2,61900.02395056648,232544643.04342967,57253738.33065346,61900.02395056648,1986.4169606544879,13.161434926337133
33641808285.0,4,517324.5149338691,427800775.3261572,79959896.28201383,517324.5149338691,2950.9638630266722,33.38233648399712
33641834022.0,4,571604.6731022497,637636794.6475892,121717415.87627669,571604.6731022497,2227.941751861595,35.4140939429891
33641853087.0,4,239810.39770875842,613574283.338913,138694147.73087597,239810.39770875842,1684.5722958342128,50.96572102513469
33641873646.0,4,365020.04517958936,500034069.7373724,52802550.503553174,365020.04517958936,2853.2576907730104,79.57073348005478
33641886947.0,3,332910.5043553801,627779794.2113738,115029867.34017406,332910.5043553801,1943.6599142647858,45.9250970162154
33641918507.0,1,57362.17254136261,80321967.51095165,50260124.94679316,57362.17254136261,1925.5638276084487,98.94172266075743
33641927921.0,2,105874.16109832343,117557793.88659869,39330706.79216746,105874.16109832343,1012.4251767889348,122.03297441715478
33641935646.0,2,294855.69168742275,129110064.2230759,68926078.8885551,294855.69168742275,6359.562990494904,77.53104443138031
33641970599.0,4,72251.2713709246,531977368.4408484,95322671.26531878,72251.2713709246,845.3374225702813,56.80022099164343
33641978888.0,5,202332.4454271532,531461755.59524417,126516580.79856128,202332.4454271532,3269.2461027424474,52.59483015684303
33641981908.0,2,150604.71379309552,251119860.06955332,26040508.89074494,150604.71379309552,1622.1647025775758,83.64142818457964
33641984287.0,3,299443.4284984236,367610559.0833939,67911485.1142067,299443.4284984236,3646.834229185343,96.71135753522651
33642002177.0,2,298239.26004379854,324745045.5618263,70655386.79280035,298239.26004379854,3665.478377304228,72.05101987849115
33642005216.0,2,84879.46934230911,211355198.54518253,47913941.08032698,84879.46934230911,2500.7649422548066,66.6661449017583
33642027216.0,6,549282.2579220183,772038806.7771425,209976026.10284844,549282.2579220183,1633.0389268767692,66.08019917620632
33642038060.0,2,227235.91947030765,224518408.53397134,27352861.76124132,227235.91947030765,2440.758479225865,149.2433735939877
33642043445.0,1,42606.64193017493,173468435.1797486,43216968.26613724,42606.64193017493,2083.357541409181,10.277880754276651
33642049003.0,4,411140.25703122385,543690501.5718687,54426725.16646657,411140.25703122385,2322.8042646758468,96.97535561851917
33642073692.0,2,35653.17497856032,233584187.06830007,65561085.118526064,35653.17497856032,1573.2449120330966,18.767249165321367
33642134440.0,1,41703.41506713748,95863642.2188515,8188327.804221676,41703.41506713748,1308.203503003688,21.30791396708181
33642134444.0,5,363366.2163348436,591386446.0268556,73319674.37802818,363366.2163348436,4402.996998907305,26.717369020935667
33642254832.0,1,72745.87588775478,52806066.19495502,18444949.642994978,72745.87588775478,1287.7570140167484,133.724540413846
33642266497.0,5,321133.9536382238,467466178.95769596,153244833.40887833,321133.9536382238,1729.9203808108439,70.60758112647123
33642318232.0,3,207607.2130694251,360410368.6152314,65138878.58101851,207607.2130694251,3123.1718907473264,35.57396156992554
33642325149.0,2,203565.4818688944,99690462.94770846,54690017.53140195,203565.4818688944,5560.427731373274,73.13145541680711
33642337259.0,2,217814.44951677386,488406469.6711742,20362584.307558976,217814.44951677386,1638.6064191726207,42.20546997828069
33642339834.0,3,292875.4931807058,362076752.9758881,60194013.924217105,292875.4931807058,1595.071639563107,61.812109085147235
33642356072.0,5,600377.1742068778,452272442.0338964,169526625.95324674,600377.1742068778,2778.6292939936716,79.00190007731939
33642363575.0,5,696851.7035316289,509854733.7212421,116489213.54912522,696851.7035316289,2061.199561066621,51.91164616915419
33642382711.0,3,350360.91695596534,209540320.66408914,85112748.7418235,350360.91695596534,3360.2073217635357,42.33733061128384
33642386345.0,4,372976.2734155144,369399070.02258265,109158060.80492607,372976.2734155144,3853.297676655001,57.7081369527757
33642401727.0,7,659636.7748005223,1129350340.879037,204465468.13437152,659636.7748005223,3252.7464734951654,53.01685774922519
33642436728.0,5,564531.2840461469,856250758.3602576,94983082.35712217,564531.2840461469,2321.172407866268,57.24121831371575
33642446436.0,4,374930.2275581357,408002010.0609788,106666224.10076863,374930.2275581357,4379.963272216841,103.79037299979228
33642456981.0,2,43919.98894026135,245128118.65703383,62331968.823246494,43919.98894026135,1226.9173712414868,96.36086152019844
33642469247.0,2,40096.1490199222,335392541.10197544,26749307.83294207,40096.1490199222,2114.4389861836034,17.62751566007804
33642482294.0,1,66829.61529763989,70684483.19044784,17676643.023251034,66829.61529763989,325.2721798341541,25.70744588458632
33642576169.0,3,156235.25543742592,461309918.6811175,95018603.5157789,156235.25543742592,2936.678450702058,52.10867785713105
33642648168.0,5,401073.81341027044,821076808.5284108,149458505.02818227,401073.81341027044,3235.6977934504416,65.45735581030735
33642672748.0,3,157094.973022782,368541477.36737055,98435530.56250578,157094.973022782,1289.8646595502125,57.85847968674194
33642686304.0,5,93613.84857274535,725285400.551805,125997384.10704702,93613.84857274535,2208.5393813113537,57.91397228398078
33642735803.0,5,695889.6037930229,539426667.0432277,111265374.21828172,695889.6037930229,1706.9577467883755,44.90429581675034
33642797855.0,9,581739.4971514178,1137090221.9127824,238146198.1004081,581739.4971514178,1666.5106227790925,38.44734463637681
33642833108.0,4,289271.28250157635,609705632.4860882,96020822.63723935,289271.28250157635,2546.6156305396976,102.09726091169014
33642843745.0,6,402266.2122282884,636093535.3677084,127546706.1964819,402266.2122282884,2241.0803092761876,68.4079325932595
33642916781.0,5,474867.290136847,578971607.9852105,101714446.75350964,474867.290136847,2345.8249883030417,71.10637549342626
33642945953.0,5,259018.95298486878,636297616.1366714,129002629.68819593,259018.95298486878,2989.131304527501,49.67488953825233
33642963684.0,1,27620.37879433854,170215510.70248178,27048263.037283804,27620.37879433854,4793.637402542983,76.44823082099205
33642997728.0,5,365359.23534843145,710613879.2889607,137357887.30986083,365359.23534843145,1341.9651650005817,70.96300430303647
33643015348.0,2,63581.577518598024,294814953.0776608,50937227.15592487,63581.577518598024,3689.7559106798917,43.11332679318514
33643121540.0,3,332903.4044875775,330100005.9193368,102165267.30005005,332903.4044875775,2921.2993865496233,66.78269340898935
33643127676.0,3,407380.42013740866,306867795.57873505,68333525.70342432,407380.42013740866,1963.8764259612637,92.73748071846266
33643134205.0,9,999009.8307379304,1197825847.9422708,205345482.78531894,999009.8307379304,1721.8461384227473,38.195773902440244
33643163773.0,5,444775.28669708763,897033289.9036149,106619606.34978251,444775.28669708763,2848.270556143131,59.1274008325306
33643214626.0,2,276094.71607894567,335612963.6475382,41898192.50216022,276094.71607894567,3103.4228342236997,29.75026492241969
33643222265.0,3,444964.3919789227,331604834.70334035,55491013.725324966,444964.3919789227,2000.950041121678,82.70284833248124
33643255876.0,3,355526.4257584907,260348020.5633548,73437943.88991658,355526.4257584907,3522.509582260643,31.819529807223358
33643266319.0,4,326577.1614165262,484777582.04951626,86984666.74109647,326577.1614165262,1657.7018475903876,69.53953050199686
33643267858.0,5,307593.4659631588,654322260.9002187,98013851.70337804,307593.4659631588,1261.3203770380765,99.84150925697298
33643268890.0,6,703070.5533844838,675608466.2802664,110230843.47854514,703070.5533844838,1584.7728218705233,45.61551139992423
33643269285.0,1,46853.06542019752,134699196.46118984,32810678.08457728,46853.06542019752,1549.2911931893896,33.6948391847332
33643283771.0,5,381586.45922698383,600476643.1952764,138914250.80253035,381586.45922698383,3755.152855897798,52.31904268296114
33643458471.0,6,331257.96298847656,792169347.6662291,143683667.92612788,331257.96298847656,3359.438631884255,58.07028100470342
33643523310.0,6,290922.6299541692,787365073.9466441,158867573.6858135,290922.6299541692,2440.3578943230423,41.557106743494906
33643698788.0,3,137416.82103839668,654925213.0679817,61993604.35171178,137416.82103839668,2057.270925405322,76.26550278436669
33643766262.0,6,420356.5426864704,822816809.9109397,133780439.91131543,420356.5426864704,3533.184163427886,107.71831828707377
33643779713.0,2,138291.7312009597,234148147.33352304,60604967.34029685,138291.7312009597,2807.0172489251686,58.55083259636581
33643799193.0,6,407215.4327551271,805114102.0763226,120974599.65056877,407215.4327551271,3856.7510494978796,82.52546479014966
33643812949.0,5,192650.27220948914,568615401.3235352,140419001.89766222,192650.27220948914,1768.7283504320967,70.83532489400737
33643843291.0,3,122761.69048860308,405238946.42076844,68519689.19406168,122761.69048860308,1071.905502572976,64.69928457185162
33643877350.0,2,54110.020237488214,320699254.3143859,44134413.03812761,54110.020237488214,1976.5821841808788,72.79075640612461
33643931226.0,3,283415.353980261,300561528.5209944,61867022.748331875,283415.353980261,803.0503132469025,76.57122660285424
33643942384.0,6,433946.38246752537,762431878.5088849,153668651.68740427,433946.38246752537,1583.2503112432848,49.37577397659109
33643957164.0,4,288125.3116311663,423656315.2327593,99481044.11837271,288125.3116311663,1618.7937090174767,76.30533282439714
33643957412.0,5,368269.4932596189,516612388.9726572,100617993.70467228,368269.4932596189,2665.508387218868,87.25355695059855
33643957754.0,1,191044.12394459505,170713297.49157098,37202169.57780336,191044.12394459505,4769.560313002656,24.971245105493352
33643976813.0,2,80492.58171077004,157849077.4605492,44725578.95637911,80492.58171077004,2148.291195876813,71.16341087257501
33643978658.0,4,544582.6024544071,529676884.6889314,94901942.31416474,544582.6024544071,3235.942635835445,57.830968353809205
33643997463.0,4,455605.7523590682,517980685.4300753,87422207.83527862,455605.7523590682,3694.3258091654643,80.52865649326733
33643999533.0,1,112567.91236852085,103193253.1903438,18832500.193158787,112567.91236852085,1150.9277236800815,67.10989805573958
33644020414.0,1,196294.71548982905,227997260.2318477,17782580.29770652,196294.71548982905,1960.333471977165,28.77785430645481
33644021442.0,4,329911.6883812459,550075532.6657624,105762702.72921453,329911.6883812459,1406.0313154982507,28.538762990143002
33644045468.0,5,400088.926517124,525708548.202683,111417854.9409171,400088.926517124,1514.769342602549,85.1533314358885
33644045504.0,3,313015.58745423506,333091915.5608561,39852024.3505861,313015.58745423506,2952.9848661066703,53.66874427637321
33644045666.0,1,25245.84703266821,83888256.47530575,9202458.417702178,25245.84703266821,2630.144448364209,133.0068973442605
33644086263.0,3,269733.4881440135,214852016.0255349,69780613.00392894,269733.4881440135,3564.95621365771,75.45926236106376
33644093077.0,4,244866.32539929854,465704796.6413228,125863661.26731977,244866.32539929854,2237.816576989251,49.76638660388765
33644109026.0,3,280848.8640978346,364166402.3297807,41816757.27068693,280848.8640978346,2110.7766510478727,41.132479912672494
33644119117.0,6,353959.4909097388,968661118.8026669,148323787.8339918,353959.4909097388,1521.7574208888343,66.84462415933167
33644125539.0,5,691384.9852522681,623843936.5552621,148643595.29253298,691384.9852522681,3576.6607096993116,62.031146024863894
33644218900.0,2,25004.400805519646,152942423.6332505,32922242.15140389,25004.400805519646,2619.0193385673642,61.952472568486606
33644253388.0,7,553687.5538932333,903252279.5334557,143425433.40729082,553687.5538932333,2878.9259869792886,75.25547456089326
33644275469.0,5,395787.1609512035,674979048.8858774,169426869.2013082,395787.1609512035,1527.866295546981,81.52672708833184
33644301851.0,4,609861.9861086046,309138745.9453387,98878288.34221819,609861.9861086046,4332.782196373992,55.179425591484105
33644337309.0,7,602150.2594510573,1126280521.1120849,191006041.90954325,602150.2594510573,2204.3107235766406,60.82813565947155
33644427604.0,2,132158.31413624802,104634912.775285,62923036.4914594,132158.31413624802,1858.2024192753881,73.43747620187182
33644428803.0,7,384440.2572555849,1100040614.5451567,170786311.0788555,384440.2572555849,4047.3999986284302,43.4494701271047
33644499221.0,4,701836.1186802443,695136445.2980629,115417079.20915215,701836.1186802443,2823.932215381362,45.781039735669665
33644569361.0,2,310956.8691426657,230345008.89328828,29897549.742210552,310956.8691426657,2233.234481310962,113.54213091101984
33644575901.0,4,694856.2350004045,558048942.3678728,109640734.39684206,694856.2350004045,1526.4474186461339,78.60994787823586
33644626632.0,8,602952.6884003646,886994562.1739943,184114173.28375313,602952.6884003646,2092.53180156599,59.45231715532571
33644654999.0,3,213967.64611217414,442678699.70476866,85457665.00279307,213967.64611217414,2011.1585386809938,102.88762624124531
33644751594.0,7,712293.0685362173,817766186.8856361,164526497.76584616,712293.0685362173,3682.1490043300046,72.72482254170966
33644755914.0,2,186153.95367916877,308719863.8296569,66850418.91555586,186153.95367916877,1982.055126526477,39.01345983725645
33644761183.0,2,168214.18426454742,233332712.1008851,79214485.51811418,168214.18426454742,7081.8950763463135,72.07913731491271
33644761500.0,8,717188.5764054649,951135887.5186706,202532814.69642392,717188.5764054649,2001.7937801428227,61.988473490147214
33644780908.0,2,88544.16678637179,180654025.91918558,36322084.10195412,88544.16678637179,5154.199802644625,39.54712650087424
33644795514.0,2,80380.04185205488,231504723.20806417,56961767.53861509,80380.04185205488,4614.61485067011,91.08680735353542
33644812381.0,4,232858.2086782905,407557375.799778,113552929.39532545,232858.2086782905,3897.309327022241,72.88910106844322
33644829066.0,5,343768.2488165551,790149692.5636488,115040784.02207428,343768.2488165551,1845.0627589564563,88.16822623781783
33644831079.0,1,31867.51154646419,136043024.12514013,18493475.372065343,31867.51154646419,7081.8950763463135,83.51038130215795
33644861938.0,4,228855.5427908832,462829169.047758,101448205.76084861,228855.5427908832,3042.4703148767967,42.58506833021697
33644867175.0,1,17899.600131990333,115106593.02910422,16567907.772719478,17899.600131990333,1861.772507381129,114.27362996719386
33644907127.0,4,495224.9828014275,638832938.3963504,104551162.61157739,495224.9828014275,2412.3158409988628,69.49350796980272
33644924917.0,2,301115.746703246,294557277.68305343,43977922.71231596,301115.746703246,2591.2126375775433,26.381433401140846
33644932801.0,4,545229.85475735,478946272.8901887,133996429.43522394,545229.85475735,1461.2703363577402,74.85559749549606
33644954715.0,4,399794.6493347742,351474125.73929346,78306445.19112162,399794.6493347742,936.3282814492563,39.34075755898998
33644958762.0,6,455686.00252725865,829438310.9896122,125365517.6207468,455686.00252725865,1023.0539934563545,57.04916922329912
33644970444.0,4,351813.67560314946,579778454.1155493,64987281.35019927,351813.67560314946,2258.6904670713297,47.869134791721564
33644982512.0,3,206231.9561584713,278626969.8358993,81959918.32785158,206231.9561584713,4329.326742675496,52.18054813689474
33645009897.0,4,95623.14685053591,514438949.41190106,104005969.7267967,95623.14685053591,2328.070482947106,33.36918118998367
33645055276.0,2,150745.10618078738,277849651.304181,61372588.6310696,150745.10618078738,865.3959144963187,56.324452926348506
33645103852.0,4,738618.2605663466,455078962.8302492,123494982.6485855,738618.2605663466,706.4509830884856,56.01884136207278
33645104616.0,4,306715.18596614874,495251379.9439233,117334726.81880808,306715.18596614874,2279.4749923457143,42.08271385193333
33645119150.0,4,477530.33206846437,427889897.294582,88086815.0854497,477530.33206846437,2786.7584690792332,54.168149812823124
33645154340.0,4,324608.14239503077,479279835.5359827,101595692.28217375,324608.14239503077,2147.7263489874676,62.5434057603142
33645154828.0,5,308716.7704225999,615677866.497368,119396865.47689214,308716.7704225999,1858.4351273781217,67.42203514484108
33645156028.0,2,311344.3634014294,242980609.17043293,42303825.98464416,311344.3634014294,2454.453206000543,24.625698780254673
33645174147.0,2,149680.63870289328,298896163.5096636,47780630.774181046,149680.63870289328,1718.4776560835585,91.85076256265944
33645210753.0,2,244261.43875998855,121101742.91636747,64877117.083425075,244261.43875998855,4064.8331314155375,67.84583894844855
33645213498.0,7,653443.5167338885,895418221.5980253,202419853.3034172,653443.5167338885,2669.26429787275,76.84726241871475
33645259675.0,2,102362.16337848964,151051762.271335,64252167.24066474,102362.16337848964,2323.3007815481305,22.729370604571546
33645280122.0,2,172561.93437918727,170942123.20278817,21449135.395791322,172561.93437918727,4558.012745555388,87.59502458921199
33645281840.0,5,244056.06698918488,497452009.94055897,89996907.2007108,244056.06698918488,2672.906494128934,99.43993164739048
33645383985.0,3,110587.47034817262,362209233.1091062,99151582.27973539,110587.47034817262,1954.6007403271099,68.51603893711173
33645393865.0,3,307756.2848080161,389092279.2438035,48026010.114027604,307756.2848080161,1422.5603618854284,45.20665005711131
33645396080.0,4,335379.3430728439,424946913.6016536,119410501.64644822,335379.3430728439,1978.4166168683978,39.60387562147927
33645402297.0,3,321624.26093545015,395238956.8992005,63101209.47574866,321624.26093545015,3994.558467407033,63.927438710966776
33645409403.0,4,323451.3146032987,443155527.1609909,97300001.84344858,323451.3146032987,3928.258456476882,62.54104795062025
33645427853.0,3,417064.8881117563,321929335.6804813,39187205.35662487,417064.8881117563,1222.0974048167518,89.4269537907485
33645453171.0,1,8149.194472856408,184993607.40984032,15550042.945525937,8149.194472856408,1434.3355291231542,19.31727453061167
33645553686.0,2,140303.9011481474,245517359.87779093,44451963.82807722,140303.9011481474,2366.7500268616527,111.06119041074521
33645555041.0,6,599692.2162594681,879006827.6777502,156112228.51036102,599692.2162594681,3112.218687921684,89.68683653323052
33645562619.0,5,454778.18959673354,586995429.9332662,110767002.44211599,454778.18959673354,3743.2511400087437,84.87047901823306
33645563453.0,1,113129.9571511124,97529386.48150544,20761876.429798912,113129.9571511124,907.0665172277272,7.624230168149674
33645581225.0,3,69116.8024607832,317469896.5619471,59839924.69395465,69116.8024607832,1507.236584589774,51.318938372640154
33645609212.0,4,152642.47149537137,375946608.7752889,116392155.36990047,152642.47149537137,1976.7019945798731,54.85221909371623
33645610155.0,5,215592.24542160385,633422467.7929196,97944816.20048292,215592.24542160385,2640.8464390254344,39.955366044076406
33645674971.0,1,15225.266049964874,115350786.3856886,20008154.76776763,15225.266049964874,581.3933585660958,32.39262280304081
33645703247.0,4,186500.04098050378,592111586.6911277,91794005.40433872,186500.04098050378,2541.0066861820405,57.704055226012564
33645788921.0,1,36861.28861545384,170706844.54434592,11899812.985955875,36861.28861545384,535.6272569170491,64.41293747827164
33645823502.0,1,34237.2031794794,148109025.09895623,38492036.97453304,34237.2031794794,3642.8922646872015,19.719778465326044
33645908279.0,3,357920.86356471287,310895942.9641768,86002645.13730285,357920.86356471287,2602.656285208652,69.16303923403694
33645912253.0,6,933800.7691227135,668958354.0405614,132072631.4623186,933800.7691227135,4850.222126194401,73.80821856698749
33645935918.0,3,143626.24065588036,280243096.7649987,81547425.79574555,143626.24065588036,425.3376679617964,27.064971059276047
33645940920.0,4,417270.814463807,436731682.7816492,87075077.9596782,417270.814463807,1320.1327791862059,41.94166363141486
33645943815.0,4,281330.7575408822,341783181.55519986,128978475.81072547,281330.7575408822,2464.4934319660224,62.202347045439325
33645966581.0,5,184381.9965375788,740581984.2968898,116507021.47969125,184381.9965375788,2631.1292497296045,46.778470072712764
33646045138.0,2,151057.47566468501,234134945.63147223,53422383.2228307,151057.47566468501,1840.429425035466,90.3646723938368
33646059026.0,2,82801.25335137504,313837257.1716293,43889568.545556225,82801.25335137504,2588.0411040392,73.32946967679145
33646073939.0,4,355192.71852763783,437831057.4565354,89321438.52167803,355192.71852763783,2031.8120897441474,89.73060455695979
33646075711.0,2,43614.37272948205,182180248.7628359,43207244.32337326,43614.37272948205,632.0125552710479,63.096016030997355
33646081386.0,5,456761.3080549312,723080006.2562807,160219317.08318102,456761.3080549312,3816.12593809552,76.33827444804895
33646089369.0,4,231829.0721263652,576597778.0619941,78874392.24016689,231829.0721263652,1823.6658902520014,35.40460795367455
33646093880.0,4,322211.21794780606,575700446.9191549,72912168.70697081,322211.21794780606,976.804882191577,50.080140537880915
33646097069.0,1,182993.2015831653,155850941.4845715,24127175.075310696,182993.2015831653,828.410020813944,8.33785197545696
33646102853.0,5,498947.85130289925,514357418.522144,103614347.95597886,498947.85130289925,2012.1099517176706,46.17407476844092
33646159646.0,4,165215.37473793252,457221775.68206733,103216195.81531902,165215.37473793252,1982.765913291113,58.67790176826384
33646181576.0,4,329327.5177936939,523672473.24572635,79542996.14989558,329327.5177936939,2193.9320566180013,58.21613469838948
33646185155.0,6,558385.9696527554,649406703.4357946,120594555.40254378,558385.9696527554,2773.5577875997296,49.7736828578484
33646204667.0,9,793667.0313007663,1413177500.3799105,227485482.9532317,793667.0313007663,2852.4036583744514,73.53955096940216
33646213003.0,4,373245.9723537215,416192782.3656357,68790433.80163585,373245.9723537215,4321.285606366815,56.3399483903487
33646213515.0,5,316885.1241207001,716166281.3248293,111648552.60987595,316885.1241207001,2381.2024963647623,66.57364800161093
33646216069.0,2,154529.5548815584,129243716.7522781,40618525.232503004,154529.5548815584,3228.155165315185,58.02151145765926
33646253447.0,3,348209.5192949724,328464087.6643219,43345658.49322949,348209.5192949724,1897.5979666108433,75.30272638997272
33646258670.0,2,533432.6835652629,375074752.03862286,53923726.956238315,533432.6835652629,4293.293235437426,62.173490240495866
33646264673.0,5,356709.373232155,720309647.6804097,105811680.35813375,356709.373232155,1885.38164166248,103.21900813592967
33646265058.0,7,705531.8309947784,790755938.9808221,197981365.5081345,705531.8309947784,1596.5140812600953,84.20959814393144
33646286070.0,3,235869.20167333697,262136217.19617233,59029823.81630025,235869.20167333697,1673.0907049116777,77.55388049567624
33646319763.0,3,58646.852305520166,340768136.6287372,83515889.19836345,58646.852305520166,1340.8743967375658,50.79435074740218
33646328139.0,5,330330.0556524332,811586517.5693433,120477960.53106818,330330.0556524332,2120.6752131148532,67.06931108553091
33646346859.0,2,214949.3199613336,150440221.14172906,60714243.88115133,214949.3199613336,1090.5175455352523,36.80440196102171
33646355877.0,4,368925.5519573961,686602771.2323664,115867483.80583742,368925.5519573961,1817.9716803522724,64.18623776956045
33646396424.0,2,76945.11958929899,181623973.28710967,66717959.20385401,76945.11958929899,4042.7415283625496,73.04054552468494
33646413676.0,2,442031.5687279599,183881229.4878079,79565376.4299285,442031.5687279599,1038.869226787138,56.805608352649124
33646421189.0,1,102179.3220715358,91480604.75373274,14668935.57193258,102179.3220715358,7081.8950763463135,70.16557224898327
33646432549.0,6,822145.8644147726,689586840.6473012,149259015.6352872,822145.8644147726,3009.1431962592646,59.31447806908667
33646433622.0,3,340687.7387447407,290490158.0156826,67802402.48528868,340687.7387447407,4701.720291657249,46.62676550750794
33646481541.0,3,270202.63546739385,331288732.4509982,84673893.7088134,270202.63546739385,1918.9842779593164,94.27852423468788
33646513466.0,1,52876.39578970456,107651637.01368718,21425949.311935745,52876.39578970456,2923.1518808220044,33.829689163308785
33646532022.0,1,266716.34178263147,111022025.24545354,45945701.67176139,266716.34178263147,3849.917296787149,97.9663318070108
33646540128.0,1,228073.55147589883,105751250.75551504,9046508.946928669,228073.55147589883,1211.7708975816065,37.40461532868674
33646566791.0,3,406055.8619485465,415239923.07649994,75041221.14512905,406055.8619485465,1183.126544614724,43.343696353146335
33646575804.0,4,351661.6427534212,468878594.3597394,87507442.46049915,351661.6427534212,1399.1280333466648,50.694227318591714
33646591531.0,2,298687.74752724916,175470521.57773364,62482305.95677925,298687.74752724916,2995.1617303692883,58.14397211234633
33646595773.0,3,373133.19590746367,393118177.48286706,59547164.95771817,373133.19590746367,2489.8537447084864,46.90830412382758
33646601694.0,5,704237.7934363433,870608588.2730931,147641429.28347707,704237.7934363433,3886.309567928437,61.63811952203746
33646634821.0,6,602333.8253667686,1144855686.8891246,153109322.87621436,602333.8253667686,4290.979722556569,58.78422876926742
33646635193.0,4,432236.6710714488,409603245.99011433,95620473.536526,432236.6710714488,3084.2086645428762,79.93861998917797
33646640608.0,5,377803.53453067533,531291630.0705679,84621310.37911554,377803.53453067533,1033.8268284100118,49.801154673667156
33646785617.0,1,109096.92552692942,35482555.22949121,10404774.283865456,109096.92552692942,1484.5252967984727,53.30303039164561
33646805730.0,2,252976.1271722876,97958006.62038505,41456981.24323794,252976.1271722876,3250.2642352897346,64.5753630760755
33646810847.0,2,214589.78815453927,131568703.78539927,29613234.55049562,214589.78815453927,1722.959934020522,79.93313011043713
33646827955.0,2,197978.1373608573,120754462.98490122,50511532.15385173,197978.1373608573,874.7141162436565,37.318479151141524
33646847763.0,2,48383.3443920898,225658422.190311,52088860.81400454,48383.3443920898,1102.0365668299348,45.929236420715306
33646855538.0,1,47580.64045462484,126395072.32909028,20089221.22230612,47580.64045462484,1702.37685184306,40.81159004568971
33646869124.0,4,456325.8582943706,527178800.3796325,53290572.72106833,456325.8582943706,2600.58292707856,111.57439348074246
33646898446.0,6,421100.3906835684,650860727.120436,139895106.4732976,421100.3906835684,1190.4557979002636,59.28963219704084
33646905710.0,2,236314.27008231642,317965996.07639015,35712341.19584456,236314.27008231642,4843.802288299646,51.53093426547084
33646919127.0,2,251099.64927167096,175533555.96068132,35014029.21798618,251099.64927167096,369.5816568126379,19.361500329028107
33646926887.0,5,465122.5341802407,581090649.0127007,143578512.75424412,465122.5341802407,1077.5262516916857,37.19926491583204
33646940933.0,4,239706.68897958653,669918777.3698326,89026286.07861648,239706.68897958653,3825.8617969075685,33.64977079167682
33646968086.0,3,114228.66461184005,415971661.46738803,41880309.43489614,114228.66461184005,3494.316944095151,63.83417579819335
33646982407.0,5,413079.29225158447,654319562.9596978,121406459.88985015,413079.29225158447,4715.913516349273,70.32867030792903
33646989387.0,5,612049.5433097306,598341968.19187,118718685.4605143,612049.5433097306,2109.2389822509576,48.82248732876867
33646992982.0,2,303430.60202304216,156530531.64252335,26732082.30787188,303430.60202304216,1397.2886374874101,16.683204117780758
33646998516.0,5,598893.7733885737,700297538.6136372,119422112.11541359,598893.7733885737,3387.8583260127148,65.68983389290293
33647003110.0,3,352352.7870585672,469347978.9139178,56252636.75515206,352352.7870585672,2868.603218974368,52.81527128476614
33647026182.0,3,239376.24251835348,411393182.1785924,65359772.93194798,239376.24251835348,3088.0982618114917,39.38096421580301
33647043861.0,4,240257.21771998098,478491938.95865166,89389915.42509438,240257.21771998098,2732.2950977293735,60.02177193577677
33647132658.0,6,452786.18484424835,771901293.6529202,158360162.66538942,452786.18484424835,3128.661577684381,44.486326101272574
33647176570.0,4,456920.29541521985,355901514.3241994,90338332.22860461,456920.29541521985,1416.4595681628773,37.07393931705699
33647192252.0,1,48579.886328782726,93181684.03786084,24344337.163086373,48579.886328782726,2891.0391564299307,74.20145044422318
33647201803.0,5,321208.1951559725,746978114.0672224,92276400.21512821,321208.1951559725,1050.9380333176036,55.272671041188595
33647214417.0,2,164559.25062389468,250031684.42905876,43022599.62772137,164559.25062389468,4780.466971253578,51.148047788021024
33647264820.0,3,175677.80200245063,387829947.4135542,46326096.05511894,175677.80200245063,1898.7795382142674,32.82704936350134
33647316107.0,4,286091.5426485417,489243835.69305515,92802122.553143,286091.5426485417,4581.594438794811,68.73528010760164
33647317456.0,3,378367.933757243,382127049.5800438,55435093.291364156,378367.933757243,1628.416415267506,61.512930765962246
33647327243.0,3,188101.83903801086,358110977.0794997,72309379.1044043,188101.83903801086,3534.439556312089,92.42852728204731
33647342772.0,6,378767.9359728735,674033535.2802078,197601822.7504086,378767.9359728735,2223.948789184935,80.56106040667198
33647358841.0,1,71215.18492991636,184390478.19242287,22620047.388251457,71215.18492991636,1224.6354071137073,39.53675060171454
33647375319.0,5,341376.6802974642,380233281.22403234,123202947.65941377,341376.6802974642,3660.9978311806713,47.1134044346047
33647396843.0,1,14666.218704724048,221401986.4658679,16973357.939913973,14666.218704724048,1301.38656971904,111.47460727711167
33647407753.0,3,226683.1147577936,470757745.39273024,56748828.21991244,226683.1147577936,5413.773157053819,42.76206556495173
33647407771.0,3,114450.23255219393,454470281.9755926,62574782.187330686,114450.23255219393,2713.265391308273,124.24089643548986
33647436581.0,3,368769.9140615701,217235478.07505816,62159832.0772408,368769.9140615701,1722.695905378581,51.31828331398081
33647452622.0,3,446490.05533410213,338894048.4001618,63033452.14602862,446490.05533410213,2166.248324804577,41.68665193229456
33647516108.0,3,425905.53772320895,319614161.89249116,73184312.48924047,425905.53772320895,2055.6722603461117,48.762935844549354
33647518167.0,4,217120.48306633986,409967217.13246214,90640659.8204388,217120.48306633986,2354.660341474142,76.58935136608504
33647609879.0,3,448275.3475193867,256223382.46825755,68188252.78707388,448275.3475193867,3512.7351263131804,89.71511077657368
33647612325.0,4,313506.3606013725,725569136.2049592,97604637.14627033,313506.3606013725,2614.3171232983104,73.4721748731202
33647617741.0,3,148176.6900569888,255983761.303896,48533545.07100676,148176.6900569888,1783.488737894166,102.4866647049062
33647622748.0,2,101193.26454335562,250941774.76855797,60879261.35998071,101193.26454335562,842.6152083821869,48.82366914671768
33647632148.0,3,387203.1331217479,271713460.3271313,127917564.46121301,387203.1331217479,1894.6276912444084,71.67633676595425
33647639184.0,3,378445.22378522804,310879735.15680474,64783067.164693765,378445.22378522804,1836.0606322051733,67.9266312191968
33647709731.0,1,29533.47495170752,167895841.9481806,38481791.33249207,29533.47495170752,1200.6290916280527,31.045380468706583
33647710964.0,4,121413.16581936601,461629171.76451385,101852370.4410585,121413.16581936601,2381.417942011477,87.26595898054066
33647735088.0,2,257098.8668059074,319295833.5964649,67868053.80500759,257098.8668059074,1784.490937606461,66.45685418792525
33647738488.0,3,431354.4147114785,316682046.5806991,66390789.376289874,431354.4147114785,2918.0449324846636,43.694853825230346
33647747492.0,1,87240.36167628596,124689357.13713872,9760388.496637592,87240.36167628596,4371.704264584736,111.42257094470251
33647809281.0,3,116845.04290816847,317599664.10449934,59405092.552024394,116845.04290816847,4918.559099754626,114.66636237459666
33647811773.0,6,603176.1524767997,650269185.0435848,128275816.12594284,603176.1524767997,1534.8056040264762,42.70616891147008
33647814054.0,2,36794.43784510004,341452315.28280467,40582796.00487959,36794.43784510004,1227.0591645995942,47.32405105862047
33647829124.0,2,102364.66016576914,274240347.14196146,62347975.701119624,102364.66016576914,3111.7088133174893,72.21510123207663
33647856186.0,1,111292.51798368822,79000962.42300339,22048658.886983726,111292.51798368822,2181.437395651936,73.73000217425567
33647876684.0,6,350890.9167066248,612488797.0260718,128682895.43288496,350890.9167066248,3009.415226986737,67.13142878398618
33647877058.0,4,303817.9657312383,752629653.2241154,77588556.10692303,303817.9657312383,2350.6730268868882,46.962094904490804
33647917521.0,5,380780.36370459927,530840815.4140539,155247980.50867227,380780.36370459927,3425.0947947825653,84.7543984158161
33647937226.0,4,332277.5156196834,608288364.5879294,97721923.80897447,332277.5156196834,4454.911842893626,67.81487703156691
33647962717.0,2,280759.856400773,158008368.87114525,59744113.975785285,280759.856400773,2691.9168967540563,51.1887684240088
33647967791.0,3,101153.57321214695,402446115.38434213,100407071.80654098,101153.57321214695,3539.2649768713695,79.72600319778445
33648019582.0,5,635124.1421559525,620284006.6700286,113904610.58799753,635124.1421559525,3065.342067929751,57.61855387168466
33648020566.0,7,488701.2756600696,831599971.7370752,177254654.10519138,488701.2756600696,2331.6286100301727,62.21089550326645
33648049943.0,3,416348.22822676343,454963802.9453876,42790443.36909875,416348.22822676343,3467.0245081025437,32.83656102021452
33648067502.0,6,341578.0043355231,722855210.6468782,169784488.41434833,341578.0043355231,1327.6110193395004,50.5227827134626
33648090551.0,2,62002.72987278705,203714593.38261622,35609041.67112405,62002.72987278705,687.9034702574166,26.99280792594049
33648187510.0,4,352515.83457772963,594814428.6612799,81111878.96996352,352515.83457772963,3147.0848822449498,69.65542599088032
33648309051.0,2,258574.07163492366,269017144.7130484,53687492.404460385,258574.07163492366,2326.021942265696,58.13563399245278
33648334882.0,7,912993.7140971925,851515335.9471554,167585457.98683378,912993.7140971925,4360.096789159221,66.05448964398461
33648362595.0,3,275591.6769758832,278370494.6541772,100278880.5953407,275591.6769758832,1338.5760879566117,52.323896123266856
33648400142.0,1,26266.15864246959,135000390.49979603,11207405.761213046,26266.15864246959,756.5997545605202,59.88044454237782
33648428026.0,9,532824.0390709799,1205411313.0712304,225397038.84162313,532824.0390709799,2287.2898457221536,45.41370987315102
33648498937.0,8,829975.0089978381,1095278844.8525457,194088548.7373464,829975.0089978381,2008.0260497216798,60.000610239075094
33648499601.0,6,582261.8255456862,701587958.0285739,109923078.1714014,582261.8255456862,1595.7389358877638,81.7886169118342
33648503931.0,4,140182.09139988886,541726036.0788567,102531464.26306176,140182.09139988886,1393.851144724702,53.89556180425316
33648538877.0,5,325724.4478418394,690681681.1028044,93033685.6133904,325724.4478418394,1615.5551186326309,64.13514836548987
33648560290.0,3,163403.60836601074,324366776.9156559,37879832.31507453,163403.60836601074,1051.569786756926,79.78284210358531
33648620544.0,5,478146.2935895899,535495630.3510984,105503213.48774028,478146.2935895899,1801.1371346249769,68.74635224479283
33648636252.0,6,429418.75452846935,652484318.7678846,171442810.66165134,429418.75452846935,1700.3159148558743,83.71569866858668
33648647224.0,5,145297.29530588258,629249917.9204917,105312220.37385601,145297.29530588258,1955.6090214706455,72.20357597441007
33648653586.0,5,386833.87059457786,689393772.2876332,128381525.98830661,386833.87059457786,573.5304138897094,54.358618486992405
33648660995.0,4,351219.03824620706,409214674.55872715,79601708.49742329,351219.03824620706,3078.9712692132625,59.0835275832077
33648673354.0,5,499571.4041280941,761756358.2625514,150119451.50320956,499571.4041280941,3689.4315232911263,36.88871424208492
33648679227.0,1,63181.03490561807,114713959.11784868,9322688.981783072,63181.03490561807,1865.948960255375,52.63595026874853
33648710304.0,6,687681.6740420525,936790299.443804,96747537.1015069,687681.6740420525,3097.1569922954495,52.15288843966794
33648720111.0,2,82507.08069613623,314080926.23234266,33041780.87383571,82507.08069613623,717.952461199957,103.30237770156036
33648727468.0,4,481845.79755830124,436018472.75117505,106042007.44372343,481845.79755830124,3383.130867644186,54.27879992301676
33648785284.0,4,394736.12245247874,635156877.2113008,99585635.43971455,394736.12245247874,2031.5263734012217,54.610874489356924
33648791628.0,2,402215.0254813676,327749892.28127754,99818036.42068884,402215.0254813676,1931.4590181860435,91.64568037966067
33648808656.0,2,81074.88153246799,423462034.158172,74025925.67672147,81074.88153246799,914.2376622456372,54.97052616663575
33648835523.0,1,266716.34178263147,80503212.35556783,17221812.521647193,266716.34178263147,2121.958682101432,110.06655726262184
33648836811.0,3,166920.09689543184,406874611.3886178,77767257.99908635,166920.09689543184,2696.524204883701,54.060199196676706
33648844162.0,3,239443.51220975624,355857333.24844366,64909111.482121736,239443.51220975624,3297.622352231107,53.69759576869006
33648963185.0,3,234386.0818764021,385134750.3689754,65650401.593562506,234386.0818764021,2118.354606258193,78.08777459614868
33648965695.0,3,124519.45742181192,439346905.4651448,68680579.17275614,124519.45742181192,2749.525845574091,69.5886419610946
33649010202.0,2,154082.60979002953,174952666.65932158,59848425.25652978,154082.60979002953,1407.4986361059628,65.56425320315593
33649031525.0,4,476425.96962672076,654338503.3656583,79724812.04055977,476425.96962672076,3060.3648925412817,43.70705222020011
33649043896.0,5,400765.31808227225,539205522.8255311,150380454.90956378,400765.31808227225,3195.5215333875503,54.03630634513702
33649051623.0,4,484545.2182910973,383541767.7390232,82792764.24537508,484545.2182910973,2046.331193544709,64.95479706025112
33649101526.0,1,28667.743637784075,114650496.10962528,31286328.855664108,28667.743637784075,4648.891300404161,97.24006576019931
33649138695.0,3,365832.489653955,336428044.23724186,91951474.01399045,365832.489653955,2721.2504804267614,66.23644823104566
33649206376.0,5,508618.91768033244,457692379.9941853,122058638.27851841,508618.91768033244,1093.7745987127068,50.823071502325845
33649242670.0,1,35853.19308505804,171563352.3980128,11212135.578795956,35853.19308505804,685.2380814519514,159.12106293950004
33649247228.0,2,93401.46994161699,169207536.63892153,45730464.77877751,93401.46994161699,1477.2491852958788,63.11120164135429
33649265186.0,1,16978.460481251164,130674950.86399172,43145900.46832356,16978.460481251164,519.5981801964604,22.90362671711428
33649275054.0,6,818780.2664828544,856779677.1894226,130850815.65370905,818780.2664828544,2301.6503364042524,48.450517372883304
33649301804.0,3,173165.46853140867,390553011.32144535,60357584.20546394,173165.46853140867,1271.147279544624,35.572466485403815
33649302467.0,3,199814.84559714506,377260625.7806797,43683223.5624304,199814.84559714506,2311.900549038803,31.354973528673156
33649367797.0,2,96084.80089724182,242234549.01074445,27657834.529773384,96084.80089724182,2170.3019707183075,29.664829790707778
33649443226.0,3,246547.65442925354,378806154.8544877,60454686.682068795,246547.65442925354,1423.19400718902,61.114720461024774
33649449976.0,3,265494.1474863475,495287683.7354294,64744425.33507074,265494.1474863475,3638.9093494817375,29.5493874854432
33649467750.0,3,176454.31852925473,325603307.43572897,63808627.866074696,176454.31852925473,1962.90555160412,47.10291502099972
33649483075.0,3,382135.9169743452,372480233.8467901,57188225.76847138,382135.9169743452,1788.660192465528,74.17891665038111
33649501026.0,4,251199.74489152618,489377773.9804107,64878958.885476045,251199.74489152618,3169.7998595088397,42.98742682363198
33649501580.0,6,795633.622618678,823090538.8263371,141405541.92560267,795633.622618678,1924.9620809152693,51.64713912889486
33649509310.0,4,624673.5965982086,453587238.6863992,107624767.18550166,624673.5965982086,3014.2231287275627,62.660270355181176
33649521538.0,4,467712.03611385846,348232862.7739489,105897544.06926976,467712.03611385846,2068.4759395945403,78.35499383940481
33649541461.0,5,246811.5672802679,474482686.0919206,80851854.73138645,246811.5672802679,4299.412860128488,94.34390568180314
33649542531.0,3,203803.11631263592,329100337.10973644,81754868.33704972,203803.11631263592,3706.33874272912,59.04993763488131
33649564766.0,2,307124.63071331003,148432990.489074,60363273.62438454,307124.63071331003,2598.841565614914,67.67686242601548
33649648899.0,2,341674.544737429,327853214.0743426,44784692.46636027,341674.544737429,3195.8033253999106,40.33893243707533
33649673332.0,3,208213.7470294502,372356997.8636365,72889157.46944228,208213.7470294502,2218.663513795032,53.3093993879836
33649678201.0,1,39372.00180772259,130862255.64193568,42773178.43307184,39372.00180772259,546.6665767196396,81.4179461043135
33649683871.0,6,666557.3626921653,695610922.5610132,182447323.22676873,666557.3626921653,2740.401910311064,79.22386003529111
33649722995.0,2,223510.80686547785,346265622.3862324,41755107.30411734,223510.80686547785,3998.5757356886756,124.53010319766102
33649769056.0,6,184279.45140655263,835682383.3471636,153632693.46794027,184279.45140655263,4103.077487239857,80.5177337326336
33649770506.0,5,349527.1779580818,521803457.4599785,110243895.89188647,349527.1779580818,806.3576392262182,67.95618025031344
33649785651.0,7,568090.9625888015,844953006.1610124,185754418.83382925,568090.9625888015,1734.3305706215408,43.502937139457366
33649787171.0,4,606163.0534165495,483382101.32609785,105308586.68525535,606163.0534165495,1809.4875524861927,64.782628171914
33649816537.0,7,886395.7605348991,1181651678.5874367,173453797.977331,886395.7605348991,1811.7075731696302,88.35846174332107
33649824448.0,6,473597.86251097673,728576953.2967656,163404845.87175024,473597.86251097673,2225.6551790254284,77.40740716033378
33649839283.0,3,296349.5247754009,419487712.2453378,88563155.25876659,296349.5247754009,4999.14162011644,75.50493656293384
33649902996.0,4,436628.7676202731,526219070.5876173,120785095.17836711,436628.7676202731,4919.685268358402,67.67047148232851
33649929257.0,4,300310.9465183277,536110731.3008733,105658574.77661212,300310.9465183277,2873.396167130934,97.20513391998159
33649970870.0,3,372813.8271915024,440584550.6486992,38189325.4925785,372813.8271915024,4092.6247391278575,75.5583045147638
33649980720.0,7,786386.8982120338,817053993.487651,146813716.44670236,786386.8982120338,2644.339271221919,42.264192708802845
33649993954.0,6,602433.607422574,844804058.2471428,158243267.4875332,602433.607422574,4504.652888770085,66.29901835166417
33650057648.0,5,432650.30153407424,704823942.1520983,92681574.00952733,432650.30153407424,3361.159879182977,90.305691650044
33650071048.0,1,72841.0870356871,103071007.6245299,50260124.94679316,72841.0870356871,6121.623450794407,54.21143206214041
33650078991.0,3,150346.6154310919,237078069.88127333,49080836.09673641,150346.6154310919,4357.096201296641,96.7010143570704
33650093087.0,4,406760.2116163812,664412843.3817323,54866098.82634495,406760.2116163812,2750.734171262113,63.914141010289256
33650104523.0,3,465703.4616935052,345815884.28369224,58733154.31084196,465703.4616935052,2259.6384228614284,47.35293791256686
33650113379.0,3,339753.8487549826,374457879.4078063,85135689.30519557,339753.8487549826,1600.8682413911865,74.3063474655097
33650131083.0,4,258973.3787938836,605213842.4476582,126905760.04212527,258973.3787938836,1259.0459294918953,27.001619874522355
33650133569.0,5,831185.5845238529,779849626.5660143,136709115.16936702,831185.5845238529,1691.0702201867298,80.78326629763262
33650162344.0,2,236400.11866044102,209520166.86196852,39739658.05636836,236400.11866044102,1283.3451000157809,75.69963591369063
33650163712.0,5,648060.366996191,612536182.7659196,107637814.44479105,648060.366996191,2830.1326506604682,38.9077999277272
33650201137.0,1,110425.11739114758,94606557.139765,31979388.67533924,110425.11739114758,1560.3028208087203,63.12675818547943
33650253576.0,2,272333.3062870976,274389832.3441231,41139768.94556864,272333.3062870976,1003.7290359892452,50.3994630232889
33650260456.0,3,171454.09171533663,237623578.7263769,77928318.88489065,171454.09171533663,2495.7460289217565,74.74219563191099
33650308782.0,3,132938.5309342316,233661235.70608833,90155248.24547747,132938.5309342316,1581.7679116757608,90.74679782801381
33650365237.0,7,437185.3721514323,844543316.0842323,146484485.85743192,437185.3721514323,3637.2737208130025,88.21466270703431
33650435721.0,6,645184.1092769428,836461711.5561918,176911942.22117263,645184.1092769428,2838.116935389444,66.62039017121168
33650467715.0,2,77503.82739923592,217376342.69384816,32021224.717028137,77503.82739923592,2018.3617041334091,87.60457735209464
33650473321.0,6,601149.018898504,1239505671.2311492,158129378.28065568,601149.018898504,2994.6580573204424,53.44908025098812
33650480309.0,2,327563.61940982105,261465194.09915718,57814597.236455664,327563.61940982105,1019.0991636469053,80.92705347061073
33650487099.0,3,180645.40062944117,348491770.31053805,59778164.68481898,180645.40062944117,1671.6960554319878,95.80080143424168
33650523561.0,2,122938.04802589476,297519762.0801785,40674201.685522325,122938.04802589476,2844.5788330466644,73.43224967526216
33650539152.0,3,115301.57961547721,234324641.7987351,84880880.75693694,115301.57961547721,1287.4397307720458,67.70122632122683
33650576287.0,3,310422.09388700407,520650774.9196733,73518532.6519427,310422.09388700407,2346.439953512279,70.0099388737226
33650580924.0,4,468442.993351265,469678144.044919,96805149.45125972,468442.993351265,1126.4808300700156,40.38205935290267
33650636644.0,6,313537.4429310984,729758467.1233281,152125052.4556542,313537.4429310984,1994.9216650384249,44.075031888581314
33650657662.0,3,456209.6173511507,383708613.67745024,97283500.45264341,456209.6173511507,3109.379794856423,76.24665584113676
33650670787.0,3,370853.29426883184,443179548.48902774,116662722.11610043,370853.29426883184,1494.2567126846725,47.081810839366085
33650686940.0,5,413243.14826445864,611668732.435331,125446693.90656394,413243.14826445864,2106.203676250393,48.31957935955267
33650711152.0,3,176974.64679296224,613464358.3878423,53486929.67960509,176974.64679296224,2625.4462490520687,96.92017230299625
33650733588.0,6,638859.5107258935,771221910.2387332,128007600.25938539,638859.5107258935,2647.5808765741513,47.596404718231895
33650739629.0,3,265275.17825788696,325402786.0370199,59482159.43586693,265275.17825788696,3133.373198973001,49.834440414004014
33650808249.0,4,411036.6568080804,299127582.05578357,110441656.87117982,411036.6568080804,3536.9190030126424,70.80632795488914
33650819838.0,2,236050.5245010023,312108234.04095477,25278422.867370404,236050.5245010023,2484.50528883018,52.92147305536754
33650820227.0,1,12874.48463968861,86581448.75347735,12978503.61604595,12874.48463968861,5284.346596992501,51.63102407174237
33650824950.0,1,36900.76003072206,188358584.93347907,14765710.1653088,36900.76003072206,7081.8950763463135,29.66936505036229
33650844645.0,2,75146.59894798009,318358359.9075551,35349423.9798749,75146.59894798009,1783.1176598839588,52.55163510308958
33650850837.0,2,131520.63750030243,363932994.9680743,39844980.93240394,131520.63750030243,3890.751531913959,62.236956379672336
33650869792.0,1,155956.75083959466,238118354.6410628,32764286.684799053,155956.75083959466,2195.1509717200265,64.41293747827164
33650907604.0,4,405623.5660689517,584012035.2699354,98346124.96541324,405623.5660689517,1012.0434692161975,87.99963917584779
33650910172.0,6,552834.7508426185,718385182.1216353,149274114.50198728,552834.7508426185,2390.1373720950683,53.85189888059504
33650956756.0,2,294220.8011000793,272846876.1897903,26615229.53178846,294220.8011000793,2157.86916708974,111.38528873743113
33650990129.0,4,509899.0162875681,564906975.2291868,68009363.44429636,509899.0162875681,4934.144574771034,94.18077139360302
33651011120.0,2,120617.33401538535,147135087.9417928,37614503.63629235,120617.33401538535,1270.6261601765873,67.67503027270534
33651040759.0,4,265230.84329200734,565278914.9317075,102335920.19491571,265230.84329200734,1566.8139670380237,96.58284192582269
33651055392.0,4,474340.9215623518,485432668.5657307,94354219.81432642,474340.9215623518,1210.6570675516919,43.91619176440414
33651142200.0,1,31811.785215754444,120167089.72471994,28486907.091898385,31811.785215754444,1508.5635938269988,27.42026118649149
33651156155.0,1,75247.11300730602,78704203.12620404,16175208.570450196,75247.11300730602,233.6699954654749,50.55086903971147
33651156180.0,6,375138.68324685976,821270767.8464849,137100740.21882248,375138.68324685976,2259.310085535002,79.01459419749293
33651164396.0,2,133045.76387671032,218719715.90789834,68952176.72156931,133045.76387671032,2643.5527039114127,41.68951172952018
33651208934.0,2,187580.39409934194,260912508.84529966,29379419.516863212,187580.39409934194,2468.4678155467864,83.53008578708598
33651241273.0,4,752574.1477743373,429869020.83539927,111853154.86958116,752574.1477743373,4854.9485402633245,61.71005188713498
33651245272.0,2,283200.99485092424,144862210.52162972,35926394.24850803,283200.99485092424,4418.336198325838,112.46545901721984
33651266066.0,4,524235.98398075614,428891025.9388996,63667807.420252085,524235.98398075614,2138.4834427319784,62.158036320344586
33651280792.0,2,174916.3047270645,206805390.69884127,45159795.1288735,174916.3047270645,5002.5234785841585,55.52547372383479
33651311634.0,7,536989.5194247763,743565037.1792295,174658197.36978996,536989.5194247763,2969.548650624314,71.4191919786741
33651434749.0,4,398677.9364973059,600688444.4340069,59398468.38406047,398677.9364973059,3515.8950961373066,62.69090216305201
33651464131.0,2,25517.481004570363,279982687.43169844,44973131.10661059,25517.481004570363,1913.35359291227,57.89083502311843
33651478073.0,1,34716.14078399529,117496746.93962148,12838426.78637262,34716.14078399529,3618.87748728842,152.6980476323446
33651538255.0,4,508166.01438201626,430131890.1425803,133221956.80577618,508166.01438201626,1899.7199553379378,75.54244342766417
33651542436.0,6,855758.7769110601,808597652.8336748,155181026.61177844,855758.7769110601,1461.1576080152888,59.076881415096814
33651654364.0,10,773077.3832041078,1538635622.4698532,281708962.3244743,773077.3832041078,1514.307171140534,70.068301915982
33651655138.0,2,28808.917193571702,247062852.97839978,74613927.23709193,28808.917193571702,5598.6102768553865,94.72839021023829
33651672086.0,4,515720.2940203894,379220998.81648135,100303018.91083315,515720.2940203894,5052.491737556093,63.71959485806815
33651681557.0,2,85760.75832048821,183830443.18089807,36605781.4847522,85760.75832048821,3725.604100460152,78.1485181120793
33651682179.0,4,225666.87149967122,786915673.7391207,77486234.51168051,225666.87149967122,2723.827031787403,113.27450650154091
33651707317.0,2,265412.99910796445,337899536.65724915,45221255.00089005,265412.99910796445,3121.652915699022,26.559826923106236
33651727753.0,3,569591.0699687768,325403283.65147173,75121028.51547077,569591.0699687768,2923.2585366454273,53.99827776324383
33651765312.0,3,606880.2484610744,390611596.2042607,56682442.00618799,606880.2484610744,4404.6028006228635,30.02653771563492
33651819037.0,5,265178.9548628734,694154194.966543,112060822.68089512,265178.9548628734,1722.832699608824,92.6319362727227
33651822973.0,3,404177.0055218246,275439817.7586301,75500218.43217047,404177.0055218246,1601.94338519704,69.25541727933076
33651835879.0,2,70394.86112040779,170974519.35269654,33205050.81349565,70394.86112040779,3385.0929364876415,88.25074758713743
33651846292.0,2,43254.003351102685,292308558.2820433,84591039.8900181,43254.003351102685,4014.9685226562297,60.59578519204594
33651869822.0,5,223475.43435887143,483224410.1784461,149039699.98050785,223475.43435887143,3189.043683872724,64.744679872452
33651892167.0,3,211536.55346540012,449974719.8153051,49572886.63343688,211536.55346540012,2500.303045677918,80.16381479735362
33651965471.0,3,355375.29083148355,463541530.08873326,50392352.50787214,355375.29083148355,2604.346085470244,42.14126078773269
33652019117.0,3,327150.62717443466,455054239.39324075,76563860.1371409,327150.62717443466,3960.4892891877303,33.81700321865506
33652023297.0,4,278582.4232463541,659620545.6205277,114284198.93082292,278582.4232463541,2051.0999968407814,71.98623013489657
33652058334.0,3,266258.6278195435,203411603.07407528,71387594.46075681,266258.6278195435,3134.972233662284,89.13986809834803
33652081603.0,5,536709.2990190375,515945970.67164373,127928926.41657968,536709.2990190375,3788.118959590279,40.404323118059175
33652106078.0,3,339486.6770731128,530680461.84698045,59523718.14461,339486.6770731128,1880.4052507898498,80.73770718803753
33652147406.0,5,315875.86854287935,737979802.3755537,127160417.23436926,315875.86854287935,1697.0769607447041,67.31114746734124
33652161441.0,2,152461.25499568487,270730901.57693064,72208695.32677488,152461.25499568487,2681.5248697094585,81.01569772198788
33652165906.0,3,144309.94176536708,442430358.5183012,70901171.08573967,144309.94176536708,2586.729551535922,66.25588500376398
33652307399.0,3,209834.87037073995,360226954.2550203,86692521.43030196,209834.87037073995,3883.9303014660577,85.12128885087667
33652321932.0,3,341753.9854062005,306789254.7681533,65278547.33541949,341753.9854062005,1594.0050667147789,58.624032151761064
33652397458.0,3,221288.1674246207,318467186.9574292,44935818.96368728,221288.1674246207,4394.700376589567,54.7218114878038
33652413492.0,4,384003.0975245202,525479673.64049095,60126276.50861111,384003.0975245202,2304.4377633706717,55.72738659939807
33652439798.0,4,245355.44114104746,569912717.0997753,83757423.13687706,245355.44114104746,1489.3787088676931,58.34608523098279
33652489277.0,2,315531.94930170686,180710281.65625906,36214041.33506283,315531.94930170686,645.3258473284111,96.92895541165083
33652491924.0,3,329686.9771327533,480597301.6676458,79225677.3258352,329686.9771327533,1411.054473999764,45.751197954900526
33652537345.0,4,629896.1857854066,414230806.5185827,94190926.98496006,629896.1857854066,4419.095594317877,54.56558978130742
33652573305.0,8,722440.8511857288,918965427.1878445,154462424.46385604,722440.8511857288,1291.6065681186574,59.99824504708118
33652590048.0,5,714283.5295357826,664331126.5586762,97698815.75149877,714283.5295357826,2484.325277618356,79.72015792037101
33652607220.0,3,192489.52462694928,476087237.6630813,67810049.41472387,192489.52462694928,2989.9285018972537,37.77821572539998
33652616258.0,1,20771.970159549368,84159692.4982813,9714384.138545131,20771.970159549368,4085.1276545970086,119.00947295897691
33652639398.0,1,55931.61334686048,98331023.91644722,17962549.727468356,55931.61334686048,1196.1873738770034,57.43401769157062
33652664041.0,4,352498.2580898903,565145722.7642555,101587661.33475713,352498.2580898903,2135.4524125075395,39.745821506590545
33652721553.0,4,625881.444739836,484991264.4238557,128312656.76185088,625881.444739836,2915.231243380679,80.01099392342866
33652734307.0,3,569571.4745315376,308321410.1439967,75658110.13070878,569571.4745315376,1698.9010315333355,72.53688201188838
33652758171.0,6,292205.328929318,670676393.1998842,110227529.36842433,292205.328929318,1908.549444083518,44.9481390852088
33652801198.0,2,154848.40719258832,227281712.75723177,34183307.44384975,154848.40719258832,2103.6937393150465,60.198935073459026
33652812847.0,2,97381.25833113075,247682954.1552576,54254744.95656511,97381.25833113075,4252.263684476231,41.18580830302553
33652822943.0,3,172093.49306162974,381128166.2630259,89031951.3836554,172093.49306162974,1608.2375343640244,49.465970356471495
33652827096.0,2,17579.511324981228,271306979.6534197,55167570.649325706,17579.511324981228,7081.8950763463135,40.89350928932526
33652827417.0,3,108298.70159109231,567423902.1544361,79869867.7804129,108298.70159109231,2908.549902257238,106.72552829187943
33652860080.0,12,889963.479133764,1430506999.3075123,325602429.9862486,889963.479133764,3118.5067177740907,66.42946203786245
33652866200.0,2,244070.00337793317,303570592.23571444,46897758.9579026,244070.00337793317,1781.2150989174293,91.93446642192859
33652942594.0,4,375161.0152440597,625685203.6225061,114199041.51039807,375161.0152440597,1935.4887002229389,67.56069450386053
33652955157.0,2,37616.63212384126,225012601.0056702,40680970.04134288,37616.63212384126,5322.454814045475,69.89098092467364
33653020873.0,3,373461.1483744522,433574952.6640518,53670307.602662094,373461.1483744522,3531.082000351021,33.33722242240829
33653069838.0,3,224581.087611907,385258756.42349994,56302115.06347581,224581.087611907,3482.9114670760555,58.06778685461661
33653092987.0,3,75724.17841368666,301409119.23410547,79893995.49906208,75724.17841368666,2786.4278006621826,36.400835610961884
33653099123.0,2,113331.37299869176,236802003.78252092,37723185.65697412,113331.37299869176,3551.5670204187036,27.829481799357808
33653109628.0,1,189278.7764235598,37030577.65575506,16271955.701293504,189278.7764235598,913.378283745179,159.12106293950004
33653144878.0,3,257921.8818410344,332235762.68813926,76061383.95920457,257921.8818410344,1817.0391443639255,44.53678771550034
33653148703.0,4,541081.4749329737,543799606.9416316,128437481.25859311,541081.4749329737,1133.8709294154798,35.76002953091772
33653156515.0,3,202891.96522422938,373912119.1803499,58896261.16414873,202891.96522422938,2129.7570975038334,47.6927162304358
33653167705.0,3,145370.12014612657,353185694.2695915,76238120.8017073,145370.12014612657,3614.7201000893874,94.70839456318312
33653193996.0,3,182546.18464478478,334991814.5584303,35798401.824424975,182546.18464478478,4359.255457996873,39.94834660883372
33653300173.0,3,322147.8420772128,298830149.71275246,58360933.29179454,322147.8420772128,3373.581199492691,41.02567024399045
33653309893.0,4,454028.0832628382,473129544.08724153,94819435.89800541,454028.0832628382,1493.2253034563284,69.21382744432537
33653332370.0,2,15980.75807196884,132725629.45851885,41220606.01645716,15980.75807196884,3783.6078389138365,47.27818885869952
33653351876.0,1,28033.873404274684,189991937.0371197,21845406.196616348,28033.873404274684,2066.738778615555,50.25818802476055
33653353746.0,3,147498.34198368728,362503227.65262395,31981937.873028442,147498.34198368728,6196.976800784482,76.04099799538886
33653369428.0,3,309110.25833790924,399551944.58581877,82033242.81922331,309110.25833790924,3031.2821460158684,95.72677145510272
33653381573.0,5,320774.02082987706,583726217.4969085,156271694.5911807,320774.02082987706,3322.8538354142206,62.548676897776986
33653420892.0,4,445225.23636832257,433915904.53070605,82489132.493197,445225.23636832257,1503.2870028178359,41.10044579617142
33653440658.0,2,20259.83309269559,169184496.4249521,36568375.747699104,20259.83309269559,3933.422616652296,87.27946589897826
33653470977.0,1,112930.215342476,99494092.54228248,18173510.09931637,112930.215342476,3779.147268469112,60.103893668757074
33653497663.0,4,336661.11562004377,598352022.4304519,91233899.22935621,336661.11562004377,1806.7030748295529,38.316146799952136
33653513097.0,4,698080.139851509,553199303.4239008,71851450.34277788,698080.139851509,2084.4062640379443,76.32829233744786
33653558992.0,2,126273.55882217917,439207044.8378305,72894440.79814214,126273.55882217917,1625.8412715067293,54.466582690294985
33653563237.0,3,318583.1358059517,422746947.46402186,84176200.62960234,318583.1358059517,1082.7938479777044,56.35310278633532
33653570727.0,5,655990.774190256,637028717.1419766,125823665.00774077,655990.774190256,3995.836366571601,74.22599934893174
33653626563.0,3,426115.91875633586,287421311.7016725,75697030.69407144,426115.91875633586,4948.716001796025,44.69920074312781
33653627391.0,1,65726.55875843714,103544082.43679658,28110465.72755317,65726.55875843714,1103.3747751849044,83.00558244345649
33653663896.0,5,804513.541352638,976625598.2886677,111966724.40115449,804513.541352638,1360.9136973578534,100.97679096510427
33653669391.0,6,297015.1860155561,579687819.4404595,126290384.90517811,297015.1860155561,2418.16950048834,32.12383615876874
33653682501.0,2,111224.78029230214,173129305.1505735,44399038.1138929,111224.78029230214,4330.96327278077,145.3483447012079
33653683574.0,5,344207.7542739182,702485749.5455785,100804499.12069857,344207.7542739182,2525.281363892279,48.58170357531548
33653728950.0,2,263905.38853147003,298272585.8594722,26606306.217994574,263905.38853147003,769.0248832016335,111.76700020888583
33653750190.0,2,189366.30345051893,183332311.33977824,45540940.39006744,189366.30345051893,2487.5027844289743,35.640999641222855
33653757228.0,4,209994.77140396085,464016672.1889643,96947278.91714281,209994.77140396085,1310.6954405857884,85.77080292742174
33653799966.0,2,31944.76596623692,374016518.4907011,37683318.63311406,31944.76596623692,1728.6358210983867,35.73677629135947
33653860083.0,4,363998.80366184586,528452791.2011203,93151824.13930476,363998.80366184586,2168.840377431263,70.24743692258998
33653942324.0,8,738317.6995873986,1420945002.8815274,195106498.2572951,738317.6995873986,2079.712457225152,55.74209632008635
33653951994.0,6,574333.294701644,810855643.5713317,143202565.37492448,574333.294701644,3257.322528367895,63.718046139005224
33654050399.0,2,154772.38405700843,321849131.3344399,40949649.76711949,154772.38405700843,5049.968964569893,56.58865864706068
33654054178.0,2,150646.82145490125,215939590.1216311,68192774.3659963,150646.82145490125,3935.52106835147,27.657122935624727
33654066131.0,3,307657.63776926755,359170877.2137356,60579711.970927626,307657.63776926755,1418.2321424367176,21.566773310376888
33654079273.0,5,506026.84701516957,660684570.772583,133852522.10752685,506026.84701516957,2356.8434731731177,81.09265430085392
33654132455.0,6,417101.46573507687,793808459.3607566,165440003.7245349,417101.46573507687,1639.9595549611304,44.73409505269077
33654165849.0,2,119970.64232237259,302819004.25630844,48557697.39349353,119970.64232237259,2473.518224889782,53.32377051918183
33654181713.0,1,216726.55317388548,108772473.5391666,12250423.189113088,216726.55317388548,1273.1893246519498,46.985286200087785
33654194441.0,3,170646.77485726587,338380617.7283739,116403595.51948407,170646.77485726587,3526.2574443806247,69.46416448291903
33654196734.0,5,295529.9024081805,704164184.047601,135801492.88898045,295529.9024081805,2213.7214070889636,49.76329975730282
33654324346.0,2,67689.61052937276,227281763.19858283,65325412.98511657,67689.61052937276,3658.5724623978385,41.43534038209366
33654331269.0,4,330033.10903714946,529188022.658754,109911882.4107776,330033.10903714946,1099.8895677885848,67.6233227441702
33654336333.0,3,186699.7289368439,268973706.16589326,48194944.948725596,186699.7289368439,1761.8829378714115,27.96604521423913
33654362902.0,4,347181.99381195905,295209635.1262679,105573005.81237742,347181.99381195905,3707.7326794377295,45.51636310598093
33654470459.0,4,213628.9235140334,471574383.61640215,110718031.12663792,213628.9235140334,1678.4243747087844,42.674839319111136
33654474126.0,2,290131.4817165059,202531108.92678255,46352867.185050994,290131.4817165059,2175.756367870753,32.324398773490365
33654489781.0,6,850319.8928161194,680858015.4195632,189797108.06697166,850319.8928161194,2294.773837222995,91.53581407258616
33654494354.0,3,474871.93475975184,380974270.173424,65985279.1269037,474871.93475975184,3284.691116401253,44.1798029296136
33654564078.0,6,461416.74633697246,829334414.1979104,146498174.24759036,461416.74633697246,3341.6426866221623,70.56334447000096
33654599847.0,4,319713.23484516965,611585057.0763569,87427244.42883344,319713.23484516965,2394.538764607144,65.7590249134242
33654604238.0,4,425665.48352328956,401681715.5110921,94441875.39961857,425665.48352328956,3268.9982506236843,54.91928481111702
33654607536.0,3,410636.2196104573,601811372.5906382,47007895.635515735,410636.2196104573,2780.929996951136,52.32515764741385
33654613348.0,1,203675.2782820804,231971030.00909168,19072149.530585736,203675.2782820804,5086.140050345847,62.04622222578009
33654620658.0,6,299492.67891389964,649226654.4101698,167364681.59208107,299492.67891389964,2190.9247783276064,85.70354421630638
33654653148.0,5,168078.8729708601,953797656.5717797,170335869.00022286,168078.8729708601,3124.1836871555947,44.47127567979432
33654653349.0,2,198635.4168055821,241794708.48763448,49350920.363270074,198635.4168055821,947.6694388289936,44.44422641596154
33654675521.0,6,432421.33680388576,696744589.688807,174526556.0909841,432421.33680388576,675.3867790048703,50.502749934250254
33654721695.0,2,119578.02657241028,216874799.93444255,43389569.56414099,119578.02657241028,751.0083220984659,11.48455987622425
33654738553.0,1,5616.308438616681,197005765.5466978,18820526.44943564,5616.308438616681,698.1336996144321,114.00954970335374
33654766028.0,5,289454.1051937174,613930170.7534041,95921530.24185812,289454.1051937174,1407.8282416441477,90.48411869839562
33654768534.0,2,127857.03657885236,423027929.5668268,28285209.900687035,127857.03657885236,487.0727419342825,66.30496079999963
33654786626.0,4,178876.55317341804,583070092.2039299,84739404.2026204,178876.55317341804,1723.0425069975518,74.96787546643083
33654804549.0,5,551542.4612207981,602769428.832593,89222030.97091901,551542.4612207981,2120.324716432116,81.33046106091999
33654807180.0,2,182771.70346740313,251252109.64907083,35720289.09046538,182771.70346740313,1615.5116073013253,97.20454095110637
33654810380.0,3,219011.11634919164,418277562.67475396,79004956.4276028,219011.11634919164,2165.980411600803,95.66918080587921
33654882342.0,5,359446.17522022425,575620232.5582943,124434865.87921819,359446.17522022425,2245.383648987776,60.087039159408434
33654903073.0,4,407757.8953221838,526024892.2599237,89593786.12523867,407757.8953221838,3758.4772578530074,36.10938878690316
33654910237.0,5,462680.9974834855,516749546.8308741,106474670.4020341,462680.9974834855,1272.0288085178963,78.80091572415267
33654918675.0,4,563346.1943309256,727543956.3388064,115371915.15670194,563346.1943309256,3386.049344689311,92.87111973671489
33654924392.0,6,738346.0018085293,483235931.7819597,103038358.09997615,738346.0018085293,1949.4944306199768,80.14376594467319
33654969434.0,2,64403.79365884861,284646515.26890683,51411111.15564295,64403.79365884861,4175.504101099669,48.63182443684427
33654988955.0,5,611126.7703718155,530568352.1643045,104086111.6562756,611126.7703718155,2977.3131267217905,72.38096321044705
33655014515.0,4,535460.844544986,545416164.5798407,97105382.71081437,535460.844544986,3299.499164065929,98.79908542365436
33655038050.0,3,267139.67290684814,320230568.8043068,76580619.98350549,267139.67290684814,3170.5081581942377,28.149519301555646
33655084109.0,3,186757.26439913223,420456369.4838862,84677556.11918499,186757.26439913223,1470.868696159797,36.46819736988303
33655103150.0,2,219195.71634210245,181914425.81022805,25411518.745497134,219195.71634210245,920.2378638925454,39.020501434022705
33655145249.0,4,481190.9477587189,589658545.639292,88603600.0944305,481190.9477587189,1268.52433518241,83.25338356886589
33655148268.0,5,363379.67599749006,361229330.96837926,131712519.79901136,363379.67599749006,3675.0493947607692,55.075024309715275
33655221400.0,4,162493.13556910877,424863840.1904744,86365658.33713257,162493.13556910877,1945.7932062398304,62.24022496159815
33655275089.0,2,145293.2560378605,339270126.69301444,44355297.89981008,145293.2560378605,1196.8288649043257,87.730824810493
33655276218.0,1,107763.91182341636,75352380.1406512,20313454.157854624,107763.91182341636,7081.8950763463135,64.41293747827164
33655388538.0,5,306358.3175420217,529484687.24377334,121162282.82280509,306358.3175420217,1939.7636492082688,54.217210257914374
33655516505.0,2,156027.39273283232,215593468.0429197,23306542.801304005,156027.39273283232,1930.1357608896933,93.78174564388934
33655545655.0,3,262568.42396270763,304712064.2377878,86721238.49135907,262568.42396270763,864.1334239893764,52.9345126983379
33655545724.0,4,454368.83940189186,352819228.5268984,102831027.4905898,454368.83940189186,1198.0602635825587,46.13699511686697
33655570487.0,4,240208.66150969712,653796663.8560812,116756828.41517693,240208.66150969712,2017.0526944684616,60.516312917054165
33655587883.0,5,408563.746792439,571870298.8650928,124065986.01412958,408563.746792439,2587.235967518657,66.43567941333387
33655658328.0,3,194443.43039313323,231393152.93921316,64147071.11349927,194443.43039313323,3192.885380984733,74.1004993794707
33655677380.0,1,228380.3314004972,222653070.1063592,4162839.1063043154,228380.3314004972,1827.129081076596,87.51633078761547
33655677485.0,3,179696.44472540088,371520663.42899597,77329194.16324031,179696.44472540088,3416.7416800312426,64.82402502873192
33655718843.0,4,340494.86832600745,506629098.29245806,96559067.54548264,340494.86832600745,1711.552886214157,67.35351083097859
33655745050.0,1,79237.81102275645,98201698.89147456,18033873.65461559,79237.81102275645,323.7899014909456,40.55894653022152
33655745469.0,2,80353.31680925592,257891414.77352256,41926766.7928585,80353.31680925592,2221.315327031084,85.32389678121933
33655759166.0,1,22030.60540280112,132517237.16572608,29668427.09644193,22030.60540280112,7081.8950763463135,32.966217291693056
33655791733.0,4,114222.46624826512,535831192.0702571,134355784.30223423,114222.46624826512,3067.635246818896,52.7138058848752
33655816038.0,1,39948.732478691854,40677866.15181469,22264986.26323612,39948.732478691854,7081.8950763463135,12.256781874578618
33655844569.0,5,365317.593623051,739455938.3689876,123828715.83597031,365317.593623051,3142.955708695524,69.74774810246952
33655932658.0,2,180975.64791577982,201241299.59657612,65266871.23420253,180975.64791577982,784.2994557244426,50.548675261782215
33655938649.0,3,149638.5995237462,377015570.5219597,66814756.97143215,149638.5995237462,1748.3745989476365,111.29227719212686
33655961405.0,5,201348.35792697273,705871485.8221661,102896025.65814766,201348.35792697273,2782.5109775231717,57.8271914376345
33655968757.0,3,270143.94781856966,280243255.23305273,84890334.31443691,270143.94781856966,3597.62717684557,76.55800103649513
33656013251.0,1,79289.30958038845,135237739.05120453,15632590.93080275,79289.30958038845,1070.6403598731963,20.02775501448287
33656048559.0,5,579408.1176361592,599580473.2562492,123162491.66106956,579408.1176361592,3912.4114355996658,61.578319726563834
33656159303.0,4,484394.0839129058,492643574.95914257,57056681.82284733,484394.0839129058,2551.6933162111495,55.305335149644186
33656206264.0,2,136246.7188960966,310859296.1407325,23807968.610120405,136246.7188960966,1147.0912141952329,41.99331864729802
33656216125.0,2,108126.83445661994,247013220.32636288,53267869.58904393,108126.83445661994,4547.462727475724,59.591263230601484
33656276888.0,5,373717.2458882175,639788647.0490276,86067075.53363308,373717.2458882175,1855.4319181611404,46.73230517818956
33656316696.0,7,1024124.848369627,845340182.9365666,129233284.41063264,1024124.848369627,732.2233650353131,67.25532810092325
33656321408.0,7,637024.274728486,767012287.3972242,163186767.18310758,637024.274728486,2756.3393232244953,60.56304572318155
33656338604.0,5,458758.7374916482,827887215.1813322,139554923.54128292,458758.7374916482,3521.8628339450925,42.226770744132025
33656350911.0,5,594080.592725331,706677248.1466304,139304262.3717264,594080.592725331,2843.7928429468384,68.26737741066182
33656361481.0,5,231390.9614703695,778397525.0820936,115823172.88191642,231390.9614703695,3707.9760964132065,44.70815397441036
33656389268.0,3,158217.2606037202,359937482.26318204,90650045.27204363,158217.2606037202,3686.0666666499515,44.54253365342078
33656462256.0,5,431437.8429870773,537955842.5429949,119639390.3265718,431437.8429870773,2652.858457270681,46.33279130112628
33656467514.0,5,465229.3886303451,714753501.1665275,116129077.22185993,465229.3886303451,4121.785416249611,76.63572379303807
33656510960.0,1,94894.32682776055,74492613.30512635,39905034.61903729,94894.32682776055,7081.8950763463135,28.80056490976334
33656523537.0,1,37140.350445937846,115601221.60527004,10489039.84627333,37140.350445937846,3626.859994318117,55.3049729829814
33656547339.0,2,99620.95877608263,246163480.3271212,43236307.399690814,99620.95877608263,1208.9734893421025,30.27842708072859
33656571160.0,4,469586.4889224772,470989054.90243685,102324230.21915954,469586.4889224772,5374.775229956053,48.486406463735754
33656573028.0,2,182195.42600895118,190258119.9138152,31196547.0742827,182195.42600895118,2157.6978457243467,107.91468894790412
33656597588.0,1,149697.78312234103,108516116.89380442,13679792.760259788,149697.78312234103,915.2853620094576,73.42085884200037
33656626914.0,4,194169.47774094983,487384657.81472766,107866670.78173316,194169.47774094983,3328.316161493205,37.67096547952264
33656692999.0,1,171098.54110591707,201600192.35617703,17928045.511054702,171098.54110591707,871.5963032967513,44.4314366482532
33656695565.0,3,218131.23948279436,385340865.3428961,56674690.21103154,218131.23948279436,2002.107795071118,116.46601840053432
33656705646.0,4,541124.9930673763,497500412.12150186,99070864.40830958,541124.9930673763,1655.2994010650996,84.25806714344553
33656787763.0,1,28887.037397577937,79635987.44290645,29405001.61901932,28887.037397577937,7081.8950763463135,64.41293747827164
33656792155.0,3,272524.83559134684,538075910.746196,47286243.55394496,272524.83559134684,4643.21172989208,48.955063866069956
33656801033.0,4,306408.7679344402,479129154.0858747,110144379.50288686,306408.7679344402,2010.303972868906,91.1220794974713
33656918818.0,1,38213.4319368703,116631527.2001052,20190098.370906204,38213.4319368703,3142.683252599403,29.162282557861
33656977874.0,5,356518.2586790752,558417597.1214532,113351341.3414546,356518.2586790752,1585.339249077585,61.53005512353186
33657010676.0,8,641670.9928879787,960429613.2082876,221472180.17255634,641670.9928879787,2648.5609948779306,49.953815606550144
33657044083.0,4,352187.8867756534,261205434.3766368,81911850.04902473,352187.8867756534,1047.8543201577008,77.08680184894577
33657108178.0,6,413888.9721333125,746215360.0547652,158269656.0382235,413888.9721333125,2745.795994631287,35.41546357728816
33657149071.0,2,479100.63894671516,215306876.45284235,53549063.71680032,479100.63894671516,952.1675386602801,94.01973672624266
33657189674.0,2,60288.341986908694,289862892.79699194,41689274.78549588,60288.341986908694,2847.5998844387823,32.6109736096919
33657204953.0,3,234491.88276066858,319094935.4669313,82870111.81573817,234491.88276066858,2067.9318070476884,68.51687400138212
33657226729.0,1,49285.83492261177,176640868.83015898,23130997.20780912,49285.83492261177,670.7514718750326,13.587886413097143
33657230658.0,2,142400.79994049016,245235690.83925664,50151147.58234024,142400.79994049016,5667.1027710671015,39.7491280133667
33657246348.0,3,349688.25883064215,411515524.307603,72918377.18036589,349688.25883064215,3657.864222120033,94.0221379495096
33657336078.0,2,301351.70627465367,171366435.35497123,54984968.39396083,301351.70627465367,2596.089131719643,140.96361435362624
33657347699.0,3,392450.7415317506,349970667.9810282,50428897.221351795,392450.7415317506,1502.433207166161,70.86251942200862
33657364509.0,9,534502.502226846,1143318156.012052,188334244.69664782,534502.502226846,1076.3922544018842,68.99296183608074
33657368963.0,5,739041.897466524,598602823.0775353,115307574.55637373,739041.897466524,1785.2475796476567,96.05561238253892
33657378941.0,3,424444.3390214105,466573855.15782315,64551415.42864466,424444.3390214105,1581.9430504382226,60.586145887138436
33657379179.0,4,212548.77239436685,582383002.3095784,108030326.75227119,212548.77239436685,1358.309368501179,50.39313817951443
33657380429.0,2,208924.19660491787,219602643.7415637,37930658.95899113,208924.19660491787,4096.848504014719,66.11183048380107
33657384057.0,7,768328.2192399321,764287538.755059,169832192.29197025,768328.2192399321,3004.9022318154925,67.62138362148426
33657517690.0,3,196677.6775342353,283158005.55656874,56773652.41513131,196677.6775342353,4077.5557931876306,118.91030769554395
33657548564.0,2,81542.80821878024,285980945.8028461,54178089.59980558,81542.80821878024,3257.6899187587987,67.18041190715778
33657602635.0,6,299654.5632654893,785572613.5531067,136242554.82962134,299654.5632654893,3759.2337718344897,60.90442132363603
33657637042.0,6,490213.636682089,703860972.9986205,164725776.77934173,490213.636682089,2229.116560417896,55.732875291291144
33657657169.0,5,429809.6235183461,637133839.3648595,165996349.19960457,429809.6235183461,2145.5486828852427,65.08102429595388
33657675854.0,2,278119.0464289488,337032726.76753575,49859788.54884792,278119.0464289488,2546.0532037202615,66.33667660683656
33657685442.0,4,129925.49198732195,597557854.2722989,84966868.93213491,129925.49198732195,1374.1768385006378,86.99896043862515
33657715952.0,2,161398.6579233427,196888142.7989346,46146836.765965424,161398.6579233427,409.44351735380485,46.136350198562994
33657718021.0,2,61187.93110733838,196801039.58295828,36678915.2531722,61187.93110733838,1812.4660403676737,86.55715808954257
33657718418.0,5,410388.3010562227,815712642.7630292,84718279.38287058,410388.3010562227,1220.1449108983077,61.56205346800734
33657719804.0,2,231912.4384335889,215961898.47627857,62823339.98893738,231912.4384335889,4517.845079128367,35.91930093755311
33657732820.0,2,98034.68239833323,369089010.2061081,36397607.699552834,98034.68239833323,1898.0128594498055,74.46814743895706
33657756479.0,4,321368.832535407,670623298.0289192,64997822.74946512,321368.832535407,2963.1776257855868,48.41610672861804
33657766655.0,2,199763.0210261811,242059282.5551359,54900586.07504325,199763.0210261811,2370.564250076744,105.42027054631328
33657784180.0,3,161647.52090667305,159352896.67887837,104690205.02060384,161647.52090667305,3105.040251501836,51.81291022062379
33657799289.0,2,65990.04337501802,171972004.5164759,57242487.54437971,65990.04337501802,3210.395471477283,63.31541004270641
33657870026.0,2,286647.60851606994,247348286.9556849,49228412.0447088,286647.60851606994,5896.120743439009,70.63472939432046
33657876337.0,5,239957.66015840843,561600711.8948509,93600009.97170313,239957.66015840843,1569.6444793042654,40.30233947358212
33657911176.0,3,302253.40072132455,354891524.9603318,84618521.94071013,302253.40072132455,3191.931821147739,82.37170781388242
33657936136.0,1,210425.6330489197,128965247.38627338,10768174.849512262,210425.6330489197,2516.043475921182,54.6894321551574
33658006403.0,4,399081.7554353054,653187867.8145633,122593217.28894278,399081.7554353054,4217.710771957176,35.41533849286297
33658014453.0,2,280061.4600794704,334252094.330954,42122521.51020113,280061.4600794704,4639.096991212916,55.87147740683322
33658018519.0,4,212356.78432048502,549368509.6121047,50675195.65540055,212356.78432048502,4112.123114372263,34.50682305540306
33658055661.0,4,442665.16233062977,489289702.37112415,80826660.31901246,442665.16233062977,4173.138001202042,63.97352485434456
33658076248.0,1,35414.265765959324,79110788.98088904,14787908.591126809,35414.265765959324,291.4400912748744,41.21066618387743
33658085527.0,1,110087.65743720588,116730084.53071998,30029424.21123707,110087.65743720588,2029.881153624397,61.02344213058851
33658120511.0,2,78905.90208087156,376395391.12067866,70987216.29014888,78905.90208087156,3300.846071734685,68.51220094794314
33658123406.0,3,230913.1118881852,321930237.55254537,77071256.41819116,230913.1118881852,5226.155115610854,77.06920263309678
33658170987.0,5,682038.9551958604,682822607.6353782,111567309.88388246,682038.9551958604,3004.0517496874186,54.0087482687512
33658190951.0,2,183749.7379856577,181669986.6510637,36804001.3260881,183749.7379856577,2431.221669689106,20.60195915846239
33658226615.0,7,1023809.0255273747,837946928.0514396,146580809.42546892,1023809.0255273747,2423.8367250557044,74.94589750363026
33658243574.0,7,873567.4490275657,638139685.3138071,190782828.84790003,873567.4490275657,2389.92430020066,39.5419267624801
33658302504.0,1,30611.493010796206,90909800.119206,13043086.046988862,30611.493010796206,454.6845472482682,109.31078511206604
33658344513.0,7,633063.9146007751,986961899.2550282,229045754.94568813,633063.9146007751,3160.880456470718,60.41361633323911
33658356322.0,1,238405.2605658436,92820317.25459334,17960210.93707337,238405.2605658436,1434.3995587175757,55.37292684480354
33658383190.0,2,40383.627943306696,174012844.23099813,51073710.16656263,40383.627943306696,3368.1928066503287,75.80456173849758
33658410263.0,7,793262.4140015687,888629371.0415072,141870113.75757563,793262.4140015687,1840.2535181471483,76.21758618133624
33658427722.0,4,605027.6033388048,623095878.064498,74305715.48931322,605027.6033388048,1955.8215161903468,53.336746534580165
33658436828.0,4,303520.6029035441,424024888.3812461,73675917.65075794,303520.6029035441,5681.760956820498,58.74941031850442
33658439031.0,3,306401.2771015223,453288645.78917366,74798565.07815327,306401.2771015223,2558.6619443910363,95.9536864146756
33658458273.0,1,61515.21858949352,185997844.06368187,12858448.197145753,61515.21858949352,3870.7657965964177,94.20945723902032
33658465992.0,5,441792.0627270647,623814629.305833,123842739.09713843,441792.0627270647,2730.696175567223,41.70444480002442
33658487260.0,6,759797.916797523,862215109.3760234,127938216.46021256,759797.916797523,2471.5008020664804,51.65277429457711
33658491183.0,4,284922.8919761776,554673172.1126888,94896588.2287208,284922.8919761776,3851.5426192347777,71.80181472166969
33658491820.0,5,334406.2517404187,486560625.15163803,134417033.91162723,334406.2517404187,3162.248462300698,63.69501433468538
33658495982.0,3,455706.33728127164,266579607.06099957,33332442.57030134,455706.33728127164,1169.3878284871232,57.638102729940414
33658515114.0,4,550835.4667007723,573021126.8500665,91188766.3481147,550835.4667007723,2834.1257932369263,82.38200637157317
33658515838.0,3,377441.6649243608,398386704.73098004,99941098.36631754,377441.6649243608,851.2312239876263,26.259572567223085
33658518372.0,4,495975.4736092278,851989781.9231995,81875138.17780243,495975.4736092278,1891.7169624009834,32.58959518391422
33658532681.0,1,42280.088335030334,81418692.2669147,34485356.24460339,42280.088335030334,1087.1696876849576,50.30060345541592
33658566364.0,4,313438.11424617044,373799958.8330839,95544736.12172854,313438.11424617044,2372.727613515723,62.412498172335106
33658665285.0,3,85934.24686746822,253342152.36300957,107791601.86540192,85934.24686746822,1176.53302468867,79.04085259176388
33658673237.0,7,473930.5273345614,969252471.2502276,161580390.89527208,473930.5273345614,1827.7141910153844,72.69239783590008
33658715250.0,1,114044.21230645954,83377779.05298592,15659214.832847338,114044.21230645954,468.0783542939346,56.87272445100131
33658715257.0,3,274790.2828231342,474157465.51557624,66286849.037526876,274790.2828231342,1861.2009822935786,74.34703100977855
33658719461.0,5,540651.1571875139,799671580.9588978,130913543.39829588,540651.1571875139,1805.6568189452003,99.52490139074396
33658730049.0,5,456270.07360343006,615850682.6877742,106789182.86603332,456270.07360343006,2143.221119219313,51.51010915783691
33658743175.0,5,326870.8719407287,576004323.6042567,102267252.31267813,326870.8719407287,1962.6543032387199,73.19515381659514
33658761066.0,2,118935.37099165606,443378295.32315505,38917757.907176465,118935.37099165606,3117.2805498384528,134.46874820071798
33658763532.0,4,409859.8381285713,631568564.8408617,81855298.13630986,409859.8381285713,3800.883397331799,74.73962302872368
33658766345.0,1,196342.02820124745,47217183.23133316,21722321.38896376,196342.02820124745,1115.838886170369,76.39240591589154
33658774836.0,3,192669.4834049564,314203217.954369,64313236.49533105,192669.4834049564,2066.6337910057496,41.85196276895683
33658786500.0,7,275897.24009310774,955056776.5873042,129448608.62014219,275897.24009310774,3845.8068190500876,57.31200418122936
33658830419.0,4,289489.4605925209,511920112.6154653,123777274.66498089,289489.4605925209,2963.2549960525093,42.98694854475211
33658840101.0,3,303626.59251686826,265667851.7132955,77085037.48423034,303626.59251686826,3431.6118342898467,76.84496627881559
33658890527.0,4,255345.5710075171,403075549.1565336,124757707.96535635,255345.5710075171,3758.516666548213,62.7224658491322
33658900483.0,2,104124.53500228852,211710057.70471123,45390830.09100093,104124.53500228852,2096.905924243254,66.29067965247366
33658939582.0,2,333914.03229847504,196528827.97191128,33183749.550773956,333914.03229847504,3214.6176862757798,50.811500649776335
33658968538.0,2,101289.04997404906,194252139.51100433,45095826.613344595,101289.04997404906,1711.6800705168966,33.688586188887754
33658978079.0,1,154471.19853074182,129604751.04620668,19817233.832271643,154471.19853074182,1415.527421834294,35.546838909979755
33659007334.0,3,39763.569465004584,555778813.3955847,86294211.57947826,39763.569465004584,3530.07585010251,81.39662931488704
33659092554.0,2,450474.57546867663,244036767.8188628,67738235.92596006,450474.57546867663,597.5762074046822,58.46648475311808
33659114107.0,2,87406.79953029848,255614976.2490108,48676196.953780934,87406.79953029848,1819.3246230689062,62.232803793364084
33659133346.0,4,386145.6206146505,505340463.60748684,86613673.58474311,386145.6206146505,3826.432679714591,117.84937150615717
33659160571.0,4,165563.6971969052,601725027.9472249,95421463.31286731,165563.6971969052,3015.657163231421,89.69348532996705
33659223966.0,2,28197.2009182338,189924485.15300933,54142988.45566729,28197.2009182338,1288.7556084458295,104.29028837168354
33659282339.0,7,690008.2107342668,924067744.3791211,136014293.63704157,690008.2107342668,1767.4572637567687,55.33848874810185
33659349430.0,5,568676.8815613432,510276668.1939061,104103167.82465933,568676.8815613432,2661.977686014624,54.31650451992177
33659351998.0,2,155597.55726431863,309656999.7008276,47862277.699570864,155597.55726431863,755.7160866927669,45.78942335064389
33659352346.0,3,238441.82406620783,321478786.3225492,85981760.67769235,238441.82406620783,2341.2481737776784,40.71402794974801
33659375565.0,6,606611.8346853052,785701155.4048655,184970286.480538,606611.8346853052,3371.9312399923692,60.60926474685459
33659375650.0,4,232285.13238237897,356342268.2076961,107770621.14995219,232285.13238237897,2986.5764174240385,91.83063828641005
33659402807.0,2,164265.23457376158,328033024.049216,24411447.782692946,164265.23457376158,2529.214560682996,55.16245696935967
33659431582.0,4,152960.2385228387,400341882.9247296,50496329.12170967,152960.2385228387,1996.356603616502,35.16789349829974
33659437769.0,3,77449.112387704,292854905.3001778,120217062.39206056,77449.112387704,2713.064927568541,40.558156990498944
33659439294.0,3,232079.39638985012,563669516.8307655,85937786.32601982,232079.39638985012,2184.0273167995624,70.73817003896606
33659464216.0,2,137251.77132132754,272804030.05792826,36856152.989111066,137251.77132132754,1804.9168882606812,53.186716472566246
33659566094.0,3,213525.40897100655,428059407.58078533,94037085.8011,213525.40897100655,2316.4493206933935,38.555917632373244
33659583876.0,3,108931.70483795664,375261833.0056584,118993860.21058853,108931.70483795664,1586.1722934379795,80.66934731671246
33659626984.0,2,197371.8953528487,243574504.05946785,31550978.47927801,197371.8953528487,1334.6329346648486,68.72326189447928
33659701515.0,2,383114.14487672393,242185600.53119802,34445438.19830088,383114.14487672393,241.49929234635377,58.61917443917846
33659742523.0,3,401517.9761184543,320699083.8202378,89851969.16195035,401517.9761184543,2948.4496269798033,57.04984699639152
33659818662.0,4,360546.36739020725,535101444.93081045,96251877.0974684,360546.36739020725,3672.228147903812,54.66663151338001
33659839731.0,3,126686.78761349551,195202398.63962063,100879916.40085074,126686.78761349551,2505.5112305468588,42.27385552592684
33659873778.0,3,293151.5905651023,448631122.16812456,68043823.35751602,293151.5905651023,873.6934322983152,36.02080228277768
33659875088.0,4,405716.24209443456,423740811.2248266,116638891.49021998,405716.24209443456,1352.8353199187334,80.1727179021972
33659896930.0,5,689367.8027429744,565550650.779595,91902789.338912,689367.8027429744,2162.524189256481,75.3993830463422
33659905866.0,3,169844.59412422095,351992433.90204704,103040703.6102089,169844.59412422095,977.8950137428586,46.3638837547775
33659907857.0,3,297800.24037608935,322463458.2165563,57517971.86553404,297800.24037608935,4269.771677567635,35.285821990358
33659909831.0,2,154675.61012519215,211024371.72389963,44781129.62723189,154675.61012519215,1042.316877129457,67.29172812329381
33659913224.0,3,83567.25559666354,331816417.7414722,51628494.138840646,83567.25559666354,3575.8942424580114,71.48169511320899
33659970088.0,3,310999.01861986564,662790196.1521301,96783017.94331025,310999.01861986564,5340.089052574883,81.11009386131344
33660011985.0,3,132894.20358331103,488530368.19780314,113070237.32766953,132894.20358331103,1093.3386880481273,40.392601263386766
33660018037.0,3,293157.3066852077,309734812.2996733,77281354.32306,293157.3066852077,1716.6675725189816,75.03103000041315
33660066487.0,5,408849.03435061744,482867910.9334469,125507948.32858758,408849.03435061744,2978.4187650195563,68.57901541973123
33660120903.0,3,212222.34424605212,438582244.3477823,40826045.285938494,212222.34424605212,2446.612501464517,111.5605911200766
33660122260.0,3,426364.3166688014,416042461.05524695,34993770.8403115,426364.3166688014,2545.53846479092,77.08518778829334
33660154221.0,4,401008.60803485475,627141924.8836527,115305603.57086428,401008.60803485475,1028.7941445644205,82.36281778120362
33660166883.0,1,72260.53264742014,80399811.68423492,50260124.94679316,72260.53264742014,716.7096692043103,66.95351452041452
33660171169.0,2,199276.42349199418,231501047.32721815,37032666.524682336,199276.42349199418,2865.592516663092,94.03631951124514
33660234072.0,7,546950.3136810588,904674538.4908996,196195835.0527685,546950.3136810588,2236.4781707131365,59.03775468836625
33660275547.0,1,57091.3115300308,60482420.30177405,11165991.605843514,57091.3115300308,215.48951663184627,90.70653640821732
33660277283.0,3,108239.5024505159,346809536.0608504,44889266.191381454,108239.5024505159,1150.8627031911221,113.28908714488921
33660279504.0,4,491016.54248569516,602522516.2584953,88520755.68268776,491016.54248569516,1049.0750417877427,91.38621313672213
33660296557.0,3,147727.72022959834,349035050.79359233,60386289.24003687,147727.72022959834,2171.3920285305308,69.52574867085856
33660305761.0,2,113878.71610949936,190385267.36423898,36572410.97527644,113878.71610949936,3738.979495148622,88.41703967269399
33660352901.0,4,137028.61969695764,565300690.2749188,76098802.2505822,137028.61969695764,1674.5699907781202,39.81635055616405
33660402943.0,2,114970.93989147873,258163958.87855875,56399751.920476854,114970.93989147873,1406.5755975178195,45.26154524316179
33660422654.0,1,189960.1787674389,89653633.55927733,46558154.02119592,189960.1787674389,3863.936671380762,47.81758552573591
33660426676.0,5,442748.3253094073,721873791.134691,151041782.14616892,442748.3253094073,1188.3126957155728,62.61050812501969
33660435843.0,3,184011.0389876709,413013583.59320104,74389159.92276591,184011.0389876709,1521.9690991951472,57.78120563142192
33660441204.0,4,284604.8507760583,556741343.8356683,85517057.9287702,284604.8507760583,977.1823391345604,72.41688858582587
33660495701.0,1,56446.10537894254,100843280.45986646,30589570.80108404,56446.10537894254,3077.8487427181904,25.354053967228648
33660526894.0,4,464759.25247786543,404393823.005,47914955.40775657,464759.25247786543,2898.062963436688,79.52643380660216
33660538135.0,1,39118.91360859572,111610075.33252046,24745184.484293275,39118.91360859572,7081.8950763463135,34.86707126327043
33660571427.0,1,191627.5674610072,124662397.02036482,16368375.681592934,191627.5674610072,4432.309127529939,52.38033943790221
33660629738.0,2,207008.18221653264,380055111.5464122,41241987.75023049,207008.18221653264,3319.1948104819435,39.6654369350794
33660672855.0,2,83696.4211592749,205573008.8002199,45613336.262937695,83696.4211592749,1375.7771250673304,114.58142471432924
33660676914.0,3,176348.68841048557,192112125.42493737,85674326.81049836,176348.68841048557,2952.8712782306516,69.82999290596833
33660709813.0,7,753043.7301871256,978438644.1523528,153086835.90758944,753043.7301871256,1585.446383061497,40.428181264260374
33660746642.0,6,680247.2011715252,734938226.2355586,125893603.02942193,680247.2011715252,2347.349429810838,59.01856120293204
33660760636.0,4,299466.33629594557,551054394.6636841,87774627.17599036,299466.33629594557,2441.348784916153,49.84852759219174
33660763061.0,5,502880.4259463934,509381583.4445512,146243136.19884792,502880.4259463934,2107.7061245066834,70.25473002770426
33660794649.0,6,444637.5338345989,823626575.6611185,128343705.69621116,444637.5338345989,3302.555068684986,55.56443922168492
33660795719.0,4,228492.9490945168,448545055.8476556,97026004.01390982,228492.9490945168,2541.8681922191395,36.041860852495795
33660825596.0,4,184775.8004723851,575054439.3769089,94298494.95620266,184775.8004723851,771.2313933441887,70.39757447775894
33660831524.0,2,294903.1111638173,359504928.0560255,49450974.35957709,294903.1111638173,852.4334148498158,36.13156546408052
33660837727.0,5,386471.8491991643,506313135.2337465,147363849.7994507,386471.8491991643,1314.373848397492,45.08529844788016
33660873983.0,4,243037.17332528278,570967683.3499585,69029492.93054438,243037.17332528278,2222.976305259399,69.63141020197284
33660894269.0,3,466154.50773408357,450502761.0253071,83457023.37408659,466154.50773408357,3106.3899501741093,59.418957834969284
33661048404.0,3,125139.4712846374,335746285.77461624,82864200.01093814,125139.4712846374,2285.2087443834134,49.73332771255806
33661100382.0,2,131068.41867165352,204536951.67790908,29846873.518605202,131068.41867165352,3957.1123274959027,73.72609950397958
33661112289.0,3,357987.7918809437,265785771.62738907,95418971.07809252,357987.7918809437,3353.822319696719,64.71722049680609
33661117909.0,6,506317.8580951014,745901486.4372926,175168381.55660504,506317.8580951014,2221.4965255451157,75.53590739248256
33661120091.0,1,74641.32789227147,261799199.78061143,21597166.72216922,74641.32789227147,7081.8950763463135,45.68224237818951
33661139392.0,4,647827.0057747103,509776487.3619947,88385878.77532111,647827.0057747103,2799.523006579696,58.70730919109607
33661152700.0,4,439380.82256904675,269150316.3739061,122453513.77842437,439380.82256904675,1946.2942365170802,57.83501840550853
33661173179.0,2,178300.33493683275,229303144.18421143,38887535.40942484,178300.33493683275,1255.4697886866034,116.05777280719448
33661195209.0,3,239754.0484898241,387296151.3041506,86325203.65383527,239754.0484898241,1172.6143218253799,69.01154066824725
33661207679.0,3,159505.755936858,335462804.31318223,74680675.85650578,159505.755936858,2450.482603411368,56.708990485521305
33661212060.0,3,423073.52383619075,316652900.88018,81487488.95595929,423073.52383619075,3444.390329632109,44.26786771359008
33661217069.0,1,135219.10426125763,128760187.97290663,28222649.276072457,135219.10426125763,713.7439908495753,40.44104391591345
33661255428.0,3,253311.47858628104,394966445.85339403,49555928.55038499,253311.47858628104,3311.9350751294824,71.13625551817448
33661296836.0,2,393271.4857160463,280083929.8383913,41598168.7695888,393271.4857160463,911.6164297321882,27.740527166077968
33661308081.0,6,339526.3000143909,876607822.717053,119980187.21623793,339526.3000143909,2761.0686746821843,93.72207526712577
33661327755.0,2,45449.32039639658,313315381.5674862,26576382.97252076,45449.32039639658,2387.1128261993426,40.27614496412366
33661359205.0,1,145807.70572545414,120354699.92930909,25161147.38532504,145807.70572545414,2030.0613767460168,68.35730766898968
33661371106.0,7,546057.2060228076,676412364.7118546,164572165.58947983,546057.2060228076,3405.9271628008096,62.575919809683775
33661379821.0,3,71623.5981174158,374276195.08015466,69717702.73207521,71623.5981174158,1918.6755388615313,38.73770497468118
33661424149.0,4,201453.61584919682,488979287.4340679,109001915.43326688,201453.61584919682,2858.8290506482977,68.14738975240411
33661465754.0,2,354505.20164882083,302679789.61720324,74907251.72114001,354505.20164882083,1642.5920176556301,31.680008083651966
33661484872.0,5,461145.45689863164,594599949.2416519,152352749.00337076,461145.45689863164,1739.093741130481,49.81579781455236
33661493837.0,4,371884.05285828456,298039009.5677496,130436212.86534816,371884.05285828456,1513.2585321539182,36.39942223461286
33661509697.0,6,443937.7424274092,710440664.0557905,128473915.85197201,443937.7424274092,3175.634540068955,55.609735593466844
33661562394.0,4,430084.232848973,365751772.0954865,116534925.75078219,430084.232848973,1973.4182628126582,62.14892350166764
33661569363.0,1,266716.34178263147,77599970.5056895,14155137.450131556,266716.34178263147,1348.4924937501928,67.76926518689434
33661588363.0,6,579650.3260959933,1031424874.3487333,117823451.62814355,579650.3260959933,1221.3478714016894,80.24275710087225
33661592034.0,2,49940.4880928285,246365707.8451313,21914571.807897538,49940.4880928285,5201.99596816023,45.5776049108881
33661599948.0,1,11100.944877364753,113847270.77653122,21847848.606298704,11100.944877364753,3513.223801767147,21.55429305168502
33661628164.0,4,236004.4033177815,577298573.563334,111804931.07186106,236004.4033177815,3160.0469722376033,87.28563623338542
33661646180.0,5,339465.6251441153,563930551.1083592,115607472.27870935,339465.6251441153,3626.9354088116625,48.84922660303788
33661665220.0,3,409377.58628586674,468318856.8920573,36659788.74157728,409377.58628586674,1897.7516173491397,53.91996319605831
33661689101.0,5,461876.93725231936,494962924.57225823,63706719.42104491,461876.93725231936,4391.536070643235,73.93812245296792
33661715898.0,2,78914.5787205272,279574632.8828312,52093763.462861024,78914.5787205272,527.9382006205838,40.719337058025076
33661721929.0,2,45772.11649636552,421443882.41504407,49502522.47008983,45772.11649636552,2684.585558822245,102.60536273046483
33661756593.0,3,113513.179737939,360206069.2551824,78272735.14290296,113513.179737939,2152.915780590654,60.93581109718631
33661757120.0,4,208605.98768799758,522862563.92530864,68287299.73647898,208605.98768799758,2366.1381699976173,46.88183512289939
33661831782.0,3,229750.39302893734,251491382.5182463,110857525.64272188,229750.39302893734,4079.2407913418306,44.500054532591236
33661844408.0,6,480854.54262489907,901393420.1158177,164559660.6536186,480854.54262489907,3405.632070176476,49.091496424874435
33661877884.0,5,351186.76251629257,503813883.5134149,110682549.87431048,351186.76251629257,4018.8137408203606,61.859628918307294
33661879723.0,3,350085.65237737296,397405608.04177845,127945589.50939491,350085.65237737296,2587.315589891621,63.86362022021643
33661880950.0,2,298627.75551874464,368636163.7786518,28396511.085717157,298627.75551874464,2102.7677795131813,64.4580547127537
33661900771.0,1,89717.68001722821,140286011.12114188,38329998.56586833,89717.68001722821,2935.3577379659173,23.234614822856727
33661910807.0,3,351258.42441753176,413508054.3981985,70928383.74775584,351258.42441753176,2413.996407906449,52.05002081094279
33661913068.0,5,340373.4115872383,548066457.1030134,139194523.9130203,340373.4115872383,2522.7288780135023,64.2912029347161
33661913178.0,5,519614.21237043286,726732793.8035403,164746566.85221535,519614.21237043286,2199.412856884233,47.421843648834496
33661914894.0,3,126910.18319872329,307365849.3873986,70776250.62681267,126910.18319872329,4030.322406516909,29.37177825313667
33661929747.0,3,489907.73868182057,321574594.9586227,80198334.00352648,489907.73868182057,3438.6370782307445,61.4690564870918
33661939266.0,3,366426.4465658988,373494600.80469257,68783945.68500802,366426.4465658988,3829.0315055118785,65.58330408424072
33662005527.0,3,437762.079834718,472083268.9689747,92521794.88159862,437762.079834718,1959.1965691882845,69.37698317777769
33662044151.0,5,427470.3423041363,845798138.505796,123538785.36274552,427470.3423041363,2679.329268514516,54.12197916483549
33662058324.0,4,205733.09863883568,491251889.1170957,54104774.61297151,205733.09863883568,1295.4683224896976,71.33730114162017
33662097172.0,6,429696.3665423473,1005512948.5134169,110331617.45707229,429696.3665423473,3471.5367060090175,75.80879928111271
33662157313.0,4,360411.4591126476,451736051.0875894,57651534.54721073,360411.4591126476,3167.655763082206,46.946997933912954
33662158173.0,3,349314.6507419758,368125198.0063602,65781304.4984168,349314.6507419758,630.3281323628725,32.485248594877554
33662182965.0,3,103679.30871345653,206485592.18652853,53837936.67864793,103679.30871345653,1374.1957718727801,50.462843357678175
33662187215.0,2,331303.6084613024,326813496.63258016,54692475.136547536,331303.6084613024,1711.7925686328406,133.66049753868685
33662200318.0,3,404696.5376508491,302303522.30749583,66757736.73064107,404696.5376508491,4029.8429206808105,49.89526195994742
33662209619.0,2,96463.1501743359,242651233.5540181,49219643.666365564,96463.1501743359,3363.50193453267,88.4482936860009
33662215024.0,2,106632.41078341275,181586028.90100437,52234628.9081085,106632.41078341275,1166.6081752145967,119.69207825389563
33662237687.0,2,257505.35828550073,163789978.48204082,39157890.61323013,257505.35828550073,851.3022994771509,85.84988300082578
33662286002.0,1,217961.70612622573,100990996.30287205,10522996.153500948,217961.70612622573,776.847639331678,124.60320144458233
33662295219.0,5,681075.690133443,752255511.6624348,65720805.32065607,681075.690133443,3516.312194788397,55.0445026309318
33662315765.0,3,289920.826479033,405859774.4836894,54805515.6594302,289920.826479033,2982.3518516593917,51.02608622059944
33662316857.0,6,716387.9716697842,743133474.2595372,180411786.54565266,716387.9716697842,2986.2296018479815,77.40225699983672
33662374471.0,3,244003.23461452682,464148114.6569731,53289459.86695387,244003.23461452682,3297.924166509598,39.162105122045794
33662374647.0,2,174313.9279035256,230169010.83329785,72978480.22026208,174313.9279035256,654.2639905115449,73.12798988315532
33662404938.0,6,531743.7631234296,795317498.732233,139705802.95940238,531743.7631234296,3311.850884395171,65.47632400462058
33662411802.0,7,598612.8905806448,859750600.2368877,147270899.58031696,598612.8905806448,2385.790584829355,80.60253157786691
33662418906.0,7,310582.1219511614,828066902.8613466,174184936.34231898,310582.1219511614,1496.2529350485243,52.15503725602428
33662453338.0,5,626418.2823966193,604172507.3314283,109021357.04950641,626418.2823966193,1831.3084284377,35.79161067872615
33662492736.0,1,14424.943267527357,149589164.88089326,8278618.828794276,14424.943267527357,947.1830447060236,66.57899467067153
33662496015.0,4,415464.25189551,443964864.70875955,84287678.33020392,415464.25189551,2723.6671175553474,57.87993361176471
33662496899.0,2,185992.15020840685,161757808.03204703,33844163.701539345,185992.15020840685,3715.9791936865204,34.81822803134029
33662499002.0,4,404392.2736500899,401043591.11903477,93673384.97348805,404392.2736500899,3313.760613876322,59.94439164910715
33662534223.0,2,118863.13430579976,260201494.75398335,63485762.92519243,118863.13430579976,2732.9567651687476,57.08735225731543
33662559151.0,2,289345.5022094726,182790996.42530674,33543192.912438765,289345.5022094726,3503.6645944011398,48.08246550270664
33662562567.0,1,216145.3677615486,224332329.0320596,50260124.94679316,216145.3677615486,2896.7318128488373,60.42313835839628
33662565354.0,3,304006.18687136605,196663334.97671005,86792061.94403644,304006.18687136605,776.1838835164641,83.79348264985549
33662569705.0,7,530493.2550291617,673216377.972682,191408359.65649113,530493.2550291617,3176.0202938632424,51.554494447368654
33662576779.0,3,260908.85836782874,293758947.0033378,52496113.52794178,260908.85836782874,4477.575862826387,36.246103217430225
33662631083.0,1,82879.90909207931,251457127.5118329,29985966.175903536,82879.90909207931,3687.576615794056,105.90547217220607
33662673683.0,3,564822.0853037138,501607310.3637515,63851003.343578696,564822.0853037138,2799.446268789267,75.64620565955543
33662715014.0,2,184495.9499311078,318958006.3200015,38016845.96971448,184495.9499311078,1832.0272462922533,75.79079603869214
33662740278.0,2,32678.526739349625,222583467.03816497,50717746.136731975,32678.526739349625,1272.777998942921,43.436152042782226
33662762173.0,6,567141.9382874747,685670518.8841035,102699643.44227116,567141.9382874747,1612.0991494698546,52.84220551636452
33662764241.0,2,306048.30909253727,119075600.69263467,61301453.828936726,306048.30909253727,1304.8293511193795,82.64816893098548
33662777488.0,4,673468.5926008824,509805802.99139214,87193387.85881358,673468.5926008824,2247.6561916687865,40.05933990128743
33662827729.0,2,108838.38445398844,322957003.31088626,31070893.066253737,108838.38445398844,1507.857582588721,47.86632877035399
33662840397.0,4,361058.83731925476,456013842.75127196,140633371.13716793,361058.83731925476,1658.6604044063472,53.709774236823755
33662869791.0,7,853460.6694578751,737428880.233354,170087901.6430044,853460.6694578751,2920.1501152150267,38.6401313760136
33662879148.0,1,129308.8713096192,130219233.14542976,29889411.84277837,129308.8713096192,5519.19038749131,66.62376132845517
33662925374.0,2,146726.17891493134,216248559.74147975,48956266.513145246,146726.17891493134,3771.934397452538,55.26301709833997
33662934615.0,3,99477.06703946556,366017028.41411006,83672938.92542513,99477.06703946556,4024.0205319100037,60.60873885129778
33662959636.0,1,36754.79178539036,234273742.557347,12785427.660254158,36754.79178539036,1074.9658012428129,110.7523321902288
33662991088.0,6,555498.816297275,867599311.5433276,165805961.74629235,555498.816297275,1593.1945145445961,46.89777989225353
33663007836.0,3,285903.76240682334,353554511.95354897,52027575.43371799,285903.76240682334,3890.2091271989884,73.97328557741368
33663009395.0,1,76921.70595419513,182043692.84514692,28545881.22299435,76921.70595419513,1254.0571640427806,64.41293747827164
33663028791.0,5,304436.319642,705690749.324577,114326325.34453513,304436.319642,2133.1564665425676,44.50489754478916
33663050917.0,1,217534.8676615153,206411655.9271505,7171736.642102316,217534.8676615153,1418.661456409479,40.5224114609959
33663059071.0,4,710753.018403009,646808461.0381384,80016334.65677343,710753.018403009,3466.3321027837455,66.99672402720239
33663102022.0,7,366549.41068059,934485683.592546,181403410.4135556,366549.41068059,3233.409605685643,55.20942680602171
33663175588.0,3,572837.0229899577,475714156.5737783,52951875.42137514,572837.0229899577,1523.2835872610049,84.25386037407033
33663215075.0,6,391897.05605615134,565451533.0759561,191580720.74718404,391897.05605615134,2310.449777977423,58.20270060629389
33663225748.0,2,182939.13675797472,294813186.9752475,49343605.08019878,182939.13675797472,3417.605120683268,49.68387918614296
33663228466.0,2,135127.38301307376,285390616.8763387,71757877.21523929,135127.38301307376,1526.5096751475141,28.419065006233545
33663237806.0,4,381328.1767069775,492566492.06630945,57780741.704530105,381328.1767069775,1668.0247900458285,52.97861617007625
33663274943.0,7,713573.86873319,863601651.9336693,135003051.61578882,713573.86873319,1762.3134656898242,89.75569039063795
33663363404.0,3,123347.90756326703,391862509.97882724,91344661.64955364,123347.90756326703,766.650250006887,57.84117765433424
33663376963.0,4,349362.69183090737,715436863.7051445,100791480.16188933,349362.69183090737,4009.5510577514488,72.14435073527305
33663386038.0,3,194860.44179896594,342927534.93198586,48500552.93726868,194860.44179896594,3829.674405403463,49.24631110580739
33663410690.0,5,579274.3325378981,401950723.72731084,98025230.10985206,579274.3325378981,2854.2748050329196,55.30123352172484
33663412976.0,8,611449.4949917874,921412927.3810089,181673855.69878045,611449.4949917874,2137.8874663213032,51.00271188663872
33663423843.0,3,317653.63043186197,361038558.2827123,64091537.63569163,317653.63043186197,3563.5811229967153,57.232685797678045
33663505232.0,4,222431.44154666484,479897125.883565,71989579.47652392,222431.44154666484,1664.137868125799,67.03548057972763
33663509641.0,2,168017.9388265556,197652430.11279047,45705723.38559032,168017.9388265556,4444.915556762593,38.34581777785854
33663517362.0,9,739091.2699445129,1341556564.097823,151086027.68854463,739091.2699445129,2606.2486656865512,72.38706529937855
33663520377.0,3,476677.9381465111,374158301.8562431,73652607.41279806,476677.9381465111,2984.7265970238536,56.38301746462944
33663621439.0,3,227975.6826542826,462536085.7556107,64910699.849410206,227975.6826542826,1702.1673189750188,59.08160447384802
33663625353.0,7,712885.7687008068,949840492.6863854,178607557.69445384,712885.7687008068,2298.958314311913,36.51929434012503
33663628551.0,3,268434.5526031938,337985333.9178395,44643070.15815176,268434.5526031938,1211.7497714484841,44.92808515718997
33663640153.0,7,487158.97311710764,1019934830.3390633,162460421.4881087,487158.97311710764,2932.8354265696385,67.07116644591908
33663689327.0,6,597001.6091417948,902113204.5886116,145002430.67786103,597001.6091417948,1375.1941628318643,54.954727545947264
33663698471.0,7,508364.00414368685,1045117353.9073243,147793912.10390452,508364.00414368685,3453.0050672061725,65.19977204420779
33663699693.0,2,124605.2503568476,257693250.90521115,35536077.00853674,124605.2503568476,2957.0220582809698,81.09008536791694
33663773276.0,2,194133.8439485683,213655343.12536946,86247989.24602842,194133.8439485683,972.5731945439459,78.05930104240319
33663775257.0,5,361630.4046567638,550182636.2096051,92939166.03180334,361630.4046567638,3669.947063274015,59.962747671874695
33663777024.0,3,157410.79967971586,316813454.9325703,67387106.97438085,157410.79967971586,1380.0192144682642,82.98611520005448
33663789198.0,3,181035.38676279222,351941009.3628881,66854155.81139381,181035.38676279222,1830.0665309158312,56.48037447061952
33663811239.0,2,93215.95897885083,425217032.299924,46069826.45433518,93215.95897885083,4790.151371376383,63.682958850082755
33663834274.0,2,110681.15739462437,173307104.19665587,72358739.87059113,110681.15739462437,1658.7281375728717,49.32585274211635
33663873131.0,4,200284.15898014436,529056741.0397188,91564025.17465134,200284.15898014436,834.213120353025,64.91334567574864
33663889337.0,2,165223.82823597066,348446897.2731677,51899710.98402864,165223.82823597066,1982.3171203187333,39.16170915385087
33663892568.0,2,155797.1521742813,193474688.76859534,88404990.13325423,155797.1521742813,2352.274565342697,48.555160748262225
33663899323.0,6,733867.2581305502,799248697.9905156,157986615.16924104,733867.2581305502,3863.7959614536976,53.43186533024271
33663915845.0,3,411134.3601838503,284441543.7257913,83724781.89027841,411134.3601838503,1430.319214375133,56.53430706422616
33663933927.0,4,230808.24479859966,431411003.3987213,88777164.18241984,230808.24479859966,3301.7653638020565,42.858311632982364
33663953229.0,4,298022.69718588213,614274368.0555739,96104268.53784049,298022.69718588213,1971.4737062902395,69.27385971151222
33664006163.0,2,79318.08721373504,234051999.4193646,47797353.80926219,79318.08721373504,2082.647764072695,20.301743581234348
33664079037.0,1,266716.34178263147,96998886.6984134,32179195.23238033,266716.34178263147,2189.5611766169204,114.72714089709264
33664089633.0,5,425294.91897849424,794488848.3585459,107364303.12518133,425294.91897849424,2618.663862538355,46.075669015948364
33664091482.0,4,593048.7403806573,529888673.214146,91885854.01493058,593048.7403806573,2675.4506366344494,45.18349287433626
33664096103.0,6,943020.418963169,814817205.5729395,171502431.63589796,943020.418963169,1067.8987068069384,70.39483731974035
33664101105.0,5,120315.86361381019,685014186.611789,90748902.88584602,120315.86361381019,3634.7326060763094,48.14571459082869
33664133825.0,3,161965.42107349532,326256680.82814866,75070754.300395,161965.42107349532,1710.2743755198542,39.515142927919875
33664134634.0,6,559100.0333482126,736094570.8170918,135963154.5946848,559100.0333482126,2461.9288301822435,63.59692036296999
33664148094.0,3,361451.8567924944,452875383.8083174,79300953.48529018,361451.8567924944,2650.9373414666566,30.67684122596611
33664148890.0,4,319751.74872983724,432598927.0484381,128400860.42973821,319751.74872983724,2146.732810802816,36.74492313884147
33664181889.0,4,301177.50857614784,333259497.42087626,103382550.5971324,301177.50857614784,2642.3320342719694,78.53349753871905
33664206558.0,2,86151.37731673566,346006377.8688772,42721806.04915023,86151.37731673566,4246.037074594607,98.62404626748454
33664221525.0,1,65945.0443430283,58034824.9984781,29373472.30504556,65945.0443430283,7081.8950763463135,132.7151922817303
33664248291.0,6,765702.317630851,691373659.3254917,151820926.28506637,765702.317630851,2947.072649324002,75.86819168931686
33664254875.0,4,388309.0116775711,508897978.5630523,91508958.71369222,388309.0116775711,4653.660602842664,56.56016602431434
33664256930.0,2,51428.91458367891,222696182.51634648,66127547.765979156,51428.91458367891,4086.305353937738,52.674900049380724
33664278856.0,2,276782.2305302343,103708408.97465535,26118316.897011034,276782.2305302343,3354.184741218894,44.87503394702128
33664332385.0,5,228984.96673157573,674461958.2242781,127832527.71597883,228984.96673157573,2357.161010833669,47.82160281645166
33664351768.0,3,418389.36742474616,231130856.2413445,49894144.99434495,418389.36742474616,3347.212609501601,33.816674170785376
33664388673.0,4,583364.6923811671,650858047.2920735,86076662.57916784,583364.6923811671,3889.004239165158,78.24286251583008
33664407485.0,5,493213.1414782724,615988294.9147592,120745901.07449786,493213.1414782724,2952.50117164132,89.34479560765303
33664432684.0,5,233035.6559776934,688139505.6632407,121419609.78172939,233035.6559776934,3389.880705584442,57.8707459269592
33664434670.0,5,550676.0884037099,587292867.2412045,140787970.09003145,550676.0884037099,1525.3747569866528,65.25122876544263
33664440645.0,4,292354.95531941566,457326775.0917292,97438776.76661393,292354.95531941566,2617.7190509759753,38.78374952584323
33664441451.0,3,376468.77495725447,287031509.19136506,60378403.66929254,376468.77495725447,2385.2682384638138,87.95645689458387
33664445288.0,3,79533.18185638334,336423075.7273388,91769892.93421957,79533.18185638334,3228.8376039340887,42.345392032159715
33664456147.0,4,669714.5050162408,529517804.5916605,104381138.97298543,669714.5050162408,2717.503371864541,54.634476020107556
33664474455.0,2,212060.7222526226,231388253.81104892,67769265.02407035,212060.7222526226,1729.6998026242593,44.8185944315603
33664481924.0,4,223169.55720069306,337804728.04871964,90833163.21409552,223169.55720069306,2173.5399969834734,33.456094278815016
33664496748.0,6,753248.223416646,579303552.1126071,123161249.56456974,753248.223416646,2718.809185082787,39.9130420906891
33664503422.0,3,234100.54643465043,506169900.78056765,89110028.0392337,234100.54643465043,2735.8092504405154,81.81462054298804
33664536603.0,6,523510.53589841246,715447780.7196827,109211254.61064002,523510.53589841246,2989.5230512803596,36.23838173543704
33664549381.0,2,135556.4997069174,199220334.84470868,36475690.24661477,135556.4997069174,1185.7411521354534,56.99932378754269
33664564054.0,6,593946.6660423225,992322495.7448008,165173396.36068827,593946.6660423225,2523.825475682636,63.72528878150346
33664610032.0,3,51645.16371944633,389194438.9517344,70526908.90303323,51645.16371944633,3489.9589872367183,59.809522360268204
33664706505.0,3,371865.3004499556,276551922.37240076,55111430.62764241,371865.3004499556,1938.9647583068772,91.46914733004287
33664710375.0,6,360388.40318287676,628814477.3891423,142139351.32085797,360388.40318287676,2036.6466074507364,59.821453063507555
33664716658.0,5,401711.42581659864,458113920.788763,145298635.39780512,401711.42581659864,2289.8380313457474,47.52786740992373
33664717184.0,1,15523.992656868755,127351690.91291513,19597994.45996124,15523.992656868755,3726.865554366782,43.53297868330522
33664745732.0,4,372333.86352001235,354720006.3839359,68180557.0343077,372333.86352001235,1192.3134003969326,62.22614957628231
33664769258.0,3,152284.1658293826,559356781.0424778,47124111.44475221,152284.1658293826,2820.304997234469,84.31651068515714
33664832046.0,2,176268.84505428642,272156544.3161992,40188191.63446848,176268.84505428642,3998.62639312342,54.53282988305327
33664847136.0,3,186460.04463362694,363046315.1902079,57888352.600487545,186460.04463362694,1577.3741483198194,53.51224154860656
33664856769.0,3,308832.868185692,376867524.35367835,72487467.73988648,308832.868185692,3148.923737533359,97.28563048127778
33664856856.0,5,522571.6707503298,503063062.68394345,117440081.01057021,522571.6707503298,3971.5275842219176,66.16678258740774
33664869006.0,2,206840.8101823967,179394471.94383866,71154963.37514943,206840.8101823967,2414.1640225987107,100.6267217345332
33664915906.0,3,359108.8151329461,392338697.6740998,76376137.71409968,359108.8151329461,1013.9723890583305,44.96693496148504
33664952704.0,4,349684.15351069,560962378.667935,110584674.11830741,349684.15351069,3057.0468897865335,89.63289084651322
33665030361.0,4,335052.20535126375,443449818.7155471,80016159.86749887,335052.20535126375,2118.233127675027,51.816675289419294
33665073945.0,4,398577.3027902308,639087842.108634,125520255.0696672,398577.3027902308,2086.1726392191376,79.72074483586961
33665098996.0,4,440278.36149354046,437165146.7861058,122302393.00509927,440278.36149354046,937.7335201970446,81.07420429890804
33665105831.0,4,545202.5287505889,417875738.6241807,91296142.19622698,545202.5287505889,2383.619460543854,47.97813205835264
33665109050.0,7,547491.31474238,974443664.5227685,169612419.17221233,547491.31474238,3208.832332144348,66.14026519166836
33665145321.0,4,331373.69863790495,567087440.2360264,89643119.33256099,331373.69863790495,1859.9018390830297,30.187485633690677
33665160409.0,4,163472.3333982218,586131511.2575896,110067566.20226759,163472.3333982218,2379.7219755285064,59.49087113792072
33665174259.0,1,54351.21020595661,110670661.99181738,15132800.17661535,54351.21020595661,7081.8950763463135,72.27247973740266
33665182836.0,8,437710.04546412016,1126651174.6950517,195517886.23305666,437710.04546412016,1477.6774249430416,51.903929707101916
33665194542.0,4,301821.2621368496,532624109.7182505,117429523.06421949,301821.2621368496,1264.068043018202,51.5075723526898
33665223954.0,1,122923.1965016641,100897272.17800936,50260124.94679316,122923.1965016641,7081.8950763463135,130.75668495128565
33665229238.0,4,298132.27581213485,452542146.0528865,105266802.172802,298132.27581213485,2464.663964671756,82.415857846355
33665229602.0,6,422618.990167417,629077059.1977301,133315481.54039222,422618.990167417,3105.9633009127915,46.0587105734667
33665257851.0,3,526012.8584507962,237842428.74111056,59706829.15642539,526012.8584507962,1308.4626656285247,32.3255124940136
33665280248.0,2,78411.64007424952,199144300.32393882,81912822.67653915,78411.64007424952,2434.3463804594294,40.68288649736308
33665306693.0,9,1019260.0010492089,1270170317.955841,265674462.18019444,1019260.0010492089,3244.5334058805543,66.62877395005295
33665339989.0,3,260261.18567070883,381924096.5717467,81671624.41732053,260261.18567070883,2180.8799110716936,90.64023313823918
33665395426.0,3,96994.13729828568,479659608.3296748,62702807.84029881,96994.13729828568,1434.5307015816597,63.99443269441736
33665403796.0,1,49597.14499840771,168770351.0842771,20045634.82145388,49597.14499840771,3361.891108856621,53.72696133009473
33665415449.0,3,216699.1278267691,537135845.4551023,106669221.62767875,216699.1278267691,3768.68931109,120.678131441757
33665454431.0,4,114537.53269303238,547937468.7305064,139591029.59383667,114537.53269303238,2974.0965954319113,71.39391131196295
33665456322.0,2,23393.14429557283,180999485.27419174,65192779.28018078,23393.14429557283,2870.454391195087,70.89864185814906
33665471391.0,7,536445.527613375,898763190.0338473,156397606.4279983,536445.527613375,1581.4032322600412,64.24670374957972
33665478034.0,4,354324.8862520154,543039167.4195404,119980471.36877118,354324.8862520154,3475.0347551447294,56.475452055752235
33665482283.0,3,229371.42314771411,300486303.6370537,102511316.46153194,229371.42314771411,1735.8859762634113,50.38340922883288
33665495163.0,3,241363.7177080695,304115007.465636,56623755.49643369,241363.7177080695,2264.764625977256,60.77222814723521
33665498298.0,1,121864.91593932688,162712105.0048576,26584032.008527465,121864.91593932688,882.9125134053029,90.13448670560962
33665519128.0,1,89017.01986351224,242860253.5281184,38768722.84286695,89017.01986351224,2493.4384036229208,100.37983721531972
33665553464.0,3,134014.0562625811,277847438.58018464,76926868.68801871,134014.0562625811,1960.7621520819357,62.937251401201486
33665608376.0,6,946283.2253917222,691968044.7121997,127697668.3532595,946283.2253917222,3264.1952559912474,51.834800248865605
33665616606.0,6,459471.84136274183,589258298.5567528,153629414.78050575,459471.84136274183,1559.6469903099617,35.544281921879886
33665620931.0,4,392389.16110569844,445520266.3014199,102890162.06689014,392389.16110569844,3450.603883049741,70.95409580779044
33665665616.0,2,265550.2117200734,123942456.78631255,47481073.64340235,265550.2117200734,784.3662831132348,87.2058348743269
33665666186.0,2,55579.35676900412,195215596.48201263,38883475.90187472,55579.35676900412,1231.625105044236,61.36471487188242
33665684473.0,2,46273.558988424375,247707889.5839114,29895351.56797905,46273.558988424375,696.3263229513886,58.732713964777965
33665685560.0,5,800066.019421899,577751315.8097702,130557414.06535015,800066.019421899,3552.611601294701,54.87195279243967
33665723671.0,2,69316.15773012125,322647289.5170263,61423544.77190734,69316.15773012125,5538.704581162281,71.25416273926669
33665725103.0,4,478764.34988626104,510327404.26005995,95085452.76083943,478764.34988626104,1199.92689855152,60.3467479027444
33665757486.0,1,16803.26444854794,113882518.43931296,14695221.299627973,16803.26444854794,2796.133722415783,83.51849738425243
33665771029.0,4,364024.2455536525,406304086.7056509,103454010.81828049,364024.2455536525,1871.771172082605,46.57370925606757
33665777727.0,7,495753.15590954287,751714888.092185,174742686.7524914,495753.15590954287,1981.324735288194,68.72307849938059
33665831368.0,3,446694.6970567174,232101496.68049577,60687045.48736283,446694.6970567174,3607.1305353355597,93.99193109884543
33665842822.0,3,46075.67450191187,325581131.7767813,72963193.01498994,46075.67450191187,2518.286138527294,95.75568557411584
33665848857.0,3,142297.4432660486,272709479.2776838,68921976.09293777,142297.4432660486,2192.1700534920437,37.15749275406514
33665849014.0,1,10929.29957505847,92447097.97921452,23812120.2512316,10929.29957505847,904.4239311537784,116.92578254725134
33665860631.0,3,356822.2945412844,387474964.46504027,104978563.42885396,356822.2945412844,4949.285763177524,26.16738001888989
33665940773.0,1,17705.376230449372,108602595.42175058,12525310.505964274,17705.376230449372,3596.8011830422133,17.39970595962736
33666002354.0,4,56580.14312862309,541996519.3484962,78057771.3482528,56580.14312862309,1853.8080177367592,69.62952812821337
33666004002.0,3,278464.6982378438,418491703.857997,66000286.38954592,278464.6982378438,1844.4190247075046,62.64011669246128
33666024141.0,3,154757.4366270718,424393222.69883597,43005415.34790693,154757.4366270718,1966.064068675062,37.00144863442334
33666043692.0,5,376454.8392759342,670938465.2031302,143221789.31104675,376454.8392759342,1561.5384339355096,58.49864576961178
33666224957.0,6,173396.73645640851,814851115.8159972,99459652.13969964,173396.73645640851,3804.2132201664986,75.36653604523615
33666240283.0,3,142999.6113666129,360977911.7970507,71540451.46412563,142999.6113666129,2748.9235884571085,51.727710123537655
33666251274.0,2,152049.32959496466,421944085.28075945,46712878.72041714,152049.32959496466,2666.5383291086764,47.571844200336784
33666294783.0,1,70270.496887842,94473303.5000698,32817888.24746896,70270.496887842,982.8300325323272,63.39603355762491
33666318065.0,1,107776.47839721384,172765031.98195598,32161645.021562904,107776.47839721384,1781.9285176974251,94.9222005761121
33666348502.0,3,199780.54214123578,340087241.5752894,36688527.48784905,199780.54214123578,2855.4381803310444,48.23931423168281
33666366866.0,1,82372.94732993987,165753616.70064357,33279505.015357528,82372.94732993987,2208.052755845275,61.6237124315023
33666378562.0,3,144825.51242684576,308538857.595911,86268423.29649161,144825.51242684576,2208.079296206805,81.12018373168412
33666379703.0,3,515190.7179827362,502821911.1427775,75722207.90175125,515190.7179827362,2759.9958118927657,55.86832234343484
33666381498.0,5,199880.9206753149,663305381.1389139,141318098.9311406,199880.9206753149,2815.8056297046123,86.28145489526347
33666426293.0,3,410176.14375731186,347966739.55550414,49593859.23988956,410176.14375731186,2752.451389775757,83.69814779483546
33666437579.0,3,311357.2461192794,280488535.7427813,79655980.32113552,311357.2461192794,2724.498926746553,76.68167354516089
33666444322.0,1,31177.29666152588,139012231.59774688,31721307.8855826,31177.29666152588,1216.622320328045,23.62391603480834
33666483185.0,6,525599.5962410796,815482308.6872321,135321793.61749408,525599.5962410796,1861.4896636230933,77.38369955420775
33666501560.0,5,384822.9177338945,663421879.0701451,97237988.23176768,384822.9177338945,3852.870224962574,114.99605867136901
33666564401.0,3,172906.95555303845,453622349.5862516,74599902.82544538,172906.95555303845,4266.133407068482,28.47640901802394
33666681097.0,3,204931.54283364478,356802366.8166226,58422634.94308358,204931.54283364478,3260.073826299764,48.45778123273422
33666688830.0,1,113725.99182286327,107810136.48918755,48270441.17611046,113725.99182286327,7081.8950763463135,84.71530148937401
33666728215.0,4,417848.6965799123,380504274.8484482,92763391.25389926,417848.6965799123,2992.6650531533837,107.96317202182559
33666755036.0,1,224258.6509347777,88243844.76806538,11869911.101406926,224258.6509347777,1969.3727192642275,23.910756180817707
33666761259.0,4,227863.0047049596,528714936.03204226,122055065.78471074,227863.0047049596,4123.593878228836,44.13525891431429
33666775993.0,5,253284.76316495435,653648378.8693159,89258633.91991985,253284.76316495435,857.1607749742159,42.53603752357019
33666852293.0,4,679748.245974468,409957459.37850755,94114673.24448761,679748.245974468,2441.349308466665,94.12255601348971
33666861493.0,7,422594.06224814773,564959182.0692047,208340080.79465082,422594.06224814773,2263.524653436493,44.014340712623934
33666877183.0,3,115179.1794637681,380789838.7132661,72651958.40799984,115179.1794637681,4214.643294350863,73.96797595693882
33666882282.0,4,333997.9219014576,761145669.7541609,79081049.71523052,333997.9219014576,2283.6224660330195,44.54079287081536
33666882318.0,2,73675.60737659277,200819396.325356,71261611.86723757,73675.60737659277,1469.6575802568807,77.55111843564843
33666972561.0,3,443299.25027290545,525660885.3669599,48892590.23954436,443299.25027290545,3247.7256080696993,50.84295528408237
33666975081.0,2,78826.32139809382,303895281.9753201,65169761.35760253,78826.32139809382,1614.5354905977083,77.62087868245936
33666987271.0,5,505195.53015610273,459956455.95964384,104299533.0679048,505195.53015610273,3722.2592793192002,66.1055551477232
33666996736.0,2,157649.7167268261,234962793.88560355,61006468.938745454,157649.7167268261,733.7384196648882,52.16690814030045
33667055419.0,6,313616.7695079791,665617824.6796327,152788499.0031561,313616.7695079791,1360.2424551985405,45.89241193540993
33667084656.0,3,394976.9516417836,319080536.2439604,53361267.19271457,394976.9516417836,2345.6538744475274,84.3572200799482
33667190864.0,3,101614.74071531209,314649362.10886693,83390192.16179301,101614.74071531209,2550.68303629836,104.64437053726347
33667195030.0,4,212196.48577885746,383599645.1742251,112770293.06582393,212196.48577885746,2378.4629571887817,69.02567111901449
33667222357.0,4,213275.7558214845,322009517.7544773,72558134.13912217,213275.7558214845,1934.2692332851161,49.00180742632365
33667235484.0,3,274475.7347958032,235685648.30987614,46847769.610668875,274475.7347958032,1503.0902361893197,36.31936479587424
33667244528.0,1,155139.26404678842,115717833.00946908,15518360.39600758,155139.26404678842,445.4710916937111,13.7183343732007
33667292182.0,3,590303.3531754694,413824999.0989745,96153126.40476385,590303.3531754694,1776.8533922558133,76.97223263011067
33667293031.0,2,88993.44335184697,301487172.0192489,23652938.720562242,88993.44335184697,1838.4726662499168,101.32375804152846
33667312219.0,2,121967.17422677788,318012443.71755576,45971335.4509364,121967.17422677788,4783.2396636795365,56.555453125225114
33667315945.0,2,122272.29391525468,271640273.0697278,60921981.95877053,122272.29391525468,3188.2531157992926,39.331760359648825
33667338102.0,7,513197.7998159707,729134969.9810622,141109007.79436734,513197.7998159707,1869.8964950373997,79.71979631092994
33667349051.0,6,558086.2554981173,1023080776.3169854,127122548.62207653,558086.2554981173,2838.775458201863,36.68840062267279
33667351079.0,1,266716.34178263147,117556546.57149224,16964788.831400268,266716.34178263147,2032.5554114745607,51.7667034547325
33667376857.0,6,171668.32723127666,832034168.0043486,157432112.3624469,171668.32723127666,2843.491641728935,59.39614982083773
33667395058.0,4,158693.85252208362,592684126.0175424,69583772.1815522,158693.85252208362,1027.994138527898,67.39843201207457
33667396048.0,4,471296.18490480876,523245446.9642886,76294027.96337849,471296.18490480876,2336.3679561971326,52.93785217243217
33667399769.0,4,197421.36913415758,749157204.0294217,66303356.557071805,197421.36913415758,4535.9557110614915,39.58518318232194
33667421126.0,4,394117.55746286875,435761307.64699227,75467995.0566362,394117.55746286875,4411.181264557364,68.05556634861436
33667563860.0,5,260605.65727641343,382293550.0709769,90297480.48650587,260605.65727641343,2299.914183131526,76.45207318181447
33667568342.0,2,85813.01571281267,323106041.76653963,56476443.24873819,85813.01571281267,756.8646130133945,47.26291215947195
33667597408.0,7,409131.68856685975,907978552.3289992,167560750.41589415,409131.68856685975,1857.2296079427272,64.81527622695478
33667631343.0,4,414310.5292651355,583358640.6987605,62526773.239920095,414310.5292651355,2840.7715577755275,51.78257091534692
33667641756.0,6,565336.3351641871,950533829.0330985,113466705.62620161,565336.3351641871,3150.3687392528736,53.09759473028026
33667647084.0,5,928500.9349327725,642281065.4539759,153604591.33958605,928500.9349327725,1368.6996587451758,46.47504634429952
33667658082.0,2,106365.07475022906,252288260.17961,32065583.30250704,106365.07475022906,946.3091361689333,28.945793684458785
33667661940.0,4,428751.55376591114,633697282.8596349,107692519.04745755,428751.55376591114,2163.5439683553896,78.98988338911619
33667678210.0,3,172479.7642669456,402868042.29836464,54431365.540824935,172479.7642669456,937.3802791096759,37.80340520120533
33667681017.0,5,182365.69144832983,420571880.1704171,100746615.20426023,182365.69144832983,5868.192050109741,57.3431355825601
33667696034.0,3,192613.96319666,375586121.92340773,75121866.87201056,192613.96319666,938.1777102396004,120.5482692142697
33667697272.0,7,630314.8031921854,917833559.2059308,220792280.65997443,630314.8031921854,2505.001886931332,71.22368399382601
33667701082.0,2,138950.3020912584,252631369.98486835,39346290.8375586,138950.3020912584,3169.701831843461,84.7538813836114
33667805563.0,3,421884.95582274185,262042714.7280553,102853094.22595446,421884.95582274185,1736.5899789448379,38.315681105043375
33667821848.0,2,145450.9624924117,185344301.9157244,51207169.50030142,145450.9624924117,748.0137494413767,68.65923579511893
33667849484.0,3,368321.11582701944,354298752.3137964,77076757.72839218,368321.11582701944,1643.6076209298847,25.818182175268106
33667874183.0,1,68167.08430464235,131637699.92728968,24111828.214158792,68167.08430464235,535.5092971538882,91.45090638549846
33667884623.0,4,488818.2365690941,360035322.32013637,100201340.73840007,488818.2365690941,1224.3698741578287,79.38768965186583
33667888503.0,3,94158.21049089896,487010590.67757297,108875914.81546305,94158.21049089896,1472.6716763131406,68.83164775489054
33667975251.0,5,673861.1482031604,620113701.9595963,114366219.80730763,673861.1482031604,2586.4189394163473,63.87378435661712
33668016013.0,1,27605.894988146607,88710132.42982785,26398278.56332853,27605.894988146607,2213.5501774725453,37.42582451718904
33668075712.0,4,483535.8228449771,598408892.1530504,63613001.27148994,483535.8228449771,4587.431796174922,50.45560772061714
33668093498.0,3,364239.56839308614,580088632.228297,63691703.34700969,364239.56839308614,2122.2540462026077,43.118430545848575
33668104228.0,2,66570.97115991113,164546304.95991892,47640717.61579408,66570.97115991113,3670.4251634405773,104.16902753955009
33668114585.0,1,229654.54092061025,196761423.0158496,21868243.500316884,229654.54092061025,872.6989597578519,28.0625859474468
33668149762.0,4,149745.0310800979,367159380.9484165,111355765.29933295,149745.0310800979,2429.551498046516,57.73990800314542
33668224509.0,7,834213.2882223942,748346471.0345123,179685881.60820222,834213.2882223942,1743.2738619508475,35.20793523050002
33668231611.0,5,251380.18008945888,781906135.7172422,101308045.01048163,251380.18008945888,1679.690717284538,105.28436104860835
33668237814.0,1,9875.527194427932,168033531.2201357,25991078.829453908,9875.527194427932,2450.873096531933,95.28945928808432
33668245345.0,5,455799.85634903575,623207705.5002673,129945959.52080199,455799.85634903575,3123.296210895622,67.85014322640839
33668315587.0,4,252225.70866945887,484957350.44305855,71324029.46945325,252225.70866945887,2525.1400528301083,38.888138170013086
33668327846.0,2,261498.30493507546,232877576.0348384,63455592.08085793,261498.30493507546,4145.681289220663,88.92685835827831
33668401945.0,3,280442.2121282143,379939776.5956747,63289200.54342507,280442.2121282143,1455.4527038654844,77.03119296450443
33668426861.0,3,267406.63308389066,319483496.19745624,46071679.709545314,267406.63308389066,1189.78281836426,50.086186760648815
33668435658.0,1,24110.346008673296,220057939.5122008,20441171.63405628,24110.346008673296,6926.9222200272425,54.723898131458704
33668436437.0,5,210469.54429222876,611290394.609351,116628977.8663679,210469.54429222876,2241.7142521752794,71.13425599168072
33668438965.0,1,50577.09329695491,71802627.79166622,23950648.18186253,50577.09329695491,425.22074921540457,74.08728276915181
33668454884.0,5,225291.21607947533,449849909.38716626,115451219.61100729,225291.21607947533,1099.4793035867706,49.210109244125434
33668534435.0,5,424478.7143867244,515578460.70222497,111155669.57351248,424478.7143867244,1957.6464339392599,53.241754826632885
33668544068.0,4,168209.89975207916,374567373.38877165,99181607.76114076,168209.89975207916,1126.9075601384613,75.51441817543109
33668558971.0,3,279125.7663061377,243689116.29022646,77596609.81675288,279125.7663061377,1523.4429524967366,95.07182963820514
33668638329.0,1,131933.3133887431,68474855.7282145,30085843.32516488,131933.3133887431,2923.1518808220044,47.12604760283986
33668665296.0,2,240911.7275167603,363668865.3468438,43044194.1190769,240911.7275167603,5347.1722282935025,52.56400095217549
33668701337.0,3,232203.5882664399,457403295.7663354,67584618.54686582,232203.5882664399,1997.7903043286944,93.08294005764044
33668720660.0,2,164293.28164414462,171824631.37332046,56490764.30026433,164293.28164414462,1896.3459515897214,26.127522733231483
33668743503.0,3,315863.0063447715,387784525.3839082,47085486.25012678,315863.0063447715,686.9020076227672,83.46971976710752
33668835615.0,12,1071704.0945155965,1611244782.0031576,291187958.2361499,1071704.0945155965,3731.960416544058,78.92114315706726
33668842658.0,4,448610.380595859,368355736.58365256,109414428.96839303,448610.380595859,2948.8420903623737,54.166950680901046
33668865527.0,2,79028.92453473656,223293990.65915936,34039312.9403498,79028.92453473656,2542.208552055812,59.039521363807616
33669010024.0,4,428274.585108699,482076342.73842746,92430074.63452093,428274.585108699,1152.860441888899,48.526759244097256
33669047560.0,5,319564.6994050156,746214287.5815494,100144664.9746484,319564.6994050156,1876.9678463295102,66.318761002255
33669145779.0,7,974924.6082745001,911061102.2956951,190699115.22914103,974924.6082745001,1568.5091962187519,79.67586337732314
33669171413.0,4,718382.7630816877,732155488.8957598,122738150.20375855,718382.7630816877,1789.6203536536218,51.88607963615011
33669220571.0,4,301044.7549121664,497660873.0930462,122444175.75385028,301044.7549121664,1863.079289565882,66.25691375579035
33669230626.0,2,108524.2962159737,190389963.10575837,35872107.25972596,108524.2962159737,858.9760271691347,31.296132019442787
33669248434.0,1,32888.537125994466,169129489.29698005,30845836.93040245,32888.537125994466,1251.3738929552371,122.36782338160886
33669276366.0,4,369658.2778326935,656932789.7403796,112421301.95311876,369658.2778326935,2316.266764903672,42.74339302459761
33669292991.0,6,358737.1537581509,739901406.1555864,82651108.85121761,358737.1537581509,2782.996654465684,53.50593188114353
33669322532.0,4,369000.2336229219,394259161.50346947,103365734.42525852,369000.2336229219,2568.825828904139,51.334955049238175
33669323547.0,3,290293.1419863151,359886503.24936104,52507248.891684525,290293.1419863151,1436.686520247218,48.57702114779706
33669365444.0,6,421807.2653409127,931075101.1338257,148897111.1745008,421807.2653409127,1459.9272158556685,46.17603399491162
33669376958.0,3,160884.55249798362,528613301.23113173,78960946.30905777,160884.55249798362,1183.5601110913003,35.65567502310127
33669387253.0,7,671886.2372445642,1003246510.5231943,174889564.02242664,671886.2372445642,2528.872255164206,58.850330356391844
33669468269.0,4,287859.9768961916,730801589.8005431,75168510.4603279,287859.9768961916,3963.6386690270865,47.22988021537342
33669488206.0,4,406575.9035988458,603934806.3387045,94804598.41849267,406575.9035988458,2626.0758229000676,55.95390936054298
33669509024.0,4,506388.5900190495,514083737.55584764,64210295.12630107,506388.5900190495,1659.2110600626543,76.42982265713763
33669565730.0,2,308772.3313946675,246002905.16799426,41775167.38002185,308772.3313946675,4387.521766425846,62.30827390654386
33669576882.0,3,108339.53567871968,379273610.2153135,61524824.14952877,108339.53567871968,1619.7160817464874,52.95602268580774
33669636639.0,3,266235.35028539214,366507686.3012069,88357958.12577197,266235.35028539214,2964.9213179741146,73.18871880868518
33669644300.0,2,51376.7415218262,245163957.3853371,51462980.40763022,51376.7415218262,1568.1783201664302,50.4140290721272
33669680868.0,4,249380.64975596807,486931172.0399661,86044905.0617045,249380.64975596807,3039.3899829255265,80.86440418452489
33669714426.0,4,292182.1690963465,432274072.3253937,90237689.99913837,292182.1690963465,2964.163761016937,69.21248905810106
33669772463.0,4,222161.56693311452,660326105.4968667,109024587.71457723,222161.56693311452,2174.7776538235034,47.55462670192945
33669844250.0,5,151395.49802943686,657903513.9045995,150882915.81903717,151395.49802943686,3267.5323083031512,52.53461518266073
33669855504.0,4,326269.0482085488,430421130.41080236,104983209.55982378,326269.0482085488,1803.5586023237722,54.13941681900196
33669912158.0,3,203407.5416397889,296126071.50123113,54640383.66868442,203407.5416397889,3254.215896848002,38.04494752136296
33669946863.0,5,409277.5454277159,656257659.6785139,114226281.71784292,409277.5454277159,2153.4571202104207,79.31778630707937
33669963387.0,2,148289.58132459733,273503172.6293106,32248676.57836079,148289.58132459733,4089.9008860042886,33.534557254245534
33669994988.0,6,496334.93378775014,964493130.1020792,120581916.70470169,496334.93378775014,2198.7269489993055,80.86580997714854
33670031992.0,3,353951.4383701257,457593180.3279057,108087308.91111152,353951.4383701257,1409.407321970524,56.59609840487974
33670037447.0,3,453086.7905479772,239121584.49674648,67025075.709515095,453086.7905479772,2761.124165100577,53.53055250303455
33670072820.0,5,502258.94582779484,512071399.1971146,107242387.8122254,502258.94582779484,683.8152178860162,47.26137820699277
33670084389.0,4,266826.1071069057,432043985.48025966,72079466.86559497,266826.1071069057,857.3182170992345,26.11230554331598
33670111794.0,3,129509.37422524739,487070040.6507794,79429194.2645399,129509.37422524739,2645.7465471157366,39.09382238298981
33670186000.0,1,58819.07572378122,70824223.74084829,16689007.269417278,58819.07572378122,1269.356907967732,104.71118983904084
33670200291.0,3,86051.08223296258,323879240.6117202,53914870.28508243,86051.08223296258,2795.6820763904593,90.87804001439252
33670203880.0,2,36098.368718875805,306029777.4972838,77551608.34209563,36098.368718875805,1185.4544450553315,39.559943180712075
33670221198.0,6,685983.407096311,738437664.0238249,102939896.36949867,685983.407096311,2201.409800992678,80.44701954403541
33670251070.0,3,351444.6404732005,496232578.704435,90311135.87221095,351444.6404732005,874.8830639625745,72.75616393097617
33670303470.0,1,59081.27912713587,89812121.57885282,13962491.764853848,59081.27912713587,7081.8950763463135,94.96506864735964
33670303849.0,1,45697.97129479005,60306974.896187626,14172836.550793212,45697.97129479005,333.68036242466206,86.39059240634829
33670304654.0,3,422952.7387891317,622676644.3914804,103537627.88475323,422952.7387891317,2910.9924915545084,39.90871266583129
33670332191.0,2,116263.71493833644,164162447.7217443,44749928.8706668,116263.71493833644,724.6953093614071,38.747871102285195
33670336852.0,4,567600.3997653088,429420614.5635304,111326632.89325766,567600.3997653088,2223.1705932320665,50.234275371356254
33670344167.0,3,177100.1629400431,328778259.3470471,71743475.62814626,177100.1629400431,2112.9512675476994,101.6240828177405
33670350105.0,6,436236.7879601569,699010475.1981605,126103434.6218063,436236.7879601569,2738.6644246238775,61.28737112403892
33670350924.0,2,151427.16484666071,186135402.14563575,49585818.11078489,151427.16484666071,1898.970963284004,30.279432061987315
33670361505.0,4,393706.47347848583,362647759.7148322,106865747.17444026,393706.47347848583,3609.1513526835656,36.658884846959296
33670404788.0,1,120657.0889686879,171359445.3562343,22276084.632534392,120657.0889686879,1146.0166519973766,82.7839307902505
33670472382.0,3,165963.11894683333,370024626.8312436,47519978.96073817,165963.11894683333,2303.891255816911,79.95113825094471
33670523996.0,7,646085.9407974103,884387903.2650535,150917883.2538697,646085.9407974103,3628.2184499017653,48.7317974731317
33670628583.0,2,375052.5957921678,258187736.44884872,47899697.26269792,375052.5957921678,850.177938648685,23.18438190372538
33670644657.0,2,92830.01881208102,162553295.08055347,45709440.239059515,92830.01881208102,568.3363024714754,63.54144811056018
33670676365.0,5,379547.6277473026,738014152.4023364,90853357.47439301,379547.6277473026,3311.1871855506265,67.39141473646853
33670692680.0,2,18518.00347921793,292011403.01259583,64699864.663266085,18518.00347921793,1141.3774398087392,41.29356120762466
33670711339.0,6,403542.47932522534,1026121831.095593,158682657.3038027,403542.47932522534,3232.421296528411,50.472089533029845
33670736972.0,4,464798.9584770377,584504437.5050651,74759151.41461971,464798.9584770377,1507.2168202246912,36.85803232533334
33670749710.0,3,411764.85474211077,381592378.92427355,71494510.78659423,411764.85474211077,1257.1371141212874,65.42884453572762
33670769147.0,3,171051.00384520288,354588313.44137615,77578262.50194931,171051.00384520288,3614.767263272988,64.52247823715878
33670795662.0,2,296083.888995996,356402600.32586133,34005366.77620326,296083.888995996,5481.213030350001,18.51017919461505
33670796171.0,5,220984.27851128977,603555763.7211564,113977909.1650558,220984.27851128977,3445.17682414154,69.28638494465272
33670910677.0,5,481916.064128327,661738485.3523302,105736253.61002058,481916.064128327,3364.498548430792,38.921575064596055
33670961537.0,2,36257.69494046435,326713824.31403387,33722838.36000827,36257.69494046435,2528.0160927705756,66.50261420469452
33670966110.0,6,423812.35246834235,701090840.055647,130976095.14946419,423812.35246834235,2183.5000509252836,65.01207349371184
33670972984.0,1,38098.16632013884,106975336.55298792,24100510.37790479,38098.16632013884,6586.369679000733,43.88993497613146
33670974359.0,2,266303.80548600835,226053424.32880032,32081504.00469149,266303.80548600835,945.9850261587223,47.941897304607295
33670974870.0,4,322220.4774686567,521145871.9186951,76583288.39105943,322220.4774686567,4211.940817528952,39.01626420853095
33670980032.0,5,602241.7649719298,612288484.071404,118467857.19814631,602241.7649719298,3171.0689927641833,38.184269718867284
33670988371.0,2,55277.21055830662,190047808.1993409,41566952.47679734,55277.21055830662,3226.6590926702734,59.905297584456726
33670995760.0,4,348366.30140812317,485886956.66101223,91987235.7186695,348366.30140812317,3556.319323539291,31.227986271813855
33671020155.0,2,150190.31498813885,190130420.43091306,42742814.12736586,150190.31498813885,4087.289169836422,33.76687321307105
33671029245.0,4,269043.8677877403,395409797.95254266,61203814.84524579,269043.8677877403,913.940663872528,78.95784422684144
33671069572.0,5,368574.02072542347,723327944.164511,151029378.76645377,368574.02072542347,2927.249575432413,57.03751436096138
33671108534.0,4,384523.71591385955,493903262.8359817,109046169.97864197,384523.71591385955,995.4418782081532,64.6775321614042
33671119361.0,8,673641.767444339,928865065.5893059,196593758.93613514,673641.767444339,1508.3387223132477,60.64701017705703
33671136438.0,3,48499.36371097365,495255451.6664154,57560950.7469858,48499.36371097365,3720.347224970998,31.913624113625406
33671144226.0,4,424438.87605736183,420301336.4899054,106113941.85832456,424438.87605736183,4278.752756739266,44.97341401866037
33671183416.0,4,655371.0721782751,457660313.0455467,146376823.6711628,655371.0721782751,3888.433149608979,55.9122163806507
33671247832.0,3,525488.4858646314,272505787.2357775,75473241.86759171,525488.4858646314,1118.5941554940466,80.90584575596601
33671279200.0,1,199733.588918656,164088584.88181117,17629052.77981703,199733.588918656,5272.615558350159,149.41432484110473
33671298111.0,4,430879.25554094894,605075754.2115548,111648927.50326258,430879.25554094894,4032.8264007991183,54.50321786008151
33671306900.0,3,248584.80829733462,349439245.7177554,80386430.68996471,248584.80829733462,1563.0688062806294,108.85489476891303
33671313915.0,3,504660.099652229,447717966.4715944,69027235.63336878,504660.099652229,2443.440941393532,54.82687701570853
33671356950.0,4,546107.4138629298,679990460.0508946,79834337.30762835,546107.4138629298,3862.628300319198,54.69606967167963
33671399188.0,6,1052843.7435414856,745509419.487664,188921417.88522416,1052843.7435414856,3067.9841482847023,81.62359683762652
33671413011.0,3,204926.40297416272,324589624.2438062,50203597.80673575,204926.40297416272,3021.328657640293,39.56817062062333
33671423138.0,4,460154.1874522329,563529345.84242,72700026.17653017,460154.1874522329,2203.7659680847983,57.60682504270581
33671468641.0,6,603003.5703737631,467703495.10304666,115671274.0270526,603003.5703737631,2003.537779044511,46.024460381712196
33671482337.0,4,148617.6417107734,487090825.3037047,107740168.74658749,148617.6417107734,1197.8070215895357,55.750181019171336
33671483654.0,2,282625.00431850954,226798423.31284544,58554181.34652928,282625.00431850954,3852.526123966037,64.09507254891412
33671509503.0,1,198629.17333761457,92388030.99358152,13527398.729744663,198629.17333761457,1377.7535969521243,37.62701046607154
33671553124.0,3,216934.93496418672,357922125.09682065,69762366.16432075,216934.93496418672,2970.9268910829664,35.43696992968511
33671555093.0,4,395945.33286305243,417680072.75372386,85344427.89470944,395945.33286305243,1393.8256549799312,75.34954152004288
33671580593.0,4,289252.64277594996,506390827.9764905,160602438.33727837,289252.64277594996,1704.6276242866304,58.514503499775344
33671585037.0,2,191912.18111100022,280629015.12048435,50441791.90028377,191912.18111100022,744.2205038794227,79.4125673729544
33671647593.0,2,63219.34424417959,258817086.47911406,38929985.34246175,63219.34424417959,3820.10223909142,154.46557098560675
33671658869.0,2,186599.80269086576,193096855.48064554,43037051.4884648,186599.80269086576,2015.9343287150125,71.19617156910832
33671681549.0,4,296312.9318872124,388674521.6806976,80091588.40354882,296312.9318872124,2168.5380079594547,62.418448605624405
33671684647.0,3,192547.39170103363,234697258.36917368,78712512.38870059,192547.39170103363,3369.509362234739,61.45823929794784
33671688718.0,1,132511.4614865827,94441305.83961096,23429942.2507692,132511.4614865827,971.9512667178996,104.09425780753206
33671704882.0,4,369400.5935042257,416905718.63825667,92124022.35730402,369400.5935042257,1982.989118969493,48.98563040190452
33671730143.0,5,596095.1230306405,677793564.2713599,80085549.57101919,596095.1230306405,2687.4191274542363,42.10558405369236
33671777469.0,5,440382.3567894631,767956963.759925,141906440.92111814,440382.3567894631,2580.8926770736916,65.03988691144257
33671808528.0,3,302771.20581524825,459413549.35258245,60657891.5060832,302771.20581524825,3325.338904095546,92.4321661813309
33671819576.0,3,362458.69308828516,408483032.57271373,68546253.72569142,362458.69308828516,1703.8576462361834,74.7311475909835
33671842137.0,3,216934.83831051103,250524283.8854984,77146646.58514555,216934.83831051103,1390.6593742729883,66.19529689333771
33671902171.0,5,279954.7404138784,679201140.2120373,72428904.93012953,279954.7404138784,1260.694247562466,78.21362867754654
33671910920.0,5,580905.4651398911,629141204.4708395,113204958.13311914,580905.4651398911,2967.98352153511,80.9466663229689
33671963740.0,5,606877.8784821621,564178306.3779445,123913017.80141692,606877.8784821621,1754.2546746051103,58.89908414696062
33671983306.0,4,359994.68416993984,446853266.5337932,102617844.87854193,359994.68416993984,2904.229372758411,88.2843410708166
33672005983.0,3,299602.87104741007,385492961.8109435,58380513.08412424,299602.87104741007,2835.145646423114,61.383454467158
33672056263.0,5,432949.46926889697,713659163.2370622,149764159.8246582,432949.46926889697,2352.371439976118,53.09831917348032
33672076001.0,2,164538.7227208711,172469098.1331701,39041357.9544338,164538.7227208711,1820.0310062014094,63.11676678523735
33672132760.0,2,51851.412294833295,167087513.76584703,53997014.12111547,51851.412294833295,2462.9629515812785,57.68186707422721
33672134783.0,7,671499.6140349203,844652223.1345359,169487875.51310563,671499.6140349203,3354.167492812943,54.78206336059172
33672182821.0,7,831090.1060995085,828348385.4264553,151810987.5085411,831090.1060995085,3287.114136349353,44.859998011027194
33672190751.0,6,545847.7739845456,609823644.7967862,129525457.7970665,545847.7739845456,1197.1093538708694,38.34737999520287
33672194931.0,4,304905.1367309927,468687790.1801911,68798762.67895462,304905.1367309927,1326.666485726622,67.2202177786223
33672199283.0,4,197511.28868623055,485067892.7148056,81337708.65286256,197511.28868623055,870.2339917770696,55.95838377783256
33672201082.0,7,486319.7571737261,959225183.9440951,145579475.98077464,486319.7571737261,2464.928324194229,61.60925975778664
33672242810.0,4,407863.04490287456,483832516.4291265,97108207.88253126,407863.04490287456,3358.9404318815054,46.45684835333876
33672250665.0,1,14164.987951118506,158941059.03947297,10083779.398207504,14164.987951118506,2643.3492058972643,60.32834487570669
33672344320.0,4,393304.91263101605,567267314.1533303,83655464.8827051,393304.91263101605,1051.1434013517542,116.37292034398064
33672396414.0,3,436455.19948340964,355683623.48929644,108697860.40819107,436455.19948340964,2747.971423123708,75.72493192017195
33672419437.0,3,140517.00858522957,366871990.5047405,57999673.36194631,140517.00858522957,2639.6676405811118,44.22073321644087
33672451660.0,4,317417.29702184495,403319263.11431056,78184793.67232043,317417.29702184495,2447.284455488505,71.51580404996764
33672460303.0,4,438950.6858409775,355045905.70820224,80874780.91877392,438950.6858409775,2380.329790495042,56.77240798345625
33672468859.0,2,115450.89339548892,235685598.0631296,84075927.51538223,115450.89339548892,1316.4610916310307,55.52278934654733
33672527341.0,9,776177.2132266852,1002921745.7304175,185038052.1432858,776177.2132266852,3313.0670363821837,66.39484800004165
33672612095.0,3,81818.98365435834,412116712.06532305,43512221.305378586,81818.98365435834,1362.893748295003,38.2703928453736
33672670767.0,5,285779.1095033243,787900873.9249158,126035131.5741812,285779.1095033243,1904.8698851160184,58.83044475470882
33672671672.0,4,252046.40751734283,467549152.7680992,85972334.85405351,252046.40751734283,3948.066498225414,79.9866116788374
33672697275.0,5,387840.5391624573,496948217.43700856,116119332.32685944,387840.5391624573,1858.9120600849067,56.40590409566405
33672730418.0,4,233026.75800172228,605621952.603057,81010564.53733635,233026.75800172228,2631.2072159362538,62.27975397840041
33672744322.0,5,378758.5031043114,697384977.9494085,93366710.31151263,378758.5031043114,2561.854421739731,71.66604898000449
33672754884.0,3,318706.7572099564,415854719.9119836,79835423.63975687,318706.7572099564,2781.08099242101,41.51368755083149
33672784216.0,6,513119.0180033732,859026469.0834875,180968789.94292846,513119.0180033732,2703.1833445015022,80.30487732826784
33672802750.0,4,516013.07999475114,413970229.3803497,93999958.68831053,516013.07999475114,2480.2334987585186,92.87523375874409
33672867959.0,7,584386.4434111234,801023384.1574394,145543139.9002981,584386.4434111234,2628.0125448466833,88.55254221564414
33672926675.0,3,291141.9256904948,357435284.7999111,68197100.80299392,291141.9256904948,3467.09095419203,62.060712410630465
33672929994.0,9,790790.1159694481,1229916507.693085,197763073.0833013,790790.1159694481,1700.9911856314452,71.43732224133305
33672953195.0,6,459317.67514448595,802732293.4629204,115026111.41343261,459317.67514448595,2337.291495871023,47.00126242719003
33672953839.0,4,316760.5469900913,361696259.4729407,88941098.64245704,316760.5469900913,1580.3895174139263,69.24865575272227
33672976036.0,3,202614.31362494337,220464748.99019045,55807858.27805752,202614.31362494337,2593.6475876908644,108.93362713718643
33672994533.0,2,132862.70912479487,396689103.2107956,100520249.89358632,132862.70912479487,3368.469829864621,20.742138792377954
33673019115.0,1,12201.055866378169,195139751.94917724,40164850.19040439,12201.055866378169,1130.7293955723312,32.676780761724395
33673020641.0,4,161216.98392029462,549888269.256397,154634501.89923897,161216.98392029462,2344.3634707935717,106.99160143919909
33673072616.0,4,319884.8544215786,579058157.1891702,92083386.80012241,319884.8544215786,3625.4839969336417,58.562421852338005
33673105980.0,6,486058.9882684628,657316361.837721,142976599.0490535,486058.9882684628,3753.7149959551043,60.52176775699335
33673131845.0,3,362704.48802021006,367387473.43082345,90227633.60546264,362704.48802021006,3114.9360823430216,64.23473100271927
33673135532.0,6,346379.3882171013,796185502.1444707,147721176.7259101,346379.3882171013,3139.660792563373,105.24914925804076
33673203558.0,8,486165.2915158927,721888758.1148357,203326825.30930772,486165.2915158927,2810.2919804771777,62.94724222892708
33673213072.0,4,446368.9707786694,375846641.5962063,70853784.3973872,446368.9707786694,2474.376328565279,29.910029945889043
33673292404.0,3,106628.77181313091,439185754.48937964,92873909.26865879,106628.77181313091,3169.4114358026704,35.84779125774249
33673349631.0,5,321922.06176843063,621286317.7488661,99721826.48534763,321922.06176843063,1972.8788147953844,63.70031231177209
33673362116.0,3,259967.88507737324,281881812.3969088,38836500.970369846,259967.88507737324,1591.2050833683443,49.85084540342228
33673388426.0,2,40902.88189108645,256673722.22564763,78548393.4352458,40902.88189108645,5815.905442491585,81.61796160731623
33673391073.0,1,266716.34178263147,150348666.1117155,25502308.91218017,266716.34178263147,448.0666628789625,78.11401353174088
33673442983.0,1,266716.34178263147,149926174.02408153,14861303.704127168,266716.34178263147,972.0827387429416,41.76660918192981
33673446855.0,1,94122.43589407673,153161634.7825625,28697892.5518917,94122.43589407673,2664.982860082946,83.5068840531924
33673467903.0,3,173186.06083090304,316576919.02591956,97724816.7754361,173186.06083090304,832.8456794118159,53.656235091252874
33673475441.0,5,401212.46182229574,483852977.26550984,124382998.12223007,401212.46182229574,3004.1722669011106,88.08782986805248
33673546819.0,3,287913.46890979476,397005732.4909071,76674126.55232735,287913.46890979476,1312.809947458277,84.42336112710522
33673607605.0,2,127088.03767788291,208088708.1774397,28776573.682824433,127088.03767788291,2489.08552651361,102.70291917479861
33673640055.0,3,185008.9714607669,379102344.6298276,80888180.02209747,185008.9714607669,1474.8716302709934,93.33096178234963
33673644057.0,6,435225.5302247634,752666091.6594484,114969942.18892969,435225.5302247634,3394.7700766304392,61.841504351249654
33673655986.0,3,144997.2969034991,450523328.0658964,80995576.34044112,144997.2969034991,1906.7897663382746,61.363976190323626
33673842020.0,3,352597.42456827493,297692808.5767114,75421521.01859064,352597.42456827493,5397.129844002627,115.47228605786431
33673848248.0,5,730498.3694047397,482001642.82788956,127868993.67610884,730498.3694047397,1545.856606220117,48.44393333485404
33673881480.0,1,102492.32848643948,194103823.9862043,22378814.63174861,102492.32848643948,4088.8058510197775,26.351231503125785
33673923119.0,1,56221.28398966172,96677200.0229966,36035675.0827034,56221.28398966172,1692.6365000250214,49.98126936282055
33673967150.0,3,111519.44923002864,380402335.513115,80906713.42216974,111519.44923002864,903.7439703574634,47.479150552296936
33673975459.0,1,13877.532012890506,63466706.62629317,16424791.90206926,13877.532012890506,1797.0357501268345,40.18411031150178
33673981206.0,1,11125.701634394349,189700939.11634943,20747481.80004236,11125.701634394349,2645.8201030077203,66.2084972842261
33674119240.0,5,491224.19345450116,591756307.5740511,126806005.22981639,491224.19345450116,1679.3462363149629,61.32119514685853
33674164715.0,4,172527.0116493574,622303632.0509925,80712472.22600323,172527.0116493574,3025.6990847202355,45.84116705738937
33674261658.0,3,104879.58564287555,349788400.9983684,57477296.20409238,104879.58564287555,1688.4644197134512,80.0182080431939
33674274067.0,2,31432.02007372048,402784686.3402014,44890579.419811465,31432.02007372048,2008.3284518855003,24.738779482564734
33674276431.0,4,130672.7172663193,552254201.3943723,54204600.37570736,130672.7172663193,1826.3142776602335,39.47620625620956
33674341005.0,2,76761.74840237276,218104272.91498718,64975712.63771959,76761.74840237276,739.7024590685155,81.84223916140131
33674356138.0,3,405665.35052290536,187669280.80789557,74883859.46093851,405665.35052290536,3736.799963577289,66.75064923427666
33674365536.0,7,422503.47913410753,790529348.4927843,157982519.36424872,422503.47913410753,2671.8453033499814,40.87846789822993
33674413145.0,2,74806.47250803112,238099522.0112912,37284444.729034506,74806.47250803112,679.3890727494694,76.56915364261715
33674416144.0,1,44747.16096414959,233718271.45994523,11003495.252233109,44747.16096414959,2608.055788464881,20.02507470591419
33674437248.0,4,380613.092515922,671796762.4063885,74959716.29017584,380613.092515922,1591.8939282472725,88.8875048223159
33674445751.0,3,127426.7292980383,325495026.90192837,72157628.90319836,127426.7292980383,3796.8481568389857,51.35381925784827
33674447435.0,4,722543.8157450897,636272546.1519104,77432492.57847455,722543.8157450897,3089.3392603819752,82.92357406207998
33674504149.0,6,285071.9445385055,675183128.860897,138501485.44913813,285071.9445385055,1339.39006488731,64.73327976334424
33674505778.0,3,298908.364962346,539239215.3382765,70031072.21278535,298908.364962346,1649.1035030136984,47.75533034066171
33674525468.0,4,602080.5327167893,598406027.7982507,133829692.17323913,602080.5327167893,3495.447084046734,74.1236322122698
33674528007.0,2,132922.84490643692,199878372.65662,41067523.00869588,132922.84490643692,2679.203448658244,52.11595967232175
33674587277.0,3,111536.15374339285,244754616.97661662,55992587.966487,111536.15374339285,1901.2261199887707,50.61592902972109
33674623935.0,3,357454.58333752194,372410603.6019903,48263173.28307854,357454.58333752194,1911.8285906084075,71.04142009653488
33674674115.0,7,1135091.1807268,838919331.9783349,149371619.191911,1135091.1807268,2569.805718686354,61.24515962524522
33674770179.0,6,427417.62583688484,660371885.2766452,174673233.24026296,427417.62583688484,4289.485364055911,70.1919696764602
33674785345.0,4,595638.5201122754,579533366.1688701,99856770.45208743,595638.5201122754,3003.507311806985,41.12913172916026
33674812392.0,2,203496.6753693837,234709883.6708957,28498999.787763752,203496.6753693837,1923.02184340586,71.24368341545473
33674825507.0,5,442473.1722936927,561697560.458547,142789138.4779786,442473.1722936927,2792.9802600281314,56.36083765032142
33674841271.0,4,304143.1765762217,583970514.1384358,102381617.01698418,304143.1765762217,1565.3161736267402,34.3996266175274
33674884070.0,3,214367.82851658514,259379808.07842502,99444066.39749865,214367.82851658514,1294.9821974581246,54.66488005674259
33674910615.0,1,16402.640084568615,240233093.49389568,30193175.60732811,16402.640084568615,852.1226785945818,50.82240260954859
33674916908.0,6,631719.3753297741,931790846.618129,103815745.6061826,631719.3753297741,1822.4096356874777,87.72576586477341
33674991256.0,5,467817.6867111443,588066175.6882569,124905699.25462595,467817.6867111443,4709.398010879753,44.00764921871346
33674999068.0,3,108017.44683531107,360838229.17667335,105427982.18990254,108017.44683531107,3704.9048929126075,105.67920556099824
33675062907.0,2,90486.42680475861,330791840.14210665,28621449.221167557,90486.42680475861,4001.5681030271326,48.020172164225556
33675065901.0,1,114020.82378579747,65689372.64099298,12105961.333762592,114020.82378579747,7081.8950763463135,16.978042701385895
33675111328.0,3,138189.33716299842,455409119.72919077,70265168.16687518,138189.33716299842,1971.6102711006477,49.7602137816084
33675147039.0,1,24389.3036153188,152816748.2411552,31303013.04662954,24389.3036153188,3482.8246526284256,94.99466273357086
33675147544.0,5,483466.5673588986,725494456.6705034,103869895.25545534,483466.5673588986,1950.4296238983545,90.08370368557641
33675170480.0,3,274457.37639893603,583447463.9402682,85612207.33338113,274457.37639893603,2491.914283117994,50.696826674083155
33675174203.0,2,55186.487019527216,223851411.43408233,36361381.483691104,55186.487019527216,3793.9542204865024,122.58260383386113
33675174694.0,2,229796.44952904966,355753660.49942005,53786514.61590959,229796.44952904966,1829.1178106622576,43.22539423425136
33675176852.0,10,1145422.4648447183,1280802740.386756,232482817.10743964,1145422.4648447183,2775.0995105311017,55.572678732339526
33675244261.0,5,540430.0420187203,561789350.5283,145939524.3388942,540430.0420187203,3406.3271657052887,78.87553912776416
33675257895.0,1,9277.295902878108,93800978.82209256,18523552.02007389,9277.295902878108,3292.01615963488,40.788887170868
33675276240.0,5,595063.0476023413,532226178.97780097,128408283.57526736,595063.0476023413,1488.6362693617143,54.40598422203088
33675293686.0,1,13385.308077410433,66998869.27813952,21820379.71692413,13385.308077410433,309.2234227766758,43.96455083823737
33675304697.0,4,364952.37468461366,446437401.037865,51755950.902420595,364952.37468461366,4169.28162193474,79.9251185376657
33675377052.0,6,715773.1513312754,660855511.8966818,142623664.3794522,715773.1513312754,1464.7919523698877,54.59503568517419
33675402242.0,8,712264.7910400722,950545076.6601129,145366784.33261293,712264.7910400722,3036.53942184725,58.27221875096936
33675432283.0,5,423426.58194209717,715435721.2742337,90716443.23232181,423426.58194209717,2409.149005536026,74.27163483072736
33675438362.0,4,139037.46051197208,300830216.81528103,68454316.74632066,139037.46051197208,2781.319998222357,65.77842107863881
33675454344.0,6,396559.44880808203,569056946.8280686,140987770.8660851,396559.44880808203,1486.887725330821,52.36652564637664
33675489314.0,4,278439.6545097028,442747030.8661572,147472738.64830565,278439.6545097028,1517.0313370898984,71.66764874178182
33675500778.0,2,186956.12201082788,270660401.48400384,42639140.376032025,186956.12201082788,2737.5451709914587,85.75578176525478
33675532833.0,3,333333.9857949631,361909795.72473705,76804241.86946452,333333.9857949631,4048.7300069990984,97.19328832283162
33675541801.0,3,158343.06172748434,345647343.6920582,53234096.07557602,158343.06172748434,3434.6076780513104,62.003519529467006
33675554800.0,2,125900.09626999241,223819618.75467414,63662765.5205089,125900.09626999241,3054.8330875030065,34.743852800990766
33675557447.0,4,587678.366708813,438126990.51618487,84646292.03040373,587678.366708813,2756.307212051625,66.63181548805896
33675564145.0,3,144547.39463616273,272801648.26002574,81093896.3440324,144547.39463616273,1170.6153373613024,78.35219994649917
33675626102.0,5,573507.3972095988,602552932.6813998,90383116.07777488,573507.3972095988,1568.2652815968534,42.488881785969156
33675651053.0,1,266716.34178263147,78132798.29733916,19181953.79759253,266716.34178263147,2869.929448626959,43.08124789842047
33675682867.0,1,63223.83630951569,120417794.08040792,13151963.345143188,63223.83630951569,645.2207895002156,57.82401387921428
33675702370.0,2,243391.7795200228,261986924.5973193,65570494.62110897,243391.7795200228,889.1944185030351,64.93848431472654
33675732489.0,2,42359.77011065699,177120188.28657177,42787348.592624485,42359.77011065699,3228.396327960994,72.91133089034633
33675749277.0,4,245008.40822334483,404268679.4675653,111370465.39842756,245008.40822334483,2590.9032080767815,72.09875902060536
33675812633.0,2,20939.408234484836,307438976.7701512,51279163.580162115,20939.408234484836,1689.4999095525106,66.9476475967162
33675856750.0,3,443449.34109347704,466176204.6328611,60707046.60350463,443449.34109347704,1982.666134622032,100.23448756474147
33675954738.0,1,59850.50998389176,133324876.55649376,20035204.95862661,59850.50998389176,170.09003628479698,31.165890754155203
33675969098.0,5,344495.9055544032,816433905.9520233,115723865.26415925,344495.9055544032,2340.0696348716187,53.004848416604716
33675972086.0,3,223385.79247499912,334348782.89628077,56365448.351305634,223385.79247499912,937.0006862434697,45.34533448991308
33676006681.0,1,19214.260556860627,67837028.5438037,15858555.504174013,19214.260556860627,866.9071772452423,110.61766980138113
33676009351.0,5,558074.7070641358,705448650.058219,143014687.61185873,558074.7070641358,1561.8710497603056,53.79762559710216
33676088429.0,1,197042.0429421969,63624770.67348694,30871914.609074783,197042.0429421969,2715.1313929806684,51.42458272573295
33676134855.0,3,507288.56706415676,379932371.26727366,80525129.77760574,507288.56706415676,2786.75105108267,43.30939995840902
33676146940.0,5,565370.3770715412,729143131.4608988,120313439.20496273,565370.3770715412,2494.987893792094,49.49338321957534
33676209791.0,3,542386.8687783524,436156035.48130584,67279776.27715588,542386.8687783524,1254.272603261202,52.82986618134873
33676268268.0,6,980223.9689432945,646017475.7336503,134512671.80563402,980223.9689432945,1705.1553022893731,65.40347508148365
33676290435.0,4,305755.3223110733,291373691.5083298,111365499.14138135,305755.3223110733,876.3606266805782,62.445617187045464
33676298692.0,2,95516.9318221136,435953817.6845518,47470498.167655624,95516.9318221136,3995.3877639673015,73.33782824577924
33676318090.0,3,166774.02354512582,241228489.60674945,58340623.09208582,166774.02354512582,4378.167656442672,74.87171504265983
33676329075.0,5,300419.4589876273,672597925.9783801,89223148.03065732,300419.4589876273,3913.19932670819,84.41842830841166
33676346143.0,2,268301.1407630464,159880139.96789333,33601874.57387696,268301.1407630464,1256.4900800738021,84.2679326428645
33676360176.0,4,287650.9949503459,542394396.1816816,99216493.60572803,287650.9949503459,2283.203994230128,59.58302667455224
33676374125.0,4,323631.7917455408,374241855.3216531,97963948.2970707,323631.7917455408,1328.4270732970426,105.76023014203669
33676385640.0,3,189873.4447704963,497341823.1051434,58050846.40193318,189873.4447704963,3278.0321248847918,100.3323818007302
33676401385.0,2,55983.57881279335,280570184.4501393,27242625.189319104,55983.57881279335,2307.2622512441685,27.33187454340927
33676447109.0,1,152271.7928125568,171311373.06249672,20185024.19060448,152271.7928125568,2552.69743649303,49.58430087573051
33676469096.0,2,92870.75817458614,159703608.90003228,31876812.495666295,92870.75817458614,3235.6422152462424,43.8234771974712
33676475936.0,2,168317.53927724448,178582661.54689538,40316834.2108415,168317.53927724448,2739.0265371168116,51.91479406497094
33676500568.0,3,130785.38001108446,396615509.74505264,106891502.8984913,130785.38001108446,1110.939828695809,75.10616497301184
33676575221.0,2,65554.11419655893,283987132.7212908,28674726.784959853,65554.11419655893,874.083706770892,67.9592623008412
33676626362.0,2,259667.7221496902,186701985.15979075,32305635.18147559,259667.7221496902,1849.6099579026059,52.07158835628057
33676627397.0,4,274408.0002859721,512223518.0258936,129663974.7783575,274408.0002859721,2079.7731430812355,83.20472350955305
33676633032.0,7,454338.1410444222,1041857647.7571363,174615220.78551716,454338.1410444222,2229.123608827425,84.47235859427285
33676653416.0,2,326766.5255331905,285993356.7066018,25267728.672236964,326766.5255331905,945.0281150302933,142.49048382673354
33676689168.0,1,97880.97278233984,180401028.4035589,33425645.610205937,97880.97278233984,1645.9331599611082,87.36324969786897
33676777436.0,4,297896.08921966853,466639314.45925725,121401855.89253747,297896.08921966853,2155.7879896217682,67.68943935343721
33676799468.0,3,259068.9182001931,497977396.4147899,48399993.8768034,259068.9182001931,3105.086937152047,54.9145134541041
33676834972.0,5,701524.0190077026,431125791.0526626,129979707.17751643,701524.0190077026,2781.6533635086407,68.81952083290079
33676880548.0,6,392082.4863840894,648681212.6630578,127005117.72163196,392082.4863840894,3003.868872450216,35.60768916618671
33676907755.0,2,149267.75145506067,196420026.3281374,22903439.129260864,149267.75145506067,1698.6380333281427,40.171399954525135
33676984430.0,3,355052.30258352536,339479188.99995226,108694808.93712153,355052.30258352536,1535.199451162047,83.69922344246629
33676994946.0,7,587842.1506381384,1087811383.1402822,182104280.06644982,587842.1506381384,1686.19172440718,59.53231735270232
33677001666.0,3,46677.038606060174,365784087.7454443,79780351.93656908,46677.038606060174,1626.369181576878,57.917775948188115
33677007551.0,3,159222.763523254,257643527.66818482,47472167.9364781,159222.763523254,610.6256635289918,50.95442611812434
33677009689.0,5,875714.7556506168,754106100.6482804,126486627.71735615,875714.7556506168,1688.7227529568438,65.87029406236039
33677084285.0,6,833032.1783175522,654663749.7693778,123274260.93460625,833032.1783175522,3828.075445295776,65.92488312594244
33677105583.0,3,390555.57839117735,378372620.2678447,46418497.805400334,390555.57839117735,1171.3981754084439,65.35489265584707
33677157848.0,2,100937.92844060092,193716350.8633055,42185877.5765498,100937.92844060092,1212.092804221294,59.73519987124545
33677185082.0,3,309062.42412662064,374010303.95602816,46662397.55206039,309062.42412662064,1297.4729815523285,60.53267881133084
33677201057.0,7,888994.6183321569,951702888.5067317,163298856.30206704,888994.6183321569,2397.591069258097,90.40078757867927
33677209598.0,6,356276.8636714854,675448022.3168194,112718528.83284834,356276.8636714854,1858.1137644818348,78.87182849633278
33677225603.0,2,119875.8383127499,334300606.24664164,77082764.61207789,119875.8383127499,1535.5745073133294,110.44166975879986
33677227698.0,3,169889.41062712992,321981383.4570174,66106002.09682079,169889.41062712992,2261.1369340445885,77.2064440877613
33677284075.0,2,346710.769280357,255369331.28574055,56709625.2205001,346710.769280357,591.4861994880807,57.88190475073013
33677342646.0,7,546965.1143721822,1013795162.4111465,167889295.02954793,546965.1143721822,2538.8979154754275,69.27544143870992
33677399862.0,6,619780.7328051177,584894276.3784685,211951090.741965,619780.7328051177,2920.3875987413626,72.4795742107876
33677411050.0,4,591162.6294843971,377064922.0778156,79354247.55923185,591162.6294843971,1006.5155267060807,46.70097951313557
33677480480.0,1,44633.44958275706,226503816.2007453,34548907.69024777,44633.44958275706,7081.8950763463135,114.23574272318366
33677499583.0,3,465945.2597323293,326139545.67916286,82402592.20440635,465945.2597323293,1186.8180289891382,80.00167904644776
33677506574.0,5,458638.40475690935,655328682.9574006,121206864.49623968,458638.40475690935,3060.9359359324576,57.38838446028144
33677511983.0,5,443635.1364883819,621111530.0367696,84682092.87562154,443635.1364883819,4556.434431112405,55.23130708868488
33677530144.0,3,359832.3560415783,391738826.75973177,88430889.21343055,359832.3560415783,851.2610809418601,38.90721728552824
33677552809.0,3,352533.41211860464,382987764.2336288,95981645.0534325,352533.41211860464,2821.938883826068,68.90257431544478
33677606426.0,4,583773.47024265,540944746.392821,80396178.43517396,583773.47024265,1951.3886495090478,58.16704440528947
33677607727.0,1,66572.70710023356,188574451.0907693,44477389.875262775,66572.70710023356,2923.1518808220044,51.44835378880119
33677642498.0,1,57449.47578350647,73112103.01238444,28602966.290286288,57449.47578350647,3405.667065775834,61.32370045530772
33677658103.0,2,187527.5666925062,272432619.91796076,34606918.31457663,187527.5666925062,3100.970197256036,58.25416313113468
33677744469.0,3,234927.2879213486,546499249.0105131,69577932.84121987,234927.2879213486,2077.251049957677,46.4617253462518
33677758014.0,1,36752.60833267829,131838869.32969874,6231992.155113244,36752.60833267829,1524.7175451368407,27.9974268880588
33677775190.0,3,70747.16963453869,354573067.81644845,49676729.690633886,70747.16963453869,1048.7033569647488,111.60334994044938
33677792893.0,3,187973.1432619988,351953127.5268083,56035217.69997473,187973.1432619988,2964.408815801262,73.48858946367136
33677812526.0,6,579692.6695628627,876883161.8415005,86598936.52668092,579692.6695628627,3729.7551128903183,49.927233514647725
33677908965.0,2,77721.46182944793,320744489.9567895,29139451.128001854,77721.46182944793,420.24315706647087,58.68513330456433
33677922032.0,2,119809.48178025674,333456604.1484563,40737701.99084146,119809.48178025674,2977.7376096188073,53.51399091780553
33677925916.0,3,288234.30998305284,278195466.66940504,61370877.81070113,288234.30998305284,3236.203154932788,55.84208838178765
33677951050.0,2,167642.5981762955,157464184.31080422,39229332.505841576,167642.5981762955,4440.167514922725,93.38078132499336
33677973509.0,2,67985.1136917997,179910797.44727802,27988600.280478507,67985.1136917997,1249.8934765127826,94.26235034341971
33677980386.0,4,479928.72323161876,472848865.9316753,98580215.23546222,479928.72323161876,4032.1644773954417,54.092894195278646
33678080112.0,4,587930.0566985068,517874521.7641716,91537985.88902296,587930.0566985068,2478.4563366704456,67.38811856732795
33678082045.0,2,128908.4879130559,162043197.1139872,39780661.770317405,128908.4879130559,1256.3211965544238,39.83157282870445
33678105394.0,5,321515.6349934765,491015297.9917718,133400228.74252614,321515.6349934765,2684.0569307591677,61.70246655649733
33678168486.0,3,192714.0323171096,388545853.5048708,58629846.43399531,192714.0323171096,2375.65518494685,93.90203959598004
33678209364.0,3,196162.66174380187,560349632.4859806,91958175.05740424,196162.66174380187,3296.867061257474,98.18152117817318
33678227907.0,4,231051.51396160247,474748102.0016284,61101617.391813084,231051.51396160247,1433.2868050455822,54.98991828890284
33678233769.0,4,545613.6137619526,518087770.4817469,116346068.221364,545613.6137619526,3036.533693618175,48.59673695095847
33678255980.0,6,591383.5471652359,830865553.4215999,138937011.92854282,591383.5471652359,2277.547230381417,57.28186140103537
33678304749.0,2,55002.80617469562,268514106.33421206,43854638.700530455,55002.80617469562,5435.478438561398,87.23543380890024
33678315725.0,4,160474.92994878895,441781882.2623221,91123987.80608612,160474.92994878895,1654.6840522037674,68.09827180260714
33678374762.0,4,507801.9093823446,676108201.222075,143724059.40546942,507801.9093823446,3225.026636329354,49.535986384180646
33678393246.0,1,34757.631866290976,152134833.9745457,50260124.94679316,34757.631866290976,3994.279949657487,27.624087324961724
33678394024.0,3,546251.1828931518,279813661.49183345,70563204.79435554,546251.1828931518,2007.4701608894104,62.26587487959699
33678452891.0,2,52519.28992113957,297133264.7748711,45658823.02044159,52519.28992113957,3456.6182546126124,89.0847951463119
33678488768.0,4,489705.1678082537,823838893.9379599,94088364.53486589,489705.1678082537,1447.764215106146,40.226621506873485
33678532150.0,6,575446.2396641547,955094345.6409426,121532808.49441853,575446.2396641547,2179.8561997669044,71.36078561090602
33678546052.0,3,169806.9823119706,276116055.21660125,57170439.60297813,169806.9823119706,3466.999945221867,79.12196171793036
33678574553.0,5,299804.07371225284,528982627.1471157,82576320.13105959,299804.07371225284,5834.731151011484,45.1248614564361
33678587632.0,2,148651.34634025395,304714373.56517327,53138653.565029986,148651.34634025395,1882.9927548534588,31.173858353007383
33678599551.0,1,27415.20378641232,49261045.88622101,19910172.64495573,27415.20378641232,2647.602104616909,36.60005868608312
33678660194.0,2,50461.57323303979,325862502.4082104,68039734.98445433,50461.57323303979,1793.5831426232437,44.185842741296526
33678667106.0,3,395306.4762356695,426970006.16759306,71553556.77918446,395306.4762356695,4080.574272226581,98.23863040333701
33678841329.0,3,140897.05505788216,218760161.06334925,76334860.07093105,140897.05505788216,1162.7895301174349,74.13883672626936
33678903155.0,2,17583.219937596063,385378397.246387,45577193.05819785,17583.219937596063,603.9994935146876,63.75445846139348
33678914332.0,2,166978.85106562002,151738424.9510529,42493449.212754875,166978.85106562002,2309.8799924100877,102.20672897963566
33678979792.0,4,379026.20519920887,468410657.1994464,66492609.49317979,379026.20519920887,1194.7170582839403,52.78038382208935
33678997670.0,4,192118.6453932002,533665614.00889474,145456536.83689958,192118.6453932002,3230.4979266501946,102.19216234734141
33679019569.0,3,283357.10567518807,255197377.64946687,74996312.23055765,283357.10567518807,1610.1224686807197,75.84983131011857
33679055694.0,7,541264.5407995027,721858831.1923453,166994207.59845954,541264.5407995027,2529.8938746690897,49.72534901104145
33679056627.0,5,407768.64284604863,712406790.1010243,97960272.09217513,407768.64284604863,1578.2521129003221,66.93697208924377
33679058877.0,2,390897.4520398974,199265242.21476817,47143870.593070224,390897.4520398974,3996.186886419532,39.851748648967394
33679062973.0,6,674312.1892773983,855975175.93091,157092939.15553743,674312.1892773983,3000.559199422396,60.881289515096775
33679069690.0,1,106300.9317491945,98449547.37281224,29220716.684921514,106300.9317491945,142.98561752232283,159.12106293950004
33679070841.0,2,127243.17607822306,229184778.34320307,52531755.253209665,127243.17607822306,1386.9825251948964,60.31242689579997
33679071029.0,1,266716.34178263147,78889973.66549523,11745071.179411374,266716.34178263147,1344.4603496364814,11.667893834425035
33679111188.0,7,802354.4829739784,817959475.5900973,189519018.45586786,802354.4829739784,1525.3488320459521,75.56116422477534
33679144712.0,3,88418.14182991492,228547416.57731837,61266792.8929019,88418.14182991492,5818.195562612872,83.5925550362668
33679170638.0,2,295298.037687025,387724205.1428741,50147373.34669802,295298.037687025,1534.4005111883232,40.59756455648028
33679217406.0,6,930371.608811094,836504420.2215991,151313722.00644112,930371.608811094,2681.7207266409223,79.4705471688774
33679334164.0,4,299069.1539870005,586788679.4656329,82501108.60446593,299069.1539870005,3655.914104127489,55.65599470261806
33679353566.0,4,196683.99652651238,501204179.9215889,56214562.87806443,196683.99652651238,3135.31959325571,43.37373141456845
33679397491.0,4,220122.34845523027,465226713.2975585,121358634.23623198,220122.34845523027,1002.8731031077176,51.7495597358881
33679426200.0,3,167507.8286162889,413886176.61441904,81073644.51068088,167507.8286162889,1965.3972103385252,77.18980079258256
33679441078.0,4,575462.1120306059,532582699.696819,86773361.36534777,575462.1120306059,3510.8912817707856,60.85939769229274
33679448631.0,5,304181.8275794793,493380264.3031508,124448326.66261904,304181.8275794793,3776.3821541018506,59.68262763775001
33679472863.0,1,46606.80191148434,185487660.04652417,20674617.25138841,46606.80191148434,500.3473070577309,45.6449442297484
33679475474.0,3,406125.36832574086,297743300.87786794,55845962.409763575,406125.36832574086,1296.4859916780144,52.23950865407026
33679518245.0,3,321296.62175110844,294807142.7605388,52001264.99582625,321296.62175110844,1961.8075650152093,53.25229748574737
33679537252.0,2,214015.9895309269,198519864.9629014,41428153.872802965,214015.9895309269,2842.889046665774,29.940981291193054
33679551130.0,6,487524.7651282321,616433189.2288715,111649130.30744399,487524.7651282321,2870.566573327256,89.5573017257215
33679562616.0,3,92331.84532541162,432264651.1925733,36505422.05588867,92331.84532541162,1408.1614206104396,89.68476642104963
33679583832.0,7,597347.2418647379,762508913.623954,149074333.17045847,597347.2418647379,1797.7219940389725,66.42036022084265
33679739572.0,2,246411.97599741456,166759401.2593432,34628768.18816518,246411.97599741456,3792.557684690632,34.237367794998896
33679778859.0,2,324806.9857869718,205596970.0559563,54105870.58703547,324806.9857869718,4853.397272695067,42.0472805354284
33679790583.0,2,180324.7607448448,130840369.75990039,47921276.59541349,180324.7607448448,1356.211430271345,109.96676575036105
33679800140.0,3,553542.9515895309,401527855.72286874,69140362.40435714,553542.9515895309,2886.7033632883486,103.82602375291329
33679863927.0,6,963468.4626990156,605877226.3259424,153954996.21002764,963468.4626990156,1262.9580594455037,83.45237023562301
33679872506.0,2,86648.42250348505,287964471.144997,49943259.30532503,86648.42250348505,2770.4376012199746,85.06735528617449
33679913666.0,4,413081.9509644984,422122649.27371025,130534061.43302052,413081.9509644984,1870.4838636052682,90.27491152064925
33679953044.0,5,465385.2744907815,746234093.0184046,89038717.58417517,465385.2744907815,2344.5743951512786,62.832775772977
33679963054.0,4,249587.21070980697,614655827.4969795,87265618.05406393,249587.21070980697,2240.9487397383555,63.24598263981791
33680001235.0,1,151830.2805463935,92155346.22156702,24164637.621624976,151830.2805463935,2043.5340466857967,18.920808977032785
33680001342.0,7,464934.6938537613,918346506.2267225,200278448.35075656,464934.6938537613,2701.769084166536,48.82361242865841
33680009467.0,4,373968.55175385275,565384337.5737989,89479766.50362852,373968.55175385275,4660.597497227631,87.16736287974243
33680016224.0,5,346569.3089348038,556528681.8230076,101332180.63445663,346569.3089348038,4623.219438475876,56.29940766349681
33680047063.0,2,46513.928757794914,269682423.91243553,76223012.05605465,46513.928757794914,4306.425870062566,74.20834888577602
33680189955.0,4,369409.39009510836,552986196.0477624,87308203.79438323,369409.39009510836,2276.2943090124363,84.98703888712043
33680231815.0,3,358142.96793518553,668234757.4885719,50209861.111112416,358142.96793518553,2573.483122871301,73.28997291223934
33680286689.0,4,427383.69896541594,574957607.7379775,69038773.98972271,427383.69896541594,2461.3941816061565,97.90100365443277
33680318880.0,1,194461.27421322803,59742562.08059762,19389488.959809523,194461.27421322803,3309.239636739483,77.19960767592758
33680321747.0,6,290966.1365241447,913278821.91349,134412323.2247301,290966.1365241447,2342.291554071265,53.01142145845057
33680337892.0,3,174506.11558722355,364375159.40216696,84307487.51637504,174506.11558722355,2711.89576847456,78.15734949637495
33680366045.0,4,343519.960957576,392022796.9073578,50183661.934818596,343519.960957576,4024.8982812580302,78.22206361704039
33680373772.0,1,138085.20702965444,76984798.94816738,17654905.658788826,138085.20702965444,2642.603332412521,14.720915549975668
33680379073.0,1,45059.06767961429,112149698.99308825,20055277.74541936,45059.06767961429,155.49150442810873,87.39601869093994
33680393185.0,2,287657.1848237001,278655837.81551284,73213880.49617697,287657.1848237001,2242.5400522945047,36.97886391364261
33680503913.0,3,336359.5001411262,357460437.9151095,51929089.451043196,336359.5001411262,1671.0851568898713,60.358802135088816
33680560220.0,6,469418.90105220693,733048361.5662112,142387215.12015796,469418.90105220693,3029.2905613775424,85.08932889313594
33680605469.0,4,195009.69875011392,773120007.847401,102352385.42376308,195009.69875011392,1255.9707296774327,25.93512280022435
33680612021.0,3,104593.74307568552,507306086.3664367,73280811.48455757,104593.74307568552,2445.7441383298237,34.66392028420133
33680635601.0,9,931454.0165113389,1543741390.4146981,173378748.1061621,931454.0165113389,1811.9499273306935,79.34646530286858
33680638665.0,3,499111.36231689644,343247020.2916726,41933545.43791257,499111.36231689644,3473.7777032195427,38.815634277302266
33680706570.0,5,382332.6803183673,673826526.4622084,127681742.38682681,382332.6803183673,2594.4995412608105,43.42398484244048
33680721464.0,6,485199.035903819,617385991.721061,98942564.26341866,485199.035903819,2516.8529997851833,73.56236845806826
33680721474.0,5,231339.46748187608,482164924.55862856,128206761.28496087,231339.46748187608,3728.127962871382,47.142855533844056
33680734518.0,7,332176.8581656912,750422022.2670376,196391995.5848865,332176.8581656912,2735.453593917837,65.50472407559761
33680760251.0,3,290427.2453900803,281497481.24005127,69362176.42354795,290427.2453900803,717.6982100377791,49.86893591002013
33680781141.0,2,165825.724357386,189288360.76629186,31836821.016874343,165825.724357386,1353.7924889889368,26.698327404452744
33680790126.0,4,236366.194903925,464536052.6898801,63541414.10452317,236366.194903925,3283.1721527957366,47.980330543622685
33680805040.0,1,144503.73384757576,53780567.49163669,25174368.214610863,144503.73384757576,1459.5843602336013,124.92053079306456
33680860062.0,1,103812.9475319198,74209667.02105628,28648649.722363148,103812.9475319198,3247.7750695167906,91.57792934459098
33680873920.0,8,635227.8361566263,1157238514.4433324,164414980.56863198,635227.8361566263,1785.7426188911913,76.70953227248313
33680897827.0,2,272950.50035966415,325786375.00579375,33791993.932266854,272950.50035966415,1742.876426021749,39.50581934261322
33680941842.0,1,262994.72976675327,148977461.31355312,17499495.942595668,262994.72976675327,5958.664858655178,34.89140073080738
33680943106.0,3,379233.1814725519,477441385.3317175,78794932.39502701,379233.1814725519,3670.5528875665022,47.2831437680856
33680977316.0,3,128250.86159934799,304009884.9386932,80227634.33784524,128250.86159934799,3012.337533097849,80.9129768472951
33680995266.0,4,439062.6738884156,471348011.6572361,56657603.965350285,439062.6738884156,895.3869441931795,49.0937467934191
33681009243.0,3,223123.99777148615,375977259.8475976,111731482.13326985,223123.99777148615,640.1606060713173,41.69141888911437
33681021806.0,2,65509.666328910855,223143007.3067168,45299100.23423854,65509.666328910855,6241.725331000098,94.13477833607661
33681086130.0,5,555710.6540990798,459490845.5218761,136864012.88628674,555710.6540990798,1781.0924296863734,54.108862629900116
33681087566.0,1,124286.25025074973,118860786.9556486,28729760.826841954,124286.25025074973,1380.9524566079897,74.04264874475955
33681140328.0,3,236029.37478602317,510242750.5590265,79683090.14032774,236029.37478602317,1737.6976031327092,65.58152624016499
33681178892.0,6,490804.4656048436,789267307.6176517,169295881.48049638,490804.4656048436,2644.7026718075927,84.06955053177579
33681209537.0,1,96573.58112803788,120428793.849288,20191702.69624351,96573.58112803788,1543.952089688608,81.67915945515543
33681214087.0,3,239006.2958716615,288365515.71695685,61814897.683803424,239006.2958716615,2169.1633378164406,78.28894245218191
33681226787.0,2,71729.77985876861,194807864.24929708,34967984.082611464,71729.77985876861,1218.2213925462768,31.18194199132219
33681240343.0,3,258948.4167952238,391867679.89355385,110585910.68111438,258948.4167952238,2807.261079948899,63.66893397865362
33681244178.0,3,202498.49957356922,360569543.62452686,36153718.16736257,202498.49957356922,4795.974110805039,56.776460769330946
33681247150.0,7,684012.0796401367,738298719.0119786,199393509.15426707,684012.0796401367,1841.4349991797003,49.148017936722844
33681275364.0,7,709551.270289876,1017603798.3213259,155181281.41578448,709551.270289876,1819.050084788347,60.50876362118014
33681297755.0,3,269423.3116620095,310425624.1890485,61957547.26960312,269423.3116620095,2704.612837180866,55.07664521001866
33681335020.0,1,39811.12832383031,38745744.58398616,25108741.74735404,39811.12832383031,778.9918431772604,32.97441609160336
33681370810.0,6,519487.6379178936,635196788.6137242,131732516.70253667,519487.6379178936,1722.9682806389,67.71101168920282
33681415950.0,7,805782.828306009,896588538.6223744,157023278.77527305,805782.828306009,3001.0690771420805,63.41749479439744
33681425912.0,4,383839.8031224554,490400141.95145607,61402346.414258204,383839.8031224554,3422.27992455026,46.123152737889896
33681450611.0,6,651170.4829454849,648042116.1442485,164604355.06245866,651170.4829454849,854.9285264654882,66.92795219051412
33681531065.0,4,273783.66175137344,516829982.0997887,58262002.162986994,273783.66175137344,3726.808444428546,81.82921675311431
33681531239.0,1,202612.62880126105,128679906.96355838,9978580.747312574,202612.62880126105,2136.939896080168,14.572738782841762
33681537554.0,2,330559.7153926049,231396747.41900587,33400140.494678132,330559.7153926049,3903.279713639202,83.55034556951794
33681572022.0,3,237642.5771587744,372312911.82413536,43281406.24326548,237642.5771587744,1744.5617074790173,41.3877010583926
33681572282.0,2,200742.77424890918,226563660.9758616,69587812.67571944,200742.77424890918,5240.025748691799,54.69328057537095
33681709884.0,4,425841.0571263014,537039416.3818815,46349329.5689684,425841.0571263014,2823.456818775896,69.7357099581511
33681766715.0,4,216681.13165665796,648423600.9921064,130201291.53298703,216681.13165665796,2200.9585358010195,44.534782587585966
33681769893.0,6,192210.1130715384,622573465.2630961,132910325.1740239,192210.1130715384,3304.8572677190587,63.37885836010219
33681797346.0,3,193980.67750722653,355217961.78702414,84161750.30000484,193980.67750722653,1116.147491977398,52.5846408180461
33681819939.0,7,554907.4979689881,787204312.6969272,221788452.3724492,554907.4979689881,2640.687791747626,60.68545264238153
33681829506.0,4,296102.69378730346,360723075.21031123,72340859.82124668,296102.69378730346,2164.9387613177078,73.46705388090274
33681894820.0,1,160060.38438450883,91522527.90601172,17053203.06817278,160060.38438450883,3279.544272162668,64.41293747827164
33681964784.0,4,214198.32624113563,422902548.9195796,105452795.3262494,214198.32624113563,984.2134326361282,56.62416652262903
33682010923.0,5,622573.217985103,635841527.6040832,103385878.28247833,622573.217985103,2926.4344952946967,79.30910909430068
33682017911.0,2,133499.67074817157,325828937.5747287,80512934.24358448,133499.67074817157,596.7672995978547,41.97448927872708
33682045464.0,8,456334.38985721313,1043838705.6534145,229379048.6276929,456334.38985721313,3080.3065628859044,66.38082253332318
33682073914.0,3,214069.30411937382,311719290.74287945,116566514.31642544,214069.30411937382,2922.346752677376,62.20551224107669
33682098768.0,3,185662.34663511434,437383782.03699994,59353078.3497217,185662.34663511434,2313.9590450423825,79.8996448284144
33682193785.0,6,708588.8571539494,733021163.7440602,139017677.71770066,708588.8571539494,2183.607899372038,83.57164228605376
33682294637.0,4,275549.2392748004,505470632.50985044,98078958.88580592,275549.2392748004,2027.0134382393064,55.56298519184274
33682325956.0,1,42590.71914889199,74975118.46225607,31800563.96906672,42590.71914889199,294.2595513004601,66.74300475044075
33682347195.0,2,388096.7720842358,324524277.93634367,28674423.708895862,388096.7720842358,599.5323135107327,36.70134521939027
33682429249.0,1,266716.34178263147,173327356.29517585,17216127.303610392,266716.34178263147,7081.8950763463135,21.988986999627723
33682456281.0,3,474480.5826153554,233447788.8201081,83718976.61991054,474480.5826153554,1797.5727863247746,70.2462333636333
33682487614.0,4,218079.50728279166,411133728.367385,115953743.78289165,218079.50728279166,2202.598901409865,28.182254494043733
33682506526.0,5,675821.1068729338,620092351.1618834,117564586.58398576,675821.1068729338,2478.870926229233,48.1577127154442
33682507733.0,4,172023.37902915003,420188610.1233876,96690415.65634838,172023.37902915003,3122.9201245407976,90.80453246295035
33682554179.0,3,41871.76158397314,288056834.59035575,73399941.77618518,41871.76158397314,1261.8616091091496,66.73561976010015
33682562038.0,4,206784.32437013375,471079145.40790796,87382267.55974478,206784.32437013375,3108.5405772579234,38.08518956203655
33682571674.0,3,151103.9084755064,358828771.0885873,58984554.36673018,151103.9084755064,1676.1527229140104,69.79496120734413
33682586911.0,2,98044.36881315042,324495236.7186234,42687084.814428546,98044.36881315042,4803.633724756266,54.72330986100009
33682613245.0,3,126391.4044293429,346986749.8202212,86231664.74517693,126391.4044293429,1774.122177710684,70.72216929026865
33682641274.0,3,314343.6503406492,463279511.89722854,63827690.218513474,314343.6503406492,1275.611325443168,46.57280145921959
33682648934.0,4,276603.3598499679,697358938.2211443,100596295.30434757,276603.3598499679,1128.8502149606352,90.01853763642448
33682668141.0,7,580172.9930885935,732136607.1386334,166979342.43167785,580172.9930885935,2878.7961142943523,77.77959902021367
33682764242.0,3,254154.41436433885,362816171.1485015,65730333.51465616,254154.41436433885,1515.8274509064292,45.156179146416
33682807712.0,3,275293.8114794231,325520347.51435894,49152353.215857886,275293.8114794231,7081.8950763463135,100.20531671287517
33682851397.0,2,260385.83633477037,462590727.0668032,30459288.977428697,260385.83633477037,1107.3131754419728,90.37889906421931
33682888141.0,1,135393.78783841926,69117877.98277456,22549864.812278844,135393.78783841926,721.3976642884976,37.725956432843255
33682892046.0,3,240710.13931750262,456514600.3708985,63166551.26614846,240710.13931750262,1573.7487085225314,63.64934753258549
33682894131.0,5,473930.73908069835,701538000.7937571,104026046.88633138,473930.73908069835,3572.1869384499646,67.80752818189966
33682931048.0,2,280885.7801982482,323718915.91126037,41846180.25676218,280885.7801982482,1237.355131661004,77.92914769172799
33683007749.0,3,303220.803899935,272717682.2861377,35107955.21438603,303220.803899935,2542.7948490010344,111.62821701264788
33683111160.0,2,53988.68322405628,179681457.8984315,59490415.648493536,53988.68322405628,2067.8460994858306,63.48664742342069
33683135852.0,2,190628.52110425307,384466208.4960007,57736722.34531365,190628.52110425307,1727.1485752509134,85.52380274790397
33683143586.0,1,7282.648423616045,58819114.42910838,39409142.14863617,7282.648423616045,414.10008406834334,38.05342160608701
33683150359.0,2,106369.5856413788,321913088.2712769,34981860.583689645,106369.5856413788,1188.3797555855776,37.15536372265357
33683190814.0,3,132089.32077473128,381509081.88304824,81696850.49476215,132089.32077473128,3668.8312156319294,69.86349464267919
33683195232.0,5,605398.7749946596,554431406.0148654,92754977.38161567,605398.7749946596,2822.7146197499123,49.70479951224739
33683204793.0,3,120263.44600243196,436039248.5921485,58425658.10955449,120263.44600243196,2432.9986220218507,58.87782340303408
33683205955.0,2,145763.52579289195,293549012.06755984,62790001.49463382,145763.52579289195,2189.3945567970204,25.704152673552898
33683208492.0,4,151345.43207257445,534154654.64060295,126162080.01602422,151345.43207257445,1474.184915408906,78.55471113460237
33683214389.0,3,125297.91559989682,530235985.64998496,81456497.1175678,125297.91559989682,1441.0756228461212,62.99914399596719
33683263376.0,4,490660.441993829,666100827.3094068,95639714.92182705,490660.441993829,2821.5298359670387,51.37268565214574
33683317578.0,3,321655.3752065094,518881962.7819044,50529716.67259297,321655.3752065094,3075.905940327882,34.656651026046326
33683378188.0,2,42535.75713560336,190011752.13070267,21772560.668184288,42535.75713560336,3994.6996640773004,54.93520958868487
33683390510.0,7,561286.5681607642,808235299.3359345,196904093.01614183,561286.5681607642,2435.8531504097195,59.24706608831011
33683418978.0,4,252759.2244527771,314304243.959549,72443759.79616842,252759.2244527771,2709.72889505487,67.79512440270705
33683422991.0,5,301621.04258217296,534313577.9333278,126728767.98806693,301621.04258217296,938.5806147089927,76.1603010966943
33683476576.0,2,251930.50210615032,241854319.45167837,34701917.05762783,251930.50210615032,1738.5595537502431,74.56087764343158
33683506850.0,2,195418.8613100653,101232036.64320703,41699147.198990636,195418.8613100653,3778.8514534163037,85.49417946362496
33683537404.0,4,313041.31691004813,499816070.5275676,109502355.60142216,313041.31691004813,1460.8233258860994,54.315689626074416
33683545310.0,4,350605.0169547043,287219261.6208298,88431403.05714588,350605.0169547043,2672.2298898215145,64.54138318895347
33683548874.0,4,631875.904445395,654429835.8705366,73088159.53754213,631875.904445395,3916.760379523893,50.05710024880736
33683574241.0,5,642839.017104287,508619545.4548549,139242149.93391806,642839.017104287,1982.4501573763773,70.40521793602768
33683603367.0,1,6265.555184043858,182754128.55587167,25651782.474261496,6265.555184043858,7081.8950763463135,65.42000408241348
33683619289.0,3,68350.8245816786,437970616.6089777,108489605.14947304,68350.8245816786,3606.530673472287,44.545412098280046
33683658410.0,1,17633.661795288994,94428199.43045524,50260124.94679316,17633.661795288994,524.866034264203,24.610781461322112
33683663899.0,6,490742.0423250602,771770955.7320191,112212118.1557795,490742.0423250602,1911.0107270384171,72.00856764133975
33683665032.0,2,120880.78647995746,387239116.1812087,73747284.68614033,120880.78647995746,562.7597812859215,55.87860821716187
33683678496.0,2,227385.03550492274,225918216.74505126,35065725.707816064,227385.03550492274,1643.3593861463805,83.48716236095747
33683684580.0,4,250052.80834240027,528748659.0094552,77944994.9172436,250052.80834240027,2386.631212772202,65.13719170481745
33683790799.0,5,348076.0383299332,485142669.4543077,99833564.09101352,348076.0383299332,2094.8617211580618,56.503941602498514
33683798006.0,7,368202.2884142268,925366085.5479766,197939295.87757063,368202.2884142268,3181.33276837488,54.81748651122568
33683808608.0,3,142633.54374586066,318149785.8345899,61134048.990790695,142633.54374586066,2773.8337282948555,100.96501059582032
33683823165.0,3,495216.67132478143,286437231.96425045,36058033.16000793,495216.67132478143,3014.846178523039,79.00325258822578
33683851335.0,9,853548.1509742766,1161763728.7209022,218683802.60668766,853548.1509742766,2619.839400832412,60.15118863354956
33683963364.0,2,77479.49390442474,302832912.44474286,49828788.30984893,77479.49390442474,1172.802643464921,51.256885483550874
33683976082.0,4,145551.38949780117,698938725.2853065,94254177.56059103,145551.38949780117,1408.0755006216052,72.94785032976355
33684006537.0,5,208009.55867229155,518243830.23106855,154952764.5499728,208009.55867229155,2059.0144952848195,74.46412692858637
33684023414.0,3,227650.0689263636,330226346.42554885,49433661.0337257,227650.0689263636,1520.3480029391,52.86485709576257
33684042569.0,8,309763.8910663897,853223006.464692,186238674.7574605,309763.8910663897,2472.142587001231,85.7594014840491
33684042970.0,3,329427.47748839436,486317222.50221276,61491688.98986815,329427.47748839436,1414.20772232118,103.90443496848975
33684052985.0,2,55035.07672979034,181549648.60728198,58843970.34865713,55035.07672979034,4589.1355869739,35.32238150235492
33684062621.0,3,156046.65400277218,245512257.6600573,70548954.7585251,156046.65400277218,1073.2742055998262,64.93854102601311
33684080002.0,2,137926.68643962443,98540921.26793018,64967562.61780511,137926.68643962443,3836.3010473972545,33.56503211669159
33684085474.0,3,181714.9810580459,418166072.7178068,58591524.90877092,181714.9810580459,2931.484246748656,111.73243508161262
33684087004.0,4,280357.8858861515,503271855.88389885,109194689.14773099,280357.8858861515,4315.853369455645,33.9445075213269
33684090304.0,4,120563.88097582472,433011863.86568964,79645782.82517703,120563.88097582472,2203.4951864829004,46.98074495484721
33684092760.0,8,414673.5551674425,954424178.7560542,179163569.53913873,414673.5551674425,2507.484527390694,58.066297410516604
33684154764.0,3,353970.34073313326,484225109.15891707,48650804.7038041,353970.34073313326,2159.9257991640993,49.8201008179546
33684170047.0,4,185625.42255280938,421262648.7742229,97746238.78657825,185625.42255280938,2022.882514226847,98.08792392731044
33684193473.0,4,353454.3892773172,723145586.124074,115425338.70770831,353454.3892773172,3183.257378424758,51.996837264823554
33684304906.0,4,420962.0178515026,603675040.0184369,83646596.83005965,420962.0178515026,3518.720768323063,36.373151925504914
33684313640.0,3,123839.70034854021,402306424.8544012,83958403.3126402,123839.70034854021,3061.8607075731416,70.51620812196762
33684380340.0,6,632190.80214656,742503703.4864068,143715667.05734527,632190.80214656,1778.4009929740284,62.59752918758636
33684412557.0,3,99844.74178411505,527862577.41442883,67765965.22845009,99844.74178411505,1142.1046966890387,49.142998876970864
33684488797.0,6,312311.1157277306,746943974.9901878,138808979.73363942,312311.1157277306,2545.2439722330573,47.5837194350381
33684504214.0,1,9604.187797699324,66671228.4833747,25675622.54570615,9604.187797699324,1030.5048700036102,70.45934272535658
33684531076.0,3,369622.9721672658,469118430.7788936,64536750.31564362,369622.9721672658,1603.1508528620216,58.355352662108906
33684583311.0,1,69080.67718814546,74923999.51672922,34242685.40542059,69080.67718814546,1535.4861023601436,64.41293747827164
33684588685.0,3,372149.1685024185,355878263.8532401,73138467.18972899,372149.1685024185,600.4313036164652,38.859257354115734
33684645629.0,7,517964.63131478365,716398046.0653579,122080533.71397059,517964.63131478365,2025.349611728387,81.71552584303075
33684652023.0,5,427725.14307838696,420542046.5711483,115859675.79120414,427725.14307838696,1716.1415433219377,67.20925346981866
33684705449.0,5,295613.3138336753,526801803.712582,106682042.41617346,295613.3138336753,3814.2565485390646,44.1776081669794
33684815222.0,4,748075.5433913607,694693743.2231047,108112837.95962963,748075.5433913607,3835.6162900379504,80.44433307478494
33684842172.0,3,169085.94504771676,426038990.1310353,66196577.8933248,169085.94504771676,2182.3112808716273,107.25945466752994
33684926168.0,7,697519.1333277423,1211142269.2041519,198570331.93284115,697519.1333277423,1396.0722532453947,71.35552262486054
33684936358.0,3,135453.5114021597,288539221.66533065,50984686.561465584,135453.5114021597,3313.5013536402735,46.19766757384651
33684993343.0,4,346415.7169467489,676727435.5489724,130972704.94401553,346415.7169467489,3649.6215172630505,78.35285439321174
33685008148.0,9,403552.5822744146,1028028154.4566042,208599890.8116476,403552.5822744146,3107.1703054583095,46.67388949797161
33685012933.0,5,621830.5305706726,667751345.5642381,138112402.16947737,621830.5305706726,2021.157822403949,72.24918227376324
33685013292.0,4,290001.9120798055,568337554.5593985,59554563.15457609,290001.9120798055,2142.1611706557237,34.01334496376924
33685057004.0,2,152692.7301233683,269745166.78080875,39040798.54898221,152692.7301233683,4638.580299560321,52.83342787895049
33685092303.0,8,519288.2133188974,1326261328.3489146,243322086.37242827,519288.2133188974,1584.6932718445462,78.56981491954046
33685092305.0,5,594716.5545002697,383279143.2446378,108637705.68477167,594716.5545002697,1459.3134306229208,102.90204588319402
33685094484.0,3,135377.0918175503,324871834.76652384,54153090.17099566,135377.0918175503,4407.553699368174,77.68444508696427
33685111483.0,6,613869.3424926689,651696848.3922536,144204296.29761207,613869.3424926689,1472.2378036444104,64.28199074340283
33685134271.0,7,788418.3752587924,896851280.9101069,178233719.23439705,788418.3752587924,3052.5803574177226,92.63840775393355
33685142815.0,4,128209.33879851364,665672587.2496225,105026511.38675402,128209.33879851364,3994.575158215147,27.120929138156423
33685149843.0,3,154836.65233708097,249347705.32105345,81216308.94693406,154836.65233708097,585.7841670803007,92.61909356425804
33685169697.0,6,430047.1937553413,513806470.2708585,125707388.67497867,430047.1937553413,3014.742972961587,83.16483868990521
33685173084.0,3,176790.21683585402,236952136.92424294,105947761.29103655,176790.21683585402,2477.9617063963988,71.3039424717653
33685176851.0,3,388186.0941942613,420439284.9485095,52223256.89306908,388186.0941942613,1100.9107028547974,51.36089679555994
33685191987.0,3,407935.24963119614,415056406.5426464,85471791.9850929,407935.24963119614,2162.834832151826,47.08610661682861
33685211737.0,3,582563.9964346922,296118078.05953324,62930271.95572229,582563.9964346922,2736.7245981776255,48.26683798019432
33685230621.0,1,41165.33455935062,83592144.3501131,42300578.36771993,41165.33455935062,7081.8950763463135,40.51494515807608
33685261977.0,4,618010.4345626448,481856760.29435694,100050508.95508853,618010.4345626448,2131.004656287455,94.53986801657561
33685304674.0,3,369773.1062884041,277025262.5878293,80444780.34179634,369773.1062884041,3955.225655490045,77.73494200236156
33685306159.0,4,596587.2403134118,636765576.8207691,85202069.5627073,596587.2403134118,2977.170242661344,64.95203925848742
33685356616.0,8,603115.3011333189,1039640845.522704,212230703.3988261,603115.3011333189,2421.673332466259,76.5296686427959
33685415325.0,3,250954.8949045611,628870855.4426394,55220775.232375816,250954.8949045611,2595.52185526564,86.07695095618037
33685421798.0,4,365017.18722923385,630611439.4991139,117858445.30738541,365017.18722923385,4479.576066636895,82.73509904741066
33685441964.0,4,417481.1945567165,516860102.71673894,101430469.4544745,417481.1945567165,1657.7849305583795,48.57363805421104
33685488205.0,4,639650.0432184851,601998339.796022,80857788.28499103,639650.0432184851,1941.1735903133736,41.82983622602588
33685495044.0,5,314218.9360104496,702115589.7091383,99362920.02931875,314218.9360104496,2187.050209152724,57.79385490093328
33685524262.0,5,583591.4031944505,640616741.9959571,100737112.56617106,583591.4031944505,3106.812465960847,80.43494115221654
33685530792.0,4,359847.22909453756,438468755.96583647,76580204.1169953,359847.22909453756,2033.629345123152,66.19836009168814
33685532173.0,2,411095.2970746082,237971406.63450754,39483484.81871649,411095.2970746082,1152.7328926452947,36.3540591611816
33685542704.0,4,485743.524376782,490285902.7918776,139576601.1937386,485743.524376782,3474.616190718825,82.63297861607607
33685566275.0,4,450208.51491026796,614054739.5034331,63701567.28430099,450208.51491026796,2911.513484701485,74.41668106271149
33685589337.0,4,246687.69398847903,422149731.7930534,38418997.21858804,246687.69398847903,2714.6684929743474,78.48681336200978
33685623580.0,1,87519.25161530261,104005735.56027372,11044914.24434718,87519.25161530261,1106.40039054583,34.570914183458115
33685643942.0,1,36481.19407405506,261799199.78061143,26787039.004937846,36481.19407405506,2183.460786738296,159.12106293950004
33685655174.0,2,196644.84039622254,450903578.9215275,56485707.542178616,196644.84039622254,903.6335069795211,114.32070935810077
33685656764.0,6,386310.0384659413,854910285.1614183,138205044.96662766,386310.0384659413,5544.294252382949,69.37129311956559
33685677302.0,2,159892.4083443606,163125270.87130395,34327507.13908564,159892.4083443606,1243.3778714709679,36.128767450689004
33685761695.0,3,266018.98248716776,378269481.6400664,42542222.40145552,266018.98248716776,2282.3457490276683,66.35501059675855
33685779042.0,5,318609.46325064456,609607972.1767607,141712304.6556183,318609.46325064456,4363.315603083074,57.29201380839182
33685785788.0,4,358377.9773508437,657006920.1888388,75149421.29353777,358377.9773508437,3214.0209597286525,52.29006741693391
33685814820.0,2,109657.61124725416,218400095.14087513,56993770.83793565,109657.61124725416,2118.8288673074117,74.00819831215645
33685899393.0,2,26403.038394315412,187521707.17000082,40828582.67098193,26403.038394315412,4181.742813159508,63.6875922092932
33685912072.0,2,97599.58882136006,141235415.30214247,58689692.28966572,97599.58882136006,992.673142070753,79.11324429303347
33685935097.0,6,783919.609115479,888313999.0754422,129436446.66797233,783919.609115479,1759.4938543662213,33.95558975900348
33685968554.0,3,312262.64739053336,258382976.0578068,63004233.69605302,312262.64739053336,2964.4921373311868,73.0693658029385
33685996188.0,5,459632.95186977583,478355795.1581454,90085045.84134157,459632.95186977583,1458.7752152623295,66.80038765292336
33686039128.0,5,526819.4403421921,403331851.9699494,141553538.9666669,526819.4403421921,1892.3680838221967,73.84425292764693
33686070913.0,3,150333.62544777608,370005661.3259046,108275900.60629845,150333.62544777608,1158.3871876876135,78.13216261846905
33686085630.0,3,106456.58200739996,405997975.8178662,58583682.89752948,106456.58200739996,1360.7354692152596,61.83776645572235
33686106218.0,3,204245.44341465575,352461186.7489748,80182462.46510315,204245.44341465575,2088.490019552292,51.32267141945183
33686107468.0,3,568292.8171309512,399607533.9280176,58363037.859221846,568292.8171309512,4370.744306497553,39.64035028331377
33686113335.0,2,87903.17290012295,146535816.8633531,43647729.86558883,87903.17290012295,2968.668237873537,46.07738461178671
33686123517.0,6,506122.76577992924,627911769.8928474,130606372.93855351,506122.76577992924,4597.872280848614,95.40448351715565
33686151696.0,1,58696.70731685689,121809151.61530668,16002322.016998278,58696.70731685689,2518.4681828468374,42.222996568379024
33686165878.0,1,10336.704679806262,83371091.00157665,13406913.56588876,10336.704679806262,2917.6321443107863,41.25043608737457
33686176890.0,5,515470.89310535905,672728390.7480392,80612482.64979438,515470.89310535905,3291.1528995084855,56.122037788523336
33686241446.0,3,106874.58029865377,425292436.32106924,66526218.82608756,106874.58029865377,1661.4847926034147,64.15070680400311
33686246546.0,3,324834.0411648685,411651321.5574509,86311900.87225148,324834.0411648685,1995.4376322367928,57.639135612755915
33686294551.0,3,520508.46530918975,468492481.9909456,77134168.54452768,520508.46530918975,1560.7122623087178,31.737995187988833
33686301164.0,3,446531.47915662825,300847748.635744,44378147.59017169,446531.47915662825,4093.8178445620883,90.26337897666923
33686350218.0,2,107852.7360348831,195156659.58208373,65145444.38351635,107852.7360348831,3702.779429472736,94.41164772314214
33686415031.0,3,365387.21219471266,482857689.07782936,71982888.33316574,365387.21219471266,2692.2695649256175,45.57521922897896
33686599400.0,2,212807.48018409553,211694918.21075988,69875900.43090966,212807.48018409553,4172.6603873756685,54.66396072564147
33686655127.0,2,97448.80259459777,302831540.53368866,86305021.43204635,97448.80259459777,3343.232474967176,49.67186257011531
33686658629.0,10,818829.9020247608,1401093610.6023557,186183709.16385373,818829.9020247608,2142.7142054734845,57.3797918711031
33686666404.0,6,720183.5036202422,877946466.5517193,160307167.6563526,720183.5036202422,1688.7885684265086,79.18868179593325
33686705258.0,2,48246.8022958752,280631974.76069784,38334270.352081805,48246.8022958752,4164.7586092111915,36.95378904935895
33686716230.0,4,320157.30511271406,666497605.7227261,103571899.15413177,320157.30511271406,3281.0587575232785,71.46067904390532
33686767936.0,3,315929.2482703416,442639735.0589049,57718273.39502841,315929.2482703416,1337.2214847458918,63.11257112646344
33686776652.0,6,656263.804673706,696085291.4297364,128142622.1297864,656263.804673706,4282.622404352102,83.30225282612913
33686794548.0,4,526045.1075068468,549669018.379228,107375208.80205701,526045.1075068468,4676.196581164307,96.85730951430624
33686795463.0,4,273737.75278407714,456400444.0485875,95628043.49269274,273737.75278407714,2786.446043288073,77.26452293840069
33686796917.0,5,730106.4383950669,515378111.5947111,86752980.0700003,730106.4383950669,1533.2903861982388,77.81850555199729
33686802238.0,4,428109.4571709455,590931251.2534353,91092035.94830303,428109.4571709455,4530.83105348702,68.94556726264443
33686818039.0,3,273747.823588775,395971938.49771976,67783052.37793961,273747.823588775,2496.948853902047,76.31235198437915
33686835154.0,1,112261.58571536726,153893364.45353943,20423376.8194256,112261.58571536726,617.0094664797507,93.9203032065483
33686893497.0,2,144807.34183596625,202836921.0313425,32777869.08536744,144807.34183596625,832.1784827359252,46.08723747515906
33686914300.0,3,397063.48496955546,330720899.528516,89331591.0274098,397063.48496955546,2136.5979960955374,75.45613455368006
33686934008.0,2,93458.75168955338,455355639.9851017,37133995.3066669,93458.75168955338,1049.4670693677176,65.70424659077472
33686961279.0,3,159189.26217747567,478414105.03666615,67317650.68840814,159189.26217747567,2057.4049671752573,49.28124655036
33686989724.0,6,482996.9360419577,532037623.580076,111352127.50090869,482996.9360419577,1967.628345613818,72.96182677917784
33687031056.0,4,95657.98636508432,575825034.573072,61551584.50279738,95657.98636508432,4214.880543054764,51.20905041019722
33687064525.0,9,1181472.8866027296,966441513.9541056,244649126.42038074,1181472.8866027296,1754.0174290564837,72.80144023029561
33687066032.0,5,753108.0643630853,544238728.1201706,117704856.51253021,753108.0643630853,3101.075603132656,48.83727381592847
33687076110.0,1,120794.37499092823,169756306.3040616,21052903.732618324,120794.37499092823,2239.2711181848467,92.40097925608356
33687170267.0,3,116489.52336994199,343022809.7929711,64911555.571397975,116489.52336994199,2046.354782763917,44.21629834425372
33687183765.0,2,200840.25822185192,245941428.66919503,42668548.90188883,200840.25822185192,1411.4822959124908,54.18973527792316
33687189210.0,1,62601.32653758444,123305420.26384592,50260124.94679316,62601.32653758444,3081.373776888384,64.41293747827164
33687198715.0,1,243846.33207077,87907746.14600389,18538805.885320306,243846.33207077,3800.7714842759847,123.0706512566048
33687202069.0,3,220986.33280966824,272851511.7693886,98111565.1992443,220986.33280966824,2039.0017635008435,85.8751426946519
33687209213.0,5,514609.493434991,591709056.415281,125417346.48971218,514609.493434991,2256.6671749446955,57.81566309562944
33687264088.0,3,348227.9244433077,378889409.06861615,79809243.42149812,348227.9244433077,1817.7711507153383,86.17940683019378
33687273675.0,4,468007.8301246245,692369795.7840717,87599523.76036508,468007.8301246245,1777.769233638576,36.730240011216026
33687275698.0,1,31021.892545185223,175833056.96804065,7573545.618383179,31021.892545185223,2314.947780395464,82.76424224320749
33687277157.0,2,65078.828444159175,243033380.4541905,35622914.398102306,65078.828444159175,2961.163844572399,75.90245354061753
33687309808.0,5,451824.46936042974,529528893.8652708,136613930.71899688,451824.46936042974,1551.211507446607,44.892425173285645
33687337555.0,4,284704.29769871547,583309951.9766753,104904972.0423894,284704.29769871547,3697.8854068235687,42.124349090011165
33687411194.0,2,289707.272018567,187804724.87842062,32537738.009203803,289707.272018567,4177.843074559409,111.76700020888583
33687456782.0,4,384882.20339472604,339988760.34001577,92284364.90295686,384882.20339472604,3441.06429625803,82.99590045664092
33687457397.0,3,291906.9375456933,229388772.4877416,47151661.060355686,291906.9375456933,2962.224085889431,43.93574067707639
33687462428.0,7,475412.0416807483,697419408.7758262,170155564.23317203,475412.0416807483,1704.4668109278407,52.97520165010963
33687498463.0,4,390717.58958807704,485169689.2931982,107778303.1495458,390717.58958807704,1956.7992523123698,37.485985667360104
33687510793.0,2,264597.7012647388,165832905.3163766,37171578.39483052,264597.7012647388,2327.4040314372755,26.08119680731096
33687540509.0,4,465853.87536571524,445825957.5755578,105666202.55064824,465853.87536571524,2282.9905999120683,43.65025399198056
33687582731.0,3,180438.09778569615,302745049.80759686,51691824.448737346,180438.09778569615,2102.627842419783,110.90996310274868
33687620693.0,3,442472.569780606,223769612.89329177,62665319.8081398,442472.569780606,4387.331074836301,50.93717511630706
33687620710.0,4,457087.45887958107,561189044.2442334,98123189.24899454,457087.45887958107,1667.5551400610052,88.0890254123733
33687632265.0,1,266716.34178263147,139633237.22465113,13126673.8577855,266716.34178263147,7081.8950763463135,129.88970247469967
33687633091.0,2,101560.59013366888,326468286.91885036,42270874.73660821,101560.59013366888,3067.4021132667162,25.98629396078268
33687647696.0,2,153151.35437727932,395996202.2774949,25321565.13530559,153151.35437727932,3047.1950087854307,30.86906391232168
33687652169.0,6,306276.83384846954,848725492.5002198,148278557.78241187,306276.83384846954,1550.505503892516,57.25010812711394
33687678179.0,4,267720.82774995116,522457984.9347781,64646122.976648495,267720.82774995116,3147.3447508534873,59.3289811589643
33687688894.0,3,354536.7596208714,493321347.6206886,63650365.86942912,354536.7596208714,3405.6512262685956,55.32707023235353
33687696863.0,4,211645.34167848257,558668776.9933274,140896749.46847484,211645.34167848257,3818.953098263343,74.05285062189485
33687729132.0,4,221933.0420277309,615590290.6801202,82822715.59570846,221933.0420277309,1349.8402246933365,35.337589778458664
33687745411.0,4,163535.45687339216,352699110.2406141,124873328.93215658,163535.45687339216,2812.8816391897617,36.64684846765317
33687782638.0,1,58037.429654321066,109454089.48818669,35209491.30543567,58037.429654321066,371.33560709679455,72.70640165818983
33687809459.0,2,308779.46066998073,118356224.84642962,67521921.35823683,308779.46066998073,985.5455885909545,28.649533375538653
33687822269.0,6,879979.8119589173,1166754409.1617458,115431261.8473018,879979.8119589173,4400.682233614295,49.09748056616127
33687827225.0,6,496170.04008512106,1004515120.590546,154705832.1111336,496170.04008512106,1836.7877641814996,58.32931658725574
33687840866.0,1,16502.334503485232,244333190.64595413,21495655.51172644,16502.334503485232,2323.355384013801,15.753993101593885
33687859104.0,2,106552.8135500154,362704663.7219522,53823427.76882945,106552.8135500154,1835.6608407128,126.57116079418876
33687897542.0,6,1026043.421680326,840127513.8062699,143329699.9673477,1026043.421680326,2227.8649852130634,69.96172065788464
33687906501.0,8,821366.9805855112,1056253321.0040128,202000495.73037195,821366.9805855112,3628.355729377028,55.66074183677563
33687921522.0,4,198626.57630295012,429226538.5770627,70397039.0835352,198626.57630295012,1678.6186283800876,56.789206944341174
33687934717.0,6,305378.79140353156,614671339.3626771,119808278.43381667,305378.79140353156,2038.3507262870542,45.50852552838262
33687937327.0,3,162253.64344100692,290696253.4778708,71812354.1082815,162253.64344100692,2923.763309698242,82.30575756167417
33687960088.0,2,89330.57459505333,217284823.76379564,45100798.380299985,89330.57459505333,2463.1566659358095,49.18282804920918
33687973011.0,1,24579.026567661385,110489205.60521612,24900187.73238792,24579.026567661385,566.9632575647871,60.457482416126446
33687982667.0,4,99957.96130623238,365684652.80148655,99642885.42701036,99957.96130623238,3478.1079061518185,38.51649772346728
33687998328.0,3,418263.1978123762,276096395.5156607,68004713.13179912,418263.1978123762,1223.059712283728,56.05221728941442
33688014806.0,5,331488.6142803672,624508136.2470416,137292697.8198716,331488.6142803672,1747.2911589643652,62.91985737147652
33688021860.0,6,398027.40421320486,565209877.7115595,131229677.32719107,398027.40421320486,1544.6635725764884,54.72490178933882
33688037948.0,3,178954.01081751974,410079619.852134,45747737.79900838,178954.01081751974,2171.8072569441915,113.80184771051408
33688039489.0,5,335410.51137185626,742394665.7199221,145736031.26840538,335410.51137185626,2866.4009943050564,72.87234936325959
33688107941.0,5,148211.03875773758,454337799.3821478,109857935.94929385,148211.03875773758,1664.9449524134088,71.33627297794428
33688110973.0,3,64239.785559084594,395147466.0388734,99741912.32493338,64239.785559084594,5341.168987601199,55.55694619051576
33688113713.0,3,260814.7429520805,579225408.3457294,111368067.15537557,260814.7429520805,937.3575314637847,95.4578954650445
33688127618.0,3,345394.68779122084,266832845.91654012,78310033.972174,345394.68779122084,3516.761591074146,82.84807332586514
33688140533.0,5,240370.66901442228,489362160.06453323,146059651.77025533,240370.66901442228,4150.213220578116,39.14088516751665
33688262145.0,3,372148.52870118583,335603007.08296883,90018846.60119534,372148.52870118583,3134.051791107768,48.21414916946654
33688308332.0,2,186114.69724781695,270898998.0432106,24236801.279606678,186114.69724781695,3275.9110052028605,92.32595743438196
33688326927.0,4,302084.408735364,567788989.1006712,135936621.96469754,302084.408735364,1625.6951873251471,49.072891072727664
33688350878.0,4,149145.77399167485,479442046.08296835,98517875.2768035,149145.77399167485,1549.413713922948,31.131186458846592
33688369648.0,3,198587.736993007,382410978.52611494,75511289.82075772,198587.736993007,2317.525115246256,27.404760916943744
33688384476.0,6,384327.7955110545,716889985.8524067,129057211.9436996,384327.7955110545,1422.504013829096,66.36673245416233
33688414095.0,4,159274.0190105066,484904027.6856189,118758726.04204571,159274.0190105066,4351.886602899054,50.86830732989374
33688427656.0,8,594286.127421346,954819128.93304,152923658.0984325,594286.127421346,2491.5801980893084,65.7880390797985
33688445365.0,8,560348.1285005179,935673542.5488061,208811899.91258568,560348.1285005179,4525.558848537472,74.58024564768583
33688483721.0,5,638508.4108292352,539479212.5005984,97960744.79474932,638508.4108292352,2645.994418268935,53.16973047273755
33688500947.0,3,215515.8214178375,586088068.0842586,92139302.26653075,215515.8214178375,2932.9909722034536,57.346701914948234
33688502806.0,6,546058.3991641178,861574810.0581913,130254570.96794412,546058.3991641178,1780.534018757631,43.850836767140464
33688507230.0,1,28605.6384357839,121639229.28164236,28138153.04892681,28605.6384357839,7081.8950763463135,83.2307278350498
33688510011.0,5,727236.9469269996,499136877.954859,150213962.33144435,727236.9469269996,2805.179035530384,35.30766925500093
33688535842.0,4,506445.2652191037,414973445.42134255,80545143.79404163,506445.2652191037,2021.345560598736,50.986034465085616
33688542651.0,2,340878.53743503906,115883143.774322,32795078.865904383,340878.53743503906,993.0872435287844,100.94182694459539
33688547323.0,4,211141.03698409264,774090580.3352566,59873619.26299905,211141.03698409264,1295.3145156317316,47.01462511435125
33688550238.0,4,171664.50700652527,562944313.0154657,95545376.54896292,171664.50700652527,3423.515933581765,52.84591025459679
33688566365.0,8,985529.1104745027,1083912702.1181643,238132585.80840707,985529.1104745027,1915.3632091865245,52.09690667306416
33688649101.0,2,40988.44213288168,232417492.10744753,33018105.016384184,40988.44213288168,3458.191088531057,92.55148213974077
33688665231.0,3,149475.71356698795,476227719.8477911,71259331.8005352,149475.71356698795,1062.2296717040615,73.89778215668353
33688725274.0,2,176628.96375790326,133789848.91680282,54348129.79736955,176628.96375790326,3891.9341605890413,28.84118246693726
33688733130.0,3,329800.2688480894,466189795.9149642,69422518.40231523,329800.2688480894,2964.4996793269092,90.11578954032807
33688742439.0,2,273850.36430606735,285605074.5934485,37019372.18493304,273850.36430606735,2449.038023343229,84.55879059364995
33688774891.0,6,207121.11919254516,807094566.619565,101141995.70996001,207121.11919254516,3555.2794442243267,69.21773887532058
33688795078.0,2,306049.5536413877,208357381.61013138,26251655.786995523,306049.5536413877,368.57338176340903,83.34304684941851
33688815702.0,3,177335.22857652002,313295815.81005764,107878904.18517655,177335.22857652002,3017.1420656491587,29.909189887899956
33688826934.0,4,436362.65282747097,497372254.2142702,97564780.2835736,436362.65282747097,1645.2721898107047,50.25189093837699
33688846396.0,3,208704.12226593902,309080050.2946111,74191155.8921352,208704.12226593902,3202.5576258682227,57.68743015334423
33688877827.0,4,180265.8022527768,392631843.00310063,86626975.92188193,180265.8022527768,3566.0098125557606,47.51634065491612
33688881540.0,7,1024264.7606930233,910034760.2570027,177160788.10836977,1024264.7606930233,1812.3386669063952,69.26141885713467
33688888398.0,5,415400.50404698984,536756139.2986958,132170259.04448846,415400.50404698984,2157.927105315625,47.49672072949693
33688911293.0,1,29419.67952044934,85283786.99151039,8878276.61351461,29419.67952044934,3749.420246564213,14.914115527187487
33688929433.0,2,175747.37481927813,183196188.87217617,62665389.77747433,175747.37481927813,2443.1976846266402,62.6531749445076
33688931275.0,2,67494.95938431463,126519098.53012085,73657160.45463145,67494.95938431463,3738.4470778380537,50.55274871034731
33688981711.0,4,494417.87414222595,416124605.7432509,78505250.04449113,494417.87414222595,3031.916080621353,45.52098691205571
33688987338.0,5,366853.60133811436,493513631.03720194,118120441.02993682,366853.60133811436,3841.980207196716,38.72913180795925
33688998740.0,5,321520.1995288498,583831118.0976377,160844137.1281361,321520.1995288498,2878.9638554321114,80.392872714924
33689018913.0,5,267638.2706737625,581147900.754211,143579491.53475544,267638.2706737625,2807.6841105267313,83.55960383753009
33689061847.0,3,153125.6176081485,606241450.3340857,88055316.71122465,153125.6176081485,1885.213671973351,67.82609088041947
33689108265.0,2,179545.30071614656,119961844.2050117,47312050.25793596,179545.30071614656,1418.8308390908667,40.21831924005254
33689110216.0,1,86022.69805704261,97337095.44545242,15329742.434293771,86022.69805704261,3632.31469872714,11.40481021398471
33689146438.0,2,177735.98863098858,210878077.78179985,82309685.21110152,177735.98863098858,3631.592005363882,101.70384755624363
33689157203.0,6,618588.2025763948,679217318.580978,161780101.4398309,618588.2025763948,2386.2270420442933,62.38894316885032
33689165063.0,2,319632.9952948328,154899680.87496498,43634954.17771761,319632.9952948328,1961.2524306954783,37.312213383342744
33689214742.0,4,164229.01840629298,405794524.32502085,83121348.21644461,164229.01840629298,3320.35258051665,54.49556797372475
33689232916.0,2,279311.38141383167,298374907.4660074,33557566.49303533,279311.38141383167,1746.4295216410603,83.05120889232667
33689348896.0,2,411118.5505999183,299341649.8340899,39444767.62831687,411118.5505999183,3432.235815332592,26.355942885126453
33689357216.0,4,355791.6405615775,685643184.7226846,110210949.45494634,355791.6405615775,3104.0436888831186,66.38828254656448
33689367898.0,5,155125.02900027443,732938522.3917958,169259161.1436132,155125.02900027443,2346.572424672996,80.36433712815123
33689394364.0,3,363635.5191376321,559111226.6150554,72943855.1298472,363635.5191376321,1308.2476962776825,59.410322562000545
33689452960.0,1,266716.34178263147,98291697.2644014,46639520.08299458,266716.34178263147,1255.0101216897283,119.15184716319789
33689491182.0,1,266716.34178263147,183556828.49099272,6523479.529542243,266716.34178263147,560.294525078197,50.90941826803652
33689534578.0,6,374619.878893632,558357444.9223793,138473759.88002828,374619.878893632,3679.5306217664565,56.46131838897611
33689538531.0,4,166405.94064069403,531140851.9108165,83639481.2592862,166405.94064069403,3812.3344760702284,53.56860729540824
33689540080.0,8,792583.2719128726,894517771.6264778,192650411.88801375,792583.2719128726,4993.010841361652,57.53450876452193
33689557591.0,6,734996.9556416476,720939974.2660062,182599262.1835902,734996.9556416476,2556.244945481452,89.27332383787007
33689569119.0,1,55360.4252510454,167530504.03892162,35399483.72361099,55360.4252510454,7081.8950763463135,87.75989547575861
33689590438.0,2,183027.1428863773,164570583.01057658,55159759.0429164,183027.1428863773,5807.410441793977,44.84407109149463
33689594423.0,3,271953.4568635324,386998121.9394097,49071926.856329896,271953.4568635324,2095.255210599608,61.91173891965088
33689638835.0,4,231607.74347396553,634650263.2453699,79821797.37068024,231607.74347396553,2950.5685725462254,65.11095534981575
33689655365.0,3,160674.10764223596,495056009.6273051,78846915.88159391,160674.10764223596,1348.0027830467404,38.10686417558648
33689659372.0,1,266716.34178263147,136044528.51578942,30079389.06537836,266716.34178263147,7081.8950763463135,38.44994246760459
33689688895.0,3,94889.85893787965,371782322.58804804,78601730.85130948,94889.85893787965,1356.374289019115,43.68489932942225
33689690286.0,2,253594.86817442728,259458381.05578583,38085215.76797064,253594.86817442728,1451.9898362261201,53.41990221014052
33689757501.0,5,420720.9636328957,510541984.8447889,96478537.72655806,420720.9636328957,2571.188794592731,83.66859567545019
33689790594.0,6,657337.8428843019,955162717.8482654,128349418.98454136,657337.8428843019,3235.9693676897537,48.593100642863725
33689837564.0,1,14794.656333712872,106823828.11169565,26927132.68699185,14794.656333712872,7081.8950763463135,46.55466798144399
33689852157.0,3,235377.89081818075,427328872.88103586,66510262.643388644,235377.89081818075,2097.3867362021306,68.07170749901631
33689908991.0,1,89066.12991198391,100134267.28622232,20316396.32826037,89066.12991198391,1113.7176467484037,113.6447310697417
33689945266.0,4,327327.6887336206,592439425.9164561,112306326.00767359,327327.6887336206,1911.240065421252,84.78960488050635
33690021414.0,5,396722.09735350095,668855673.8013222,123680575.02205676,396722.09735350095,2438.5151491967363,70.3326979274987
33690074928.0,7,713260.7425703367,867938532.7335403,180747187.5599304,713260.7425703367,2180.09838359392,49.8507621646745
33690123510.0,7,690759.7444930759,813980961.3264586,195054042.23065293,690759.7444930759,3112.277365911522,52.85676771225892
33690155332.0,3,433950.4912930149,311510197.06032884,88857659.95148322,433950.4912930149,2822.232247774738,54.09025769848779
33690170222.0,5,344383.7695296669,668284224.1838051,105869684.77202544,344383.7695296669,752.0367123147732,82.63338404002664
33690183226.0,4,431521.7245441035,422186054.2422477,100819792.55459976,431521.7245441035,2987.1154390359907,50.76773906520207
33690197726.0,5,449910.6323379685,736838848.586085,125348176.03063406,449910.6323379685,4451.022563451177,88.16276145561905
33690218637.0,4,192317.89727394638,433813263.2278847,94413056.42950527,192317.89727394638,2637.8926249033248,42.61155662897112
33690235127.0,1,78337.54204009689,154351771.83143377,16799369.01256124,78337.54204009689,3411.586744884806,98.90212058784608
33690244867.0,4,216415.7432430035,386696778.5553533,73479870.49503352,216415.7432430035,3879.9373259157624,34.4811067228023
33690246175.0,5,469996.7203224201,503311151.8086585,170389477.52863613,469996.7203224201,2402.688864146002,55.4788332680728
33690256454.0,4,336419.9980968316,361866751.41103226,73718493.57432753,336419.9980968316,3291.4611167394723,72.28461909469874
33690337039.0,7,659606.8365603576,623487162.5421295,123894271.8086185,659606.8365603576,2484.362322212786,81.7252762692813
33690411177.0,3,257183.41118876703,339664083.1232861,66732024.72848573,257183.41118876703,3925.6937960665095,85.0403336689552
33690472702.0,3,315913.11261852423,454693719.8373358,55351496.3319489,315913.11261852423,2337.583680410765,57.91284661212825
33690480036.0,4,388519.6769401674,524566526.55119556,120631965.90113686,388519.6769401674,2096.2194358100514,77.84414380355307
33690497273.0,5,469101.73609142704,523748431.34890276,122932713.35484102,469101.73609142704,2397.469144427031,40.40199827169441
33690535969.0,5,451287.139209739,535642398.343533,118146382.68172601,451287.139209739,2618.3483086773076,85.57634257638604
33690558427.0,4,536564.196229142,491874450.47298473,77650478.4931277,536564.196229142,3351.1764353181834,33.985164349290834
33690566548.0,3,388671.9325415269,468963269.38697946,56468221.37179426,388671.9325415269,3197.5915302902995,31.22935911452092
33690705119.0,8,667952.8824242047,1023133302.4302359,179131629.01536426,667952.8824242047,2420.254364525655,51.05216457922367
33690716715.0,4,506681.044809664,436076381.4914684,158466297.20496267,506681.044809664,2175.508846197695,46.503863046678575
33690720176.0,10,903823.4737436012,1433460395.3791752,194048497.00318387,903823.4737436012,1940.426431318483,50.31277605466873
33690768647.0,5,504596.2851510401,575936902.0326214,150991139.97542062,504596.2851510401,1512.1363364356037,30.44532039176901
33690813044.0,7,596244.9781364523,743031023.8769836,186050004.83275327,596244.9781364523,2603.8147983228737,56.21600049476448
33690835433.0,2,43896.71020339927,205537086.34351295,41384779.973733716,43896.71020339927,4012.222038762028,66.16726721660169
33690836396.0,2,54717.15091070013,238047737.36979598,63577633.32896503,54717.15091070013,1497.9545077872017,80.4762157122886
33690846200.0,4,563046.5434097311,671876003.0278538,109600356.63228457,563046.5434097311,2807.5101869627615,58.78046064234698
33690875917.0,1,58838.80156831187,259454113.40297952,14836925.320259782,58838.80156831187,4210.501923699335,30.458806151388146
33690884100.0,1,11153.873488990435,261799199.78061143,29513942.62254684,11153.873488990435,1025.5751928546051,70.18330027522106
33690890201.0,2,328056.9167426362,142221650.7663969,45128659.970306374,328056.9167426362,1022.709134190357,80.2126036998167
33690925517.0,7,923147.9389603053,863536910.8273609,211142723.59113488,923147.9389603053,2179.0771629186047,63.77308937157089
33690947292.0,2,266353.72379132913,288889861.26346564,59275992.83184531,266353.72379132913,3789.5451155504115,63.05346770900226
33690954884.0,3,226601.98424055678,298270365.7569389,94525471.53904416,226601.98424055678,4405.141330381267,80.63251372636435
33691022004.0,5,212058.85042957705,306006848.5259478,99693333.07485788,212058.85042957705,2030.0232180081052,60.85734917025045
33691061139.0,3,301045.1220135074,587631561.775609,67549966.0683909,301045.1220135074,3882.3324497211215,67.24936188813587
33691079560.0,5,739247.0445782866,598699680.4604043,90639197.33389273,739247.0445782866,1094.522165164389,89.83646362015816
33691121402.0,5,392551.5938993787,497537344.1489422,105659143.09549543,392551.5938993787,3447.4266478672216,37.9178221303269
33691143014.0,1,266716.34178263147,91261988.3197867,20984586.323746577,266716.34178263147,679.526670549212,69.73014559641277
33691173011.0,4,728200.9610418493,433906987.74305266,83632915.93478633,728200.9610418493,2932.8829452875902,62.17925498557466
33691193128.0,4,182202.63809625234,397359714.58862144,75808952.42744088,182202.63809625234,2889.642020532813,78.24266848850448
33691200125.0,4,394545.7132743056,609630549.2550528,97151582.8584862,394545.7132743056,631.8752897153081,48.72767510761052
33691242298.0,3,491904.2960482568,205964773.98525232,86884124.92008075,491904.2960482568,4061.2713066516376,50.14523918801719
33691248172.0,7,576308.5642652881,1025532354.1513832,190459367.38688153,576308.5642652881,1794.6847101452165,48.961057666352396
33691250937.0,7,349097.99620687956,1001550392.1280899,114178705.97086585,349097.99620687956,1283.170287027219,69.4312972072375
33691251088.0,4,283351.7913834945,578925744.4242225,95773383.43542404,283351.7913834945,1941.6767622482876,82.62040800457623
33691252249.0,2,164960.90801112406,435543629.71551025,48615405.95753425,164960.90801112406,4465.0419920454,88.44809234793571
33691266262.0,3,54738.138008165326,365545122.78042924,81529898.11965889,54738.138008165326,2719.4095425297614,82.74216074556533
33691272708.0,3,312799.0466953507,359254113.6880349,65728700.06449409,312799.0466953507,1689.7778291571415,54.96746421762203
33691428039.0,3,216685.27889364504,359161568.49436367,70496402.19980887,216685.27889364504,2727.471713309714,48.29077978175638
33691447632.0,2,389780.6091713959,285895297.00761753,25724295.48587526,389780.6091713959,3655.3859850653334,77.7859080482735
33691485805.0,3,296934.0141810017,405705620.2574232,66055051.51076591,296934.0141810017,2746.8330869755646,80.88101693853817
33691500098.0,4,226538.0032905511,342014619.09113365,98139688.21266991,226538.0032905511,1053.3797412857982,65.36257822555903
33691501371.0,5,410778.78740356944,617173407.2258306,139317749.85417756,410778.78740356944,1442.486936601872,90.81953508662018
33691503616.0,2,298785.52562406176,380605970.4712678,59987863.55734072,298785.52562406176,393.65510043011176,75.96757487944804
33691550308.0,4,263505.7132445922,423513516.6278368,98785035.24647632,263505.7132445922,1330.4721772660998,83.35229255807224
33691560164.0,1,189715.25579934783,82746629.1077691,22366302.129392333,189715.25579934783,2408.187025062948,60.810695827895614
33691576052.0,2,104805.37041153424,167639011.89268494,40301985.22847657,104805.37041153424,2440.357222773815,85.34413236623753
33691597126.0,1,189143.4910787597,200704365.8736524,39130305.32629892,189143.4910787597,2638.7814815042925,37.68676462014636
33691602413.0,3,48743.65815512009,352021762.0132507,64037305.31526886,48743.65815512009,2093.6321185511583,93.00089765706048
33691610372.0,5,722481.3910972113,447282352.6816478,135083546.54031527,722481.3910972113,1189.032973631413,48.28299154715066
33691638280.0,7,347044.5251693585,593307931.6820571,207629418.00984967,347044.5251693585,1824.4510725571083,69.75825614708121
33691718171.0,3,375642.7931819325,323820547.93853885,72754992.49919806,375642.7931819325,1753.1214692177525,62.315010864243824
33691752859.0,3,133239.77114649382,545883902.9796461,77221577.42901045,133239.77114649382,2488.681790016974,43.334324870197975
33691756929.0,4,243489.02356439715,457868623.5742349,123467375.35219239,243489.02356439715,1981.59550675115,61.08555842563513
33691806561.0,5,419970.21097396937,668468516.4920914,105663693.05762807,419970.21097396937,2098.3051319559027,111.60985858564175
33691831756.0,6,434947.9481806609,685123339.6240144,109017622.67523786,434947.9481806609,2250.7365379500166,36.37080120336345
33691861168.0,3,285205.47988166334,509034150.3171981,44020604.7677899,285205.47988166334,2620.4237913337124,78.00426280508015
33691861231.0,3,231764.79033546476,591948540.6155171,92158485.92119765,231764.79033546476,1644.8681328882722,99.25343454643077
33691949124.0,1,117258.56293061658,222929576.30657336,14562799.307331216,117258.56293061658,3674.3985878822114,40.22790476585493
33691955631.0,1,37257.539332090106,66186147.22104311,50260124.94679316,37257.539332090106,957.3407799922428,64.41293747827164
33692008891.0,2,86107.87792593898,219171586.9390793,60989527.16277572,86107.87792593898,1762.656769750492,37.37459857769218
33692030459.0,3,131621.13318967645,490508608.27594066,84210651.3207164,131621.13318967645,3301.2622924097122,75.50869434524671
33692039028.0,3,107772.10715358384,221774620.6900362,60537819.7418708,107772.10715358384,1927.8542960290122,45.787185151877786
33692051235.0,3,247154.455721078,405455357.7415158,53775880.62952395,247154.455721078,3081.1922507917684,116.06722514107624
33692054816.0,5,720279.7562090511,550072860.3873036,138520119.5962529,720279.7562090511,2455.7006479191778,79.41361949098453
33692058636.0,2,170442.62887588234,228402578.09751785,28264274.34658345,170442.62887588234,1577.85194878571,59.624619523785
33692061828.0,1,108332.2429337351,242040491.7066682,13787773.036922466,108332.2429337351,7081.8950763463135,52.379414161979234
33692096675.0,3,373771.68242719694,223330296.41071272,50595604.04527849,373771.68242719694,2133.796962552818,38.73148185147937
33692102991.0,3,324609.7405551262,377234128.4740254,79028764.30329779,324609.7405551262,1526.2048643774262,55.159571940531386
33692117696.0,2,222399.506556153,310693539.8861564,50272776.6717713,222399.506556153,1248.4255732222196,58.828770890715575
33692125254.0,1,72191.59880543483,156612642.66626897,12941408.540559338,72191.59880543483,2440.0846013378205,55.94539939524976
33692162634.0,4,229003.79710795393,413539641.1448726,92472711.09014092,229003.79710795393,1324.9940084612554,36.97723414259351
33692164888.0,2,204733.2885980155,363101224.6544501,53205610.76460232,204733.2885980155,4067.853682695317,43.30705819986839
33692235366.0,4,184170.21642421273,490217418.98781013,101459271.0655599,184170.21642421273,2623.705100040472,73.2322602050367
33692249313.0,2,25444.911191997686,372725143.9887394,52853048.198786,25444.911191997686,2669.9617602395783,49.28750813197424
33692335423.0,4,419908.2462607207,424614906.6477897,137920194.65846854,419908.2462607207,1140.9300799031862,55.30223829391103
33692384528.0,3,216911.45363909128,353105706.5865127,65414343.930702314,216911.45363909128,3444.0845215139984,92.06138086062786
33692396202.0,4,248539.32589483995,405940270.9309082,92376450.6471837,248539.32589483995,1715.2805351650973,61.647860444594166
33692405138.0,1,33781.57488894706,106688909.61332028,7688496.632236042,33781.57488894706,3396.189839205518,64.41293747827164
33692418648.0,2,124596.05130011532,274114482.5811751,53577996.34343693,124596.05130011532,5002.5234785841585,35.732775506908254
33692430197.0,5,510592.77412870474,639726815.3707646,91045495.54650596,510592.77412870474,2510.1722151429826,74.21774510714951
33692434203.0,5,492146.6612668856,499082443.94182295,105534143.48708718,492146.6612668856,4005.962019429177,63.24791747553756
33692438366.0,1,63374.93870743676,240762095.61769885,29432306.214201868,63374.93870743676,673.8143294061535,19.71624755245168
33692438757.0,4,481879.15616543224,437103384.69270766,122216519.3419877,481879.15616543224,1439.756983106159,50.7358311493604
33692450685.0,5,473264.6824273108,651290099.1093861,101843769.00303173,473264.6824273108,1347.1302549326426,89.14923098040451
33692537517.0,4,378337.16175919486,433071194.65403974,100438125.5895909,378337.16175919486,3776.7611787233673,97.690306370097
33692562815.0,7,371690.8620613937,1028285841.8389769,156217008.26972827,371690.8620613937,2223.1753086213103,65.36748906212156
33692572229.0,5,623867.5427982466,533729038.2901249,130693488.17184845,623867.5427982466,1917.0182847176213,82.38142751051097
33692632529.0,2,183234.85495493075,327835370.26411027,55937420.47673962,183234.85495493075,5774.938901729865,138.2804081812499
33692649048.0,6,503522.32187373645,690457126.3514681,131233950.85311933,503522.32187373645,1917.114985172698,68.9835741101352
33692649491.0,1,6569.2687630723285,209665049.7440501,17602867.71161698,6569.2687630723285,7081.8950763463135,81.98978939619978
33692716910.0,6,468911.0572035093,717223271.877536,181352707.00933957,468911.0572035093,3019.9139432173392,54.4167620886087
33692795008.0,7,520534.2965900748,840064377.3418578,160995087.5956228,520534.2965900748,3108.180690435039,77.521554268799
33692822506.0,2,72338.11611148373,168912532.7987101,48863419.58053833,72338.11611148373,1044.6408880151055,31.483490794639042
33692832587.0,2,115864.19321963555,212917949.84319752,23705869.598722268,115864.19321963555,1990.4169398619674,39.700034099919904
33692896667.0,5,454327.94845721754,504396920.0008649,119734454.8072154,454327.94845721754,3834.167766743702,58.640558067735675
33692913877.0,4,395136.2536913054,564540173.3098089,76235095.44894662,395136.2536913054,1955.3340106991518,15.47435469306373
33692932418.0,6,222317.00421507045,750729585.3189662,142790596.86079836,222317.00421507045,2168.784355856849,82.21244011340275
33692959736.0,5,293492.16661839804,599335913.2038904,125743675.85950561,293492.16661839804,1936.1177027366987,41.687109188274704
33692972373.0,5,458598.5636213303,375712740.6544162,153568456.8978992,458598.5636213303,2851.658515311351,64.86915586408745
33692974992.0,5,346720.32672315475,638650972.0641994,84755602.72434005,346720.32672315475,2497.271596044574,48.72825007798357
33693027288.0,4,317851.3687470185,373155837.53834236,107790483.31259736,317851.3687470185,5223.021421864686,81.15497390039506
33693031557.0,2,28728.293217252478,236891797.95918432,48800071.11127218,28728.293217252478,3164.990177376838,21.73322959050835
33693050481.0,3,372254.4769884369,677025391.4784558,99056111.11972365,372254.4769884369,4931.132297156187,51.8885938678276
33693110764.0,5,408696.9391075706,711331356.1996977,136679381.95015967,408696.9391075706,1651.0766932231338,81.76011183810434
33693122310.0,1,59032.25505193664,174695196.14422125,12065588.079951968,59032.25505193664,6084.8027828925615,39.55128536630232
33693139152.0,3,159525.09469916043,318492973.1552274,105260178.54473296,159525.09469916043,1687.22298471913,83.04394142106447
33693144761.0,1,48359.424838037,90928331.81852552,32492370.359244607,48359.424838037,3829.9443371586094,85.84298460815567
33693163963.0,3,185448.5082040817,405352493.2590239,70135231.69170414,185448.5082040817,3458.5804883168553,61.13565955833633
33693173418.0,2,59787.19129900066,364822235.2076926,45162084.2082044,59787.19129900066,1483.9604526594771,42.38391315561491
33693261653.0,6,526045.8055292714,678055652.4330844,142972275.39557615,526045.8055292714,2222.825688270127,62.64129295575424
33693267946.0,2,86008.8481680302,235894955.4100908,73053722.93644333,86008.8481680302,1017.5501159481528,46.750454495496705
33693273068.0,3,295408.2344794052,390147721.2599735,57218171.42831402,295408.2344794052,1404.5742813528275,41.80618570439464
33693375337.0,3,108519.4440894896,332298493.517521,52267624.44938483,108519.4440894896,1992.8305245578674,86.82394710192524
33693428995.0,4,457264.2015286706,516110954.4160156,148693796.45525578,457264.2015286706,2957.376942548315,63.40659989951986
33693463150.0,2,135660.91706786613,201130788.55849308,49390705.884838894,135660.91706786613,6602.28324738061,39.236098048675395
33693494666.0,3,416303.3207075962,487715833.7730907,67858078.64332193,416303.3207075962,903.664940285159,68.56537376108736
33693548084.0,2,93129.88645642373,307006535.4323615,38525103.56421533,93129.88645642373,5127.311433489851,63.91253691979439
33693624212.0,3,381357.24969950656,362542838.3984912,53570416.681966595,381357.24969950656,2295.1739808603443,58.36841389887588
33693629045.0,2,350031.9274419609,182371693.35831594,37164566.17584242,350031.9274419609,3509.9086910745145,48.477463448788015
33693649971.0,2,246266.1992932905,356666078.9089859,63209720.155609734,246266.1992932905,724.9932590637306,81.26608038780296
33693650853.0,4,376961.36910301325,858073987.987299,48539737.481574655,376961.36910301325,5100.186700707602,72.54783489724016
33693665691.0,10,1051589.447029663,1442783934.3124382,278953840.554649,1051589.447029663,3719.065843967723,88.7033660969944
33693667964.0,2,261654.02170092138,294508770.6352862,39643102.20268542,261654.02170092138,3916.8737145356163,45.61830557990861
33693692386.0,4,770759.3492618548,410445413.1967225,81128702.41871282,770759.3492618548,1689.002265868618,30.309239776001437
33693700525.0,1,34049.86050878006,141143575.33111408,16546638.71532854,34049.86050878006,1557.8990424041644,48.89553442961818
33693719991.0,3,147029.9649473587,489571805.93380594,69403682.45866227,147029.9649473587,2784.0279778280947,48.778488064751855
33693721515.0,3,232589.1298253655,380009667.7506479,78410827.56594399,232589.1298253655,3398.355204581134,49.59741664150991
33693750880.0,3,159654.06176162226,492780482.5869308,94026722.42704287,159654.06176162226,1136.6748683434787,80.36919446292168
33693752812.0,1,31487.154989047336,173864960.62231323,29594452.0258914,31487.154989047336,4185.680204863857,9.744329877929154
33693831437.0,3,253940.91883102106,377835711.2213722,75734504.64211044,253940.91883102106,4627.329348517696,60.41378858158108
33693836420.0,1,38315.14240878324,90602037.86006656,19588692.42191264,38315.14240878324,7081.8950763463135,21.54641783904924
33693845477.0,2,125778.55895958579,421285440.018765,31338517.101987794,125778.55895958579,3873.2126432460527,53.321831985782396
33693860395.0,3,160563.76674794834,381912479.4884917,69289003.92621434,160563.76674794834,1258.674109126687,61.584756235821146
33693952230.0,3,264547.38759530225,491361147.48183274,64015444.32538933,264547.38759530225,4911.584807228008,102.23285809510436
33693976173.0,5,501623.11881059833,590566330.9532797,93324272.82780804,501623.11881059833,4208.0588844124695,55.56113250906024
33694078592.0,2,43508.07258149577,362989766.3740172,55171367.91798182,43508.07258149577,3690.611002590093,35.55117016045547
33694111129.0,3,170610.831701795,359327533.95731306,56980487.00422042,170610.831701795,2995.885375365607,70.95883484909373
33694123279.0,4,236638.26135726934,512637978.76361746,101269793.54413562,236638.26135726934,4008.3723973413726,53.89106717373047
33694143761.0,2,285042.34876333724,262488522.5713929,61664319.902555555,285042.34876333724,899.8486358734165,91.08525160869121
33694194703.0,1,42502.92999585508,63336860.80255969,20820590.842584185,42502.92999585508,5412.699318115467,45.42787480219087
33694212996.0,3,241042.62054548122,424942815.47349876,74023326.27072573,241042.62054548122,3496.549489741019,44.212447679460375
33694287147.0,3,246941.13726905288,541300751.9998658,82533600.73086716,246941.13726905288,430.91840676502807,41.61623727647312
33694302960.0,6,381197.67236207717,763990001.7904972,155190953.13133246,381197.67236207717,3716.1763581404884,68.0050245907657
33694328141.0,5,297562.3895360235,596646558.3832605,124766739.84076521,297562.3895360235,3250.0004933731366,72.05728991873445
33694370894.0,5,243491.68723515805,544186360.6289328,109477651.8440506,243491.68723515805,3353.441875482679,85.75101226799681
33694380672.0,5,404209.2756156651,556828137.0909944,118539403.29440877,404209.2756156651,3795.929770324121,78.12451633552689
33694388500.0,2,52355.98988106234,363344974.0086287,51789407.4441812,52355.98988106234,3379.17259859331,106.55692713451603
33694399393.0,6,248321.47663433524,700254398.241711,203687151.55702943,248321.47663433524,2541.5612723464487,49.38693871089609
33694445004.0,3,351320.5569612433,372088361.6697366,56815516.38954568,351320.5569612433,3379.693143469193,60.33141906892641
33694461358.0,2,87607.28128929256,340538016.87784195,23812471.893610597,87607.28128929256,2817.6257749297733,106.1848082981071
33694464768.0,4,183358.15016188563,460416217.40059495,118243665.62693886,183358.15016188563,2349.897727626387,74.72043081676472
33694483977.0,4,586030.1782100274,449071436.9599333,65423581.22492637,586030.1782100274,2414.322294763361,48.90426831540014
33694489183.0,3,151162.8617944413,394930413.3014346,49639559.19096048,151162.8617944413,2048.2117886596,81.06819498051335
33694504547.0,5,219642.1400120578,621486276.8614413,84602344.5242794,219642.1400120578,2129.07369934092,52.654346514789424
33694574185.0,4,646551.4289868978,560156581.9977956,82016650.22814755,646551.4289868978,1908.9999779431234,76.6434034177693
33694605487.0,2,371383.47756345035,321942611.1846885,45373888.405088946,371383.47756345035,2406.6908659672017,94.5912774565154
33694607464.0,5,297025.44776240975,550950142.0520214,119879632.67522894,297025.44776240975,2078.4103232242933,64.00200494591336
33694607827.0,3,371047.4629382851,260567998.43006954,45004756.373527765,371047.4629382851,3412.986902224106,60.55308809101354
33694641191.0,1,30808.38819147174,177354495.45391065,50260124.94679316,30808.38819147174,1272.4606906377194,151.15928643377492
33694656124.0,7,865701.4751846031,831837019.1753924,207574888.85071373,865701.4751846031,2941.6872835764552,57.77116411297169
33694669146.0,4,276214.56466929923,321922194.2206898,85161151.8103948,276214.56466929923,4456.918706235528,57.866509130002214
33694673574.0,2,79869.08440567309,190893187.16963494,41788869.35812332,79869.08440567309,1806.9152273277296,44.26378282519414
33694711896.0,3,147472.98301402168,378995974.9513159,33282282.20984165,147472.98301402168,4050.4936059666543,83.42787727176363
33694729603.0,4,255676.27563391448,434124295.9049673,111375148.36867073,255676.27563391448,2875.3315863122098,62.30938470090899
33694740096.0,8,665196.2032666624,927483884.8145392,197615067.94701454,665196.2032666624,2798.9661311126333,65.33447153397354
33694749483.0,4,332685.3655091528,579607598.6865729,144882933.91643643,332685.3655091528,2672.1482332615574,64.08856888237403
33694776775.0,1,25051.55232477185,105258281.49239522,21094447.06732308,25051.55232477185,2595.390145867513,159.12106293950004
33694823921.0,3,234621.57165623415,465972519.8238835,59261744.598530546,234621.57165623415,3798.581843984497,53.45791586656989
33694890726.0,5,448771.9203179,904769424.020385,104678838.55311617,448771.9203179,2178.385669893444,81.43189441528325
33694903513.0,5,431169.26910665084,693154447.5375575,130062392.76879051,431169.26910665084,1519.5268949129254,65.42912349533647
33694912633.0,3,160714.07481174648,336197080.3431505,64327509.78798174,160714.07481174648,3771.634446976141,84.12744880344295
33694928457.0,8,715853.9898395814,1078454309.34189,183463516.64171654,715853.9898395814,3011.978898347578,64.42720115778697
33695029727.0,4,218871.05184966253,556070447.8309081,64287078.58764601,218871.05184966253,4044.849616355986,52.330454865215486
33695050030.0,4,755523.3851614707,379964519.35255873,59337029.16288119,755523.3851614707,2460.4199448021714,57.7596964859405
33695072967.0,1,132275.9164456764,129923762.70114444,15523846.167406991,132275.9164456764,4845.060600728104,12.572321223926725
33695079011.0,5,315012.18394183455,738172018.4326279,95291192.91525738,315012.18394183455,1698.717694612375,78.28380918707327
33695103140.0,3,116269.04814747236,406582427.3656688,78828693.59496725,116269.04814747236,2993.318071907233,60.735892418376714
33695111891.0,2,284012.2076407068,297520020.28309655,34824102.05723463,284012.2076407068,2386.4204097048714,59.91524858358035
33695129374.0,4,507850.6133012638,508198454.88251656,98952641.02271006,507850.6133012638,2200.270828188595,68.11949576956647
33695138637.0,5,271842.49916219147,454247915.5883067,150276838.12545905,271842.49916219147,3816.627859920353,55.58298227919131
33695157821.0,3,327218.23960421374,329183582.995955,72668408.82916224,327218.23960421374,1877.2414025749706,74.69232071121345
33695183718.0,6,584134.6213940321,780310529.7183148,140445861.22647744,584134.6213940321,3748.923309080914,47.23893223901783
33695218477.0,4,150146.173516727,276484958.22803634,98570150.01602635,150146.173516727,1239.7953745648028,112.65073638657529
33695241611.0,4,492352.9954880862,401314239.60190374,110468363.95769528,492352.9954880862,3168.123710722792,100.92254151995874
33695272769.0,2,131429.73797014751,219089541.1062922,55441521.170971595,131429.73797014751,2812.263159131462,60.369574760714684
33695382256.0,4,172271.23942081496,333432014.45661545,91393354.6447552,172271.23942081496,807.2566242285995,70.93875520739282
33695388417.0,2,42650.77590015224,182301921.72546953,61848376.70815373,42650.77590015224,5803.094774594727,83.57530457586935
33695390464.0,6,829932.9899611673,821041192.8132906,130492317.60251924,829932.9899611673,2272.9820146591387,44.6366314735468
33695407062.0,3,320835.74697078374,299953092.7839142,48975014.750269935,320835.74697078374,800.615540733481,80.69313890416286
33695440590.0,5,467799.8394004744,424522733.36988723,151164071.67296383,467799.8394004744,1623.2572045241754,31.988671591553235
33695447809.0,4,366394.3474917409,591150625.8430256,116770180.49928722,366394.3474917409,785.8808037888491,82.74852227048493
33695518073.0,1,79322.19893416035,118564047.22242469,14225284.310359154,79322.19893416035,5000.417746544258,10.523241159838909
33695561923.0,4,254879.89817395795,609797117.1925111,108202977.0415295,254879.89817395795,1674.2848062767337,63.373989015302236
33695567156.0,4,334024.5477258995,647447893.9512979,99079652.43078202,334024.5477258995,1991.819653884243,74.63866078390163
33695588239.0,3,460267.67293442506,456349037.37945575,71329753.62238517,460267.67293442506,1471.932494472485,63.41986097026495
33695604304.0,1,37409.57564770592,152839944.10484898,50260124.94679316,37409.57564770592,1318.6443753665656,53.552074475004176
33695607690.0,1,10523.985586246015,177038925.305678,17898047.657544143,10523.985586246015,2072.3307545701714,46.18054405002581
33695641772.0,6,446345.321930976,708786924.7357538,134542140.01200965,446345.321930976,3717.2638251722733,40.75068228217836
33695652971.0,3,415389.2027710425,599578431.1783643,44534433.72112843,415389.2027710425,2894.470153334929,81.26923636427661
33695655047.0,3,353236.86090820795,450187166.8905147,48528051.80454166,353236.86090820795,3179.7659509196874,71.2090648139254
33695661847.0,1,13975.475143439371,155650953.0188188,43701069.10974307,13975.475143439371,436.3328668067619,17.99361426059075
33695676088.0,4,242593.1804223262,520363045.1420952,143189709.0851571,242593.1804223262,3334.9927326325947,36.54191932015653
33695749316.0,7,579131.8732886999,821218217.6517035,145826087.5605204,579131.8732886999,2782.2698568950905,48.95643749245761
33695808215.0,2,67491.1037394554,297883978.77253807,47605331.647349186,67491.1037394554,2929.3099814390052,51.10701040450493
33695871668.0,3,199959.7736132545,387864126.98168683,31043274.61948273,199959.7736132545,2525.8683312661638,90.74354235514257
33695936029.0,1,14844.12925330676,152162695.20206738,12331694.172120376,14844.12925330676,1731.0472118772286,37.12699621592035
33695964888.0,5,350960.16416456405,671254028.8990207,145968198.6258859,350960.16416456405,2085.1017590214556,39.837502688196345
33696012533.0,5,554624.1821821126,754940276.6262354,102170515.19441503,554624.1821821126,752.2525285491969,56.3890974288589
33696015965.0,5,342219.9335946353,567966055.5618746,84374619.04684372,342219.9335946353,2617.5399410545215,68.72870697061514
33696017098.0,5,400726.5911274129,615341770.7989742,139725937.29070017,400726.5911274129,3719.7934487550606,69.75434648509754
33696097818.0,6,636565.1312732568,737804465.7691712,118369720.2484855,636565.1312732568,2196.8554490835595,66.72718730792874
33696117865.0,4,333205.8712851442,350123601.1609328,77139453.39192988,333205.8712851442,2327.4077407143404,40.39491922083735
33696131989.0,2,34257.06431568418,195308397.4363233,69602769.2571842,34257.06431568418,1126.6331177025168,37.560879317132624
33696191493.0,4,623150.6202528063,647380331.0836244,118101759.88222377,623150.6202528063,2055.845713847116,70.49183836947188
33696205129.0,1,186718.5479742311,109967252.72482131,13378952.6836274,186718.5479742311,274.61657999394964,70.43695041431587
33696278999.0,2,274475.2455426415,260781470.78188577,45963060.61596079,274475.2455426415,888.0717408001108,39.11520918072242
33696314161.0,3,295934.66414997156,368638659.02959335,85491752.94646081,295934.66414997156,1618.1372668573767,51.22152202318825
33696343264.0,5,421635.39884066756,487410242.0157639,125062788.7547808,421635.39884066756,1991.6280275708305,44.07777147706806
33696357458.0,1,95356.61252382548,246113566.66840053,40941392.00901202,95356.61252382548,1865.562907829317,106.04455915428076
33696401499.0,3,175189.41453636947,381703052.9950012,91069934.94448413,175189.41453636947,903.1273551763412,46.71883939127084
33696404718.0,6,615030.379494879,601493824.8194616,156519176.19463968,615030.379494879,2112.9321659094026,57.346757856666706
33696405050.0,2,263256.5749376841,364852386.92632055,49257257.61324154,263256.5749376841,237.0872970286065,104.03151071728527
33696437411.0,3,67163.33551615835,388887640.87589383,83400115.40471357,67163.33551615835,3285.148544567712,29.86063041485973
33696448549.0,4,367503.71382900566,489200011.4001738,87008662.53189865,367503.71382900566,3118.7699018666667,48.036743099365694
33696468894.0,1,66861.71431757724,215635415.729336,22368171.676336903,66861.71431757724,6321.438512895315,97.92540571359076
33696487703.0,3,373332.5376792499,410112613.353513,103928138.59929952,373332.5376792499,2920.78512190117,67.21578635919902
33696490964.0,3,255072.6198089828,211005945.07755685,60507744.8900162,255072.6198089828,696.0196451378866,40.227475911643076
33696534282.0,7,362321.8379956946,874524572.030373,143837361.92824483,362321.8379956946,2018.5525001573722,77.26584580747502
33696544585.0,3,232417.60487631464,358023787.56640995,67233141.15958816,232417.60487631464,5161.2071915354,67.8863579785967
33696601594.0,6,602496.2795344132,616511010.9288448,227069465.9528605,602496.2795344132,3970.672655960077,46.866182551803426
33696621344.0,3,199706.64272804832,320964972.6103915,46292637.12018757,199706.64272804832,1779.5061787817756,59.66430399726181
33696629054.0,3,240281.8616063017,346347468.9448401,78732994.02946591,240281.8616063017,5099.613869139423,64.20553944098894
33696641503.0,4,338517.94252181106,353038890.3399768,95572849.89551555,338517.94252181106,1916.5439748814924,80.13626093732061
33696656822.0,3,252786.2387762228,363644688.51019627,61756166.27955987,252786.2387762228,2745.0418472817996,60.96049313312094
33696674443.0,4,304170.0123500214,712663160.018147,84083870.95189883,304170.0123500214,2727.7279034811786,66.07972981414763
33696676453.0,4,224730.9421342368,562014437.6598206,115183461.62754309,224730.9421342368,833.4622398675942,69.2532372632176
33696687822.0,4,308155.67471296125,554636124.1808299,70790873.29588364,308155.67471296125,649.3941848587541,70.68312262678401
33696708216.0,6,684356.3773361701,729567976.5024847,129025467.71116814,684356.3773361701,3593.000755470079,45.28316303499807
33696717649.0,5,670334.999414559,507192437.41232884,113663118.77160932,670334.999414559,1855.3852066397103,86.5454921350811
33696743361.0,2,59583.29881300172,208787402.68182534,46585555.1284693,59583.29881300172,1111.0274583226214,66.27211415856911
33696755840.0,1,29710.01448946613,172572570.84240437,12077104.203641018,29710.01448946613,6568.23030131617,47.92598756775776
33696786817.0,3,351046.6955483509,315103877.2346039,92740933.91392322,351046.6955483509,1574.515070365085,39.62100614864749
33696787694.0,6,264911.58339581377,1015891088.975338,159376367.52570394,264911.58339581377,2534.5413004967395,62.47218048207832
33696835361.0,5,651155.7823092097,555789792.7421043,104689478.4608223,651155.7823092097,1471.1224835172463,56.52419267163507
33696881845.0,3,313951.16948088945,579288419.2108604,87448887.37471901,313951.16948088945,3544.2788996602035,95.70119819916148
33696963179.0,2,279660.5947483499,334660007.4463451,39437226.174162306,279660.5947483499,5117.301102406889,86.65213189832697
33696966281.0,2,93967.78253137524,221614784.21248794,53493650.20615549,93967.78253137524,1851.0117211261665,27.7343102137917
33697030560.0,6,431322.3207972931,553240639.1549896,138918122.446234,431322.3207972931,2527.1122116112733,75.8504412002433
33697093473.0,3,150656.12730658773,236566747.8640731,69362206.09938408,150656.12730658773,2329.406484048486,27.67185571593083
33697094903.0,3,67348.15019309203,316941993.89953923,65090889.47903842,67348.15019309203,2068.47683377397,53.779373375947806
33697132497.0,4,252116.9188706674,511023556.8353107,110728834.77214561,252116.9188706674,3036.823620995852,81.47622804357738
33697144164.0,5,412269.48223152896,605637475.6684145,127884877.39219609,412269.48223152896,2020.135562164715,81.34307148830014
33697173138.0,2,93118.00778378511,365213591.51184887,38635074.104225166,93118.00778378511,1543.3243995589564,67.29196921553223
33697182130.0,1,154235.16251584078,176610191.37691423,14937487.80009142,154235.16251584078,748.1478351972756,83.72410643828272
33697210744.0,1,75190.581938299,108555734.12521388,23533243.411480352,75190.581938299,3860.942353401338,130.54256538331447
33697217186.0,3,89753.35109292972,277205975.9481183,73423994.03000706,89753.35109292972,2910.955919664068,35.56300739726827
33697220897.0,5,224336.6686821752,544427223.7335306,111858227.83757061,224336.6686821752,2522.8499611626075,62.20914163935748
33697255618.0,4,232646.01719117333,579279114.0959861,74620107.08619478,232646.01719117333,2743.3832795089957,43.54939825575394
33697322332.0,3,261149.66603662027,413471448.8656325,45730015.506460935,261149.66603662027,983.4292775094158,52.553913464184554
33697338581.0,2,182562.91255283676,187829028.57983905,54227913.108207576,182562.91255283676,724.2281530744749,95.45121912353702
33697349431.0,7,660367.651262405,999938266.1320167,135270175.27559063,660367.651262405,2398.1102692546415,61.747978264791676
33697350522.0,6,528921.2393067703,791908303.406038,146790437.8506513,528921.2393067703,3378.5810172328365,80.37477144497397
33697384488.0,4,299604.65913637896,505064078.63230324,97004190.29404281,299604.65913637896,2507.695371071009,33.862695390057304
33697384552.0,3,138465.20988931943,347029402.3122827,91336443.7161526,138465.20988931943,1531.1711659826722,56.08862960267962
33697554946.0,2,30264.325636948284,118149382.84924626,35560436.633795075,30264.325636948284,1496.434592486239,66.77142916362392
33697558294.0,2,145810.51471474755,163881961.03433055,55921065.31486456,145810.51471474755,1635.4335919049986,62.77803702979076
33697580056.0,4,83858.31178703952,389957927.919667,131806106.33216144,83858.31178703952,2406.5025425478016,49.45652053427343
33697649202.0,3,220369.17610379827,461748643.65008116,58001061.02514457,220369.17610379827,2605.6941124590267,94.48384373702065
33697655395.0,5,600971.5829377988,522909006.41285324,145805068.4405615,600971.5829377988,1542.428655814611,73.86112613917973
33697692768.0,5,548038.9534622648,530764857.1600113,134965648.91847157,548038.9534622648,2835.660651600858,47.8391844216038
33697746642.0,6,563158.8531459458,726618340.0970407,117830507.03851327,563158.8531459458,1692.0395645134984,96.0929864179041
33697753580.0,1,88610.45777932751,106924389.6711377,19669306.69233707,88610.45777932751,1691.941337669465,62.16862187128908
33697764530.0,2,308326.8500244964,178579051.69874772,66499305.7854007,308326.8500244964,617.2769649100749,77.4228526716825
33697767265.0,3,377843.16695948737,217497284.77789503,39306237.24680454,377843.16695948737,1530.4071814529464,80.85037093776513
33697796277.0,2,206792.28766517277,179323221.24242055,30832591.202671878,206792.28766517277,1069.4725613667163,75.65290884775553
33697818521.0,3,379474.1441010919,343197027.9382843,65183699.92292337,379474.1441010919,1987.1162296373898,45.66108658499251
33697901550.0,8,493450.82395176153,1052170074.8413705,172974930.94333875,493450.82395176153,1592.3582725619187,53.49735517623023
33697927856.0,4,342043.04198073014,474965709.19473404,105654615.9060085,342043.04198073014,2302.3863131326325,50.26098750964091
33697929144.0,6,710954.8269619383,754393558.7606691,133037686.24374858,710954.8269619383,2484.0756493832782,74.82655871537062
33697952701.0,2,130734.05804516625,446554620.79911125,37494328.93260212,130734.05804516625,1775.86203058723,46.90145532835511
33697979966.0,1,86942.8613786072,65932168.80314504,17107697.941178992,86942.8613786072,2072.8494917579847,48.427694301035714
33697994960.0,6,679189.2298125068,707679842.885166,148024571.33508164,679189.2298125068,2588.3175904993727,63.669339470447056
33698055042.0,4,492042.5132207145,429787925.0335986,119120956.8772342,492042.5132207145,1426.6418172504027,77.9550152887171
33698111969.0,4,308814.2510857819,468388409.45446813,118297909.61677146,308814.2510857819,1620.7384667563936,52.50564715658817
33698121122.0,2,123758.76914179763,234427666.37805828,58413492.381916314,123758.76914179763,2548.3472762917495,51.64031028068449
33698132129.0,6,491609.2617196991,1095729030.9498415,154818411.7726869,491609.2617196991,1873.604645736322,46.572806514610214
33698132318.0,3,329010.66304770415,249431429.40288043,66528657.303146064,329010.66304770415,749.403126338659,76.33926563631589
33698146618.0,5,376370.0997153361,704868293.6250829,122547173.51554412,376370.0997153361,2325.9040087069143,85.66525429499511
33698213938.0,7,430474.484924629,730631757.5729271,141458416.38989064,430474.484924629,3018.6634397965936,84.0555880952541
33698225315.0,4,321217.9232020634,432950168.1558212,90316760.16838273,321217.9232020634,984.2710983923821,95.29274259600538
33698238972.0,5,608561.3166271097,608494665.0658158,135298827.67007267,608561.3166271097,3584.716405887694,90.40988110471149
33698240465.0,2,146589.15674550494,322651541.5175686,34457890.07372252,146589.15674550494,4520.886654910334,35.90583434098701
33698334828.0,4,423619.0887638907,669535561.039515,146659682.99401146,423619.0887638907,1823.7793541503052,98.78544074850936
33698353031.0,3,225937.62349573482,409251174.70883286,70251729.65497635,225937.62349573482,3369.8383157035764,106.31005093680177
33698358551.0,3,562698.2301663304,399034013.0624668,62366078.57541756,562698.2301663304,1760.4820408764297,41.145219234690416
33698362401.0,3,495527.4830465528,362468659.67890114,49945441.871793315,495527.4830465528,1879.2350705751185,47.831998313273196
33698362656.0,7,619307.8963975369,951594065.1958115,202930591.41479367,619307.8963975369,2702.558484683475,49.18789740556789
33698409749.0,3,160639.64673773941,329631075.16670275,78567132.98815182,160639.64673773941,2192.5641223289936,99.2832116138436
33698511758.0,4,286564.60207064607,492688445.805504,90544486.17487258,286564.60207064607,619.6113970820272,53.714718579963666
33698635846.0,5,643589.855075393,839046449.4560846,129366938.51227963,643589.855075393,2021.5541448025917,55.81701668217217
33698720437.0,2,67939.65768416392,276823803.76882774,49330420.65067044,67939.65768416392,4196.718259245819,109.59706759586379
33698780367.0,1,24377.052237643013,63202666.308524944,15698962.40815245,24377.052237643013,795.5308439655826,60.31832428868414
33698785936.0,3,259179.78475052267,301905867.40261436,48132677.82342223,259179.78475052267,2824.566756108763,84.02875250427279
33698798296.0,2,334440.2865213107,242478095.73310536,33747265.33267153,334440.2865213107,2177.8020529781024,41.82231916184924
33698825083.0,3,204681.16180101654,446311618.1177236,69328730.58105735,204681.16180101654,2067.1379239104344,90.6153730446577
33698849481.0,5,551235.7307566546,583021285.528278,148518975.08505106,551235.7307566546,2707.660361837341,56.52117393852573
33698883975.0,1,27542.57587885428,111850830.23243769,24422051.176716104,27542.57587885428,1958.7679681832333,131.52132498983036
33698917675.0,6,647712.5965821733,639998550.0207841,160873728.32457253,647712.5965821733,2248.162638242051,48.53035269646483
33698934079.0,1,55328.76571510545,80457090.78926966,8277009.282943153,55328.76571510545,2205.018211591602,12.017111263102496
33698997222.0,3,186667.52990118295,221357326.68823925,80341581.95243292,186667.52990118295,3600.8736373404295,93.57488612070601
33699020624.0,5,553500.0196538367,462253460.1854105,135977739.05309153,553500.0196538367,1659.9610739685418,49.9569644983613
33699067457.0,3,285331.7611566386,467516505.9485767,65473321.68286937,285331.7611566386,3146.7372202177708,52.6851052457514
33699089996.0,2,297672.8162797338,195643884.68471837,48231698.4586138,297672.8162797338,2470.8524069718787,77.19576164925991
33699097673.0,3,118104.43046216361,273397490.4175825,40931906.298195355,118104.43046216361,1361.6409146024769,67.84459642590738
33699124711.0,2,73359.56459326064,189851526.17760983,44793972.49062694,73359.56459326064,1926.208642868441,67.80767104943001
33699132960.0,5,434280.5799990423,498378386.43918157,109157569.6427133,434280.5799990423,1269.0233677747935,39.00523734513841
33699152742.0,5,166875.07983461968,523352360.60019535,107047606.7470991,166875.07983461968,2258.7123679315523,57.59508950188556
33699164252.0,9,906110.3330658376,975829579.4808661,181023731.2083149,906110.3330658376,2272.2581722262935,71.37055475738104
33699165628.0,5,325078.79726681253,701874068.4239751,110745353.07522696,325078.79726681253,3451.1766576969603,64.36083081149006
33699178975.0,9,484476.0255507609,1303458297.0498257,238298080.56362244,484476.0255507609,3058.5361360338175,49.844743026627945
33699268367.0,6,304082.12691677094,672447156.2642921,133555619.61599001,304082.12691677094,1779.2572056103284,70.40568297640887
33699268938.0,8,1041205.8799165763,790744137.3861458,245666117.05019712,1041205.8799165763,2744.5224307086164,70.27564515249013
33699323229.0,3,207002.99773652805,396079383.10452795,63898600.842564106,207002.99773652805,3426.0687168362433,64.68917581175293
33699338053.0,3,338904.11287474923,358189560.31916136,68859610.55492313,338904.11287474923,1517.0171733425132,80.44676154802299
33699380419.0,2,200071.01182267966,219881427.49787658,78716622.09893462,200071.01182267966,2192.7738191382314,66.8627335616153
33699381751.0,2,44365.81413344742,235240998.54583722,50900698.205587536,44365.81413344742,3409.7844149961766,106.47811419175763
33699386386.0,5,488628.6952223435,633850776.5529616,106892512.06089976,488628.6952223435,2743.5957110074314,58.35553233204199
33699393763.0,3,60828.165067131835,388357887.7669997,56972280.60229662,60828.165067131835,2246.500908507038,55.69712011679868
33699398014.0,3,273868.5384544835,460232095.14711,71649685.67703378,273868.5384544835,5761.617445392562,50.2006823523991
33699408647.0,6,327474.0505106247,702150232.8682735,125043518.55929382,327474.0505106247,2891.6208602826932,59.86201597201358
33699431483.0,2,144575.85403852625,239562389.6328843,60331032.9246548,144575.85403852625,1534.4846567729144,35.88824518811646
33699473854.0,4,219451.21529720642,762675189.3242118,71650825.44095686,219451.21529720642,1463.085984499533,59.336922024951924
33699482491.0,4,433599.68604517647,604227799.2957511,81824310.47870164,433599.68604517647,2539.5016135431647,41.95555115074802
33699523105.0,4,189726.210431461,549406084.1321468,96572649.81441566,189726.210431461,752.3961138632941,46.230513349353004
33699567715.0,4,590647.019595362,450847268.75604856,103551137.75766093,590647.019595362,4136.81748276203,80.79924346765134
33699583549.0,3,518237.3234950024,360604014.8509353,59643619.29008104,518237.3234950024,1685.1423517578069,70.76788851920314
33699588014.0,4,368372.174541902,700448955.4881384,86656073.2529962,368372.174541902,1535.8129653327906,71.20808328864331
33699589817.0,4,304433.55638338905,391916932.68699074,69609376.56847748,304433.55638338905,2613.951404457195,62.73953888892568
33699595920.0,1,59631.82934326863,132036567.91628088,16766872.10375053,59631.82934326863,855.6622410224071,73.54683276685907
33699605800.0,6,446763.6767823113,697707578.1102381,164528224.0641326,446763.6767823113,2461.593078679187,55.281152531532854
33699630668.0,4,370383.9324291293,415159388.8094884,84664803.76033068,370383.9324291293,1928.4958745271208,52.70408341099696
33699638693.0,5,705297.5258447174,749120838.410935,112277087.63827306,705297.5258447174,1526.290669143431,90.63614033260461
33699681330.0,3,581143.8623277745,483588425.3885161,99835707.97564816,581143.8623277745,5143.596494159682,64.40409295910332
33699729573.0,4,295899.7489370706,451736121.354077,91430266.29985902,295899.7489370706,1824.6018562846107,48.030130036882795
33699763925.0,3,276245.830378407,458783120.9918241,83483958.11688381,276245.830378407,1720.748463442672,56.5498671529272
33699796264.0,2,50915.07859105442,186399888.71194994,44946229.99378172,50915.07859105442,7081.8950763463135,19.62292520394812
33699809441.0,2,229050.3476725269,243396998.65852916,49375419.804905474,229050.3476725269,880.0776638572986,106.68411139770566
33699813693.0,5,465167.86189878936,765842903.5944604,77019659.1233703,465167.86189878936,1737.362953288349,61.81860143638174
33699817241.0,3,92888.12441756939,249942765.5779978,83060225.06313804,92888.12441756939,4761.031537939701,93.68773184744829
33699838873.0,4,256535.72530581558,570060629.8045373,76144216.29236646,256535.72530581558,1213.2304949366835,49.013602293513124
33699843595.0,4,249225.32825231756,329537123.86267304,87643797.69903201,249225.32825231756,2718.5032990995833,69.6266894926986
33699854713.0,8,829145.8322845246,859590521.0617766,198705059.65212807,829145.8322845246,3154.0658919835914,45.93044526274154
33699858638.0,2,195282.92611059558,139410052.94654182,72535685.62298569,195282.92611059558,6133.618477582606,84.96879791032208
33699859624.0,3,147860.304917013,741538486.2602438,67095244.56569397,147860.304917013,4700.843927360496,70.55912463798427
33699884303.0,3,156363.41410931794,407885062.9855007,65217794.978355885,156363.41410931794,2359.4669494997065,93.70999883997452
33699957925.0,3,375459.5627310087,500040538.3119203,80763596.4987506,375459.5627310087,2053.156191135154,46.65829704361682
33699966606.0,4,189877.0257299956,393201241.7055581,96649101.9477419,189877.0257299956,4842.027293511899,42.15630642809255
33699967767.0,3,426459.00243599416,435206960.8303306,33883679.539801486,426459.00243599416,1450.5516440790252,95.73586200394175
